hhid, pid, rur, pweight            , hhsize, alpha, n_wom, age_m, boys, dboys, girls, dgirls, boys_l5, girls_l5, dboys_l5, dgirls_l5, dboys_u5, dgirls_u5, conspc88
   1,   2,   0, 0.9951099753379822 ,      3,     1,     1,    19,    0,     0,     1,      0,       0,        1,        0,         0,        0,         0,  660586
   2,   2,   0, 1.1649307012557983 ,      8,     1,     1,    24,    0,     0,     4,      0,       0,        3,        0,         0,        0,         0,  184847.828125
   3,   2,   0, 1.1649307012557983 ,      7,     1,     1,    23,    0,     0,     2,      0,       0,        2,        0,         0,        0,         0,  398027.4375
   4,   2,   0, 1.6327463388442993 ,      4,     0,     1,    49,    1,     1,     1,      0,       0,        0,        0,         0,        1,         0,  314186.46875
   5,   4,   0, 1.1161646842956543 ,     10,     1,     1,    23,    0,     0,     1,      0,       0,        1,        0,         0,        0,         0,  323115.625
   6,   1,   0, 0.915682852268219  ,      1,     1,     1,    31,    1,     0,     0,      0,       0,        0,        0,         0,        0,         0,  948331.4375
   7,   2,   0, 0.915682852268219  ,      9,     1,     1,    22,    1,     0,     2,      0,       0,        1,        0,         0,        0,         0,  346102.59375
   8,   2,   0, 1.1918013095855713 ,      5,     1,     1,    30,    0,     0,     2,      0,       0,        2,        0,         0,        0,         0,  637299.1875
   9,   3,   0, 0.8042497634887695 ,      6,     0,     2,    18,    0,     0,     1,      0,       0,        1,        0,         0,        0,         0,  321334.59375
  10,   2,   0, 0.9294615983963013 ,      9,     1,     2,    39,    0,     0,     1,      0,       0,        0,        0,         0,        0,         0,  504125.375
  11,   3,   0, 0.3824351131916046 ,     13,     0,     2,    34,    1,     0,     3,      1,       1,        1,        0,         1,        0,         1,  222264.671875
  12,   2,   0, 0.8042497634887695 ,      6,     0,     1,    24,    2,     0,     2,      0,       0,        1,        0,         0,        0,         0,  182910.453125
  13,  11,   0, 0.3824351131916046 ,     13,     0,     5,    23,    1,     0,     2,      1,       0,        0,        0,         0,        0,         1,  212154.359375
  14,   2,   0, 1.6327463388442993 ,      5,     1,     1,    23,    1,     0,     2,      0,       0,        2,        0,         0,        0,         0,  361867.78125
  15,   2,   0, 0.9294615983963013 ,      8,     0,     1,    29,    2,     0,     3,      0,       0,        2,        0,         0,        0,         0,  153217.578125
  16,   2,   0, 0.8042497634887695 ,      7,     1,     1,    29,    1,     0,     1,      0,       0,        1,        0,         0,        0,         0,  217530.53125
  17,   2,   0, 0.9951099753379822 ,      3,     0,     1,    23,    0,     0,     1,      0,       0,        1,        0,         0,        0,         0,  407572.34375
  18,   2,   0, 0.3824351131916046 ,     13,     1,     2,    40,    1,     0,     3,      0,       0,        2,        0,         0,        0,         0,   88094.5546875
  19,   2,   0, 0.9294615983963013 ,      8,     0,     2,    31,    2,     0,     0,      0,       1,        0,        0,         0,        0,         0,  203300.15625
  20,  10,   0, 1.1161646842956543 ,     11,     1,     4,    19,    0,     0,     2,      0,       0,        2,        0,         0,        0,         0,  145779.875
  21,   2,   0, 1.1649307012557983 ,      7,     1,     1,    35,    2,     0,     3,      0,       1,        2,        0,         0,        0,         0,  346045.53125
  22,   3,   0, 0.18154898285865784,     17,     0,     5,    28,    1,     0,     0,      0,       0,        0,        0,         0,        0,         0,  246793.171875
  23,   3,   0, 0.3824351131916046 ,     13,     0,     3,    25,    1,     0,     0,      0,       0,        0,        0,         0,        0,         0,   69935.4296875
  24,   2,   0, 0.9294615983963013 ,      8,     1,     1,    27,    1,     0,     3,      0,       0,        1,        0,         0,        0,         0,  264727.8125
  25,   2,   0, 0.27622196078300476,     18,     1,     5,    47,    1,     0,     1,      0,       0,        0,        0,         0,        0,         0,  491371.21875
  26,   5,   0, 1.1918013095855713 ,      5,     1,     2,    27,    1,     0,     0,      0,       0,        0,        0,         0,        0,         0,  420224.0625
  27,   1,   0, 1.1649307012557983 ,      7,     1,     3,    36,    1,     0,     1,      0,       0,        1,        0,         0,        0,         0,  255414.46875
  28,   2,   0, 1.1649307012557983 ,      7,     1,     1,    33,    1,     0,     2,      0,       0,        1,        0,         0,        0,         0,  769934.8125
  29,   2,   0, 1.6327463388442993 ,      4,     0,     1,    22,    1,     0,     1,      0,       0,        1,        0,         0,        0,         0,  176021.78125
  30,   7,   0, 1.1161646842956543 ,     10,     1,     2,    45,    0,     0,     2,      0,       0,        0,        0,         0,        0,         0,  114485.2734375
  31,   2,   0, 0.9294615983963013 ,      8,     0,     1,    34,    1,     0,     3,      0,       0,        2,        0,         0,        0,         0,  106433.6484375
  32,   2,   0, 0.8042497634887695 ,      6,     0,     1,    43,    2,     0,     2,      0,       1,        1,        0,         0,        0,         0,  133130.75
  33,   2,   0, 1.1918013095855713 ,      5,     1,     1,    22,    2,     0,     0,      0,       2,        0,        0,         0,        0,         0,  323231.5
  34,   2,   0, 0.27622196078300476,     19,     0,     4,    31,    0,     0,     1,      0,       0,        1,        0,         0,        0,         0,  166885.078125
  35,   2,   0, 0.9294615983963013 ,      8,     1,     3,    36,    0,     0,     1,      0,       0,        1,        0,         0,        0,         0,  272757.1875
  36,   2,   0, 1.7337113618850708 ,     11,     1,     1,    35,    2,     0,     3,      1,       1,        2,        0,         1,        0,         1,  140637.71875
  37,  14,   0, 0.3824351131916046 ,     13,     0,     3,    23,    1,     0,     0,      0,       0,        0,        0,         0,        0,         0,  112266.75
  38,   2,   0, 0.8733195662498474 ,      8,     1,     1,    30,    1,     0,     2,      0,       0,        0,        0,         0,        0,         0,  325569.28125
  39,   1,   0, 1.1198134422302246 ,      5,     1,     1,    37,    2,     0,     1,      0,       1,        1,        0,         0,        0,         0,  571463.5
  40,   2,   0, 0.6080381274223328 ,      9,     1,     2,    34,    1,     0,     1,      0,       0,        1,        0,         0,        0,         0,  603376.375
  41,   2,   0, 0.3128163516521454 ,     12,     1,     5,    31,    1,     0,     0,      0,       0,        0,        0,         0,        0,         0, 1011612.5625
  42,   2,   0, 0.6775715351104736 ,      4,     1,     1,    23,    1,     0,     1,      0,       1,        1,        0,         0,        0,         0, 1975025.75
  43,   2,   0, 0.48343315720558167,      7,     1,     1,    35,    1,     0,     2,      0,       0,        0,        0,         0,        0,         0,  699585.125
  44,   2,   0, 0.6775715351104736 ,      4,     1,     1,    29,    1,     0,     0,      0,       1,        0,        0,         0,        0,         0, 1536316.25
  45,   2,   0, 0.2685501277446747 ,      9,     1,     2,    32,    2,     0,     1,      0,       1,        0,        0,         0,        0,         0,  359785.6875
  46,   2,   0, 0.49458423256874084,      5,     1,     1,    29,    2,     1,     1,      0,       0,        1,        0,         0,        1,         0,  705776.875
  47,   4,   0, 0.2685501277446747 ,      9,     0,     4,    24,    3,     0,     0,      0,       3,        0,        0,         0,        0,         0,  243728.0625
  48,  13,   0, 0.7194708585739136 ,     11,     1,     1,    22,    0,     0,     1,      0,       0,        1,        0,         0,        0,         0,  451402.28125
  49,   2,   0, 0.49458423256874084,      5,     1,     1,    23,    0,     0,     2,      0,       0,        1,        0,         0,        0,         0, 1648395.75
  50,   2,   0, 0.33375468850135803,      6,     1,     2,    34,    1,     0,     1,      0,       0,        0,        0,         0,        0,         0, 1900179
  51,   2,   0, 0.33375468850135803,      6,     0,     1,    28,    0,     0,     4,      0,       0,        2,        0,         0,        0,         0,  295814.75
  52,   2,   0, 0.412959486246109  ,      3,     1,     1,    24,    1,     0,     0,      0,       1,        0,        0,         0,        0,         0, 2660882.25
  53,   2,   0, 0.33375468850135803,      6,     1,     1,    48,    1,     0,     0,      0,       1,        0,        0,         0,        0,         0, 2778022.25
  54,   3,   0, 0.412959486246109  ,      3,     1,     1,    26,    1,     0,     0,      0,       0,        0,        0,         0,        0,         0, 1342924.25
  55,   2,   0, 0.6775715351104736 ,      5,     1,     1,    31,    1,     0,     0,      0,       1,        0,        0,         0,        0,         0, 1355157.125
  56,   2,   0, 0.33375468850135803,      6,     1,     1,    28,    0,     0,     1,      0,       0,        1,        0,         0,        0,         0, 1442911.625
  57,   2,   0, 0.1381605714559555 ,     12,     1,     2,    33,    1,     0,     3,      0,       1,        1,        0,         0,        0,         0, 1140120.375
  58,   2,   0, 0.33375468850135803,      6,     1,     1,    38,    1,     0,     0,      0,       0,        0,        0,         0,        0,         0, 2093266.375
  59,   2,   0, 0.4631958305835724 ,     10,     1,     2,    40,    1,     0,     0,      0,       0,        0,        0,         0,        0,         0,  709187.75
  60,   2,   0, 0.6775715351104736 ,      4,     1,     2,    25,    0,     0,     1,      0,       0,        1,        0,         0,        0,         0, 1230271.125
  61,   2,   0, 0.8042497634887695 ,      6,     1,     2,    25,    0,     0,     2,      1,       0,        1,        0,         0,        0,         1,   97965.03125
  62,   2,   0, 0.8042497634887695 ,      7,     1,     1,    29,    3,     0,     0,      0,       1,        0,        0,         0,        0,         0,  135266.03125
  63,   2,   0, 1.6327463388442993 ,      7,     0,     1,    29,    2,     0,     2,      0,       1,        1,        0,         0,        0,         0,  153321.578125
  64,   2,   0, 0.6471261382102966 ,      9,     0,     2,    28,    0,     0,     3,      0,       0,        2,        0,         0,        0,         0,   82437.3046875
  65,   2,   0, 0.8042497634887695 ,      7,     0,     2,    33,    1,     1,     1,      0,       0,        0,        0,         0,        1,         0,   50088.80078125
  66,   2,   0, 1.1649307012557983 ,      7,     0,     1,    39,    2,     0,     0,      0,       0,        0,        0,         0,        0,         0,  106644.3671875
  67,   9,   0, 0.6471261382102966 ,     10,     1,     2,    29,    2,     0,     0,      0,       1,        0,        0,         0,        0,         0,  133505.03125
  68,   2,   0, 0.8042497634887695 ,      6,     1,     1,    30,    3,     1,     1,      0,       1,        0,        0,         0,        1,         0,  141578.296875
  69,   2,   0, 0.8042497634887695 ,      6,     1,     1,    28,    3,     1,     2,      0,       2,        1,        0,         0,        1,         0,  281082.21875
  70,   2,   0, 0.8042497634887695 ,      6,     1,     4,    37,    0,     0,     1,      0,       0,        1,        0,         0,        0,         0, 1321673.375
  71,   1,   0, 1.1918013095855713 ,      5,     1,     1,    27,    1,     0,     1,      0,       1,        0,        0,         0,        0,         0,  378681.5
  72,   2,   0, 1.1918013095855713 ,      5,     0,     1,    32,    2,     0,     1,      0,       2,        0,        0,         0,        0,         0,  480642.1875
  73,   2,   0, 1.1918013095855713 ,      5,     1,     1,    28,    1,     0,     2,      0,       1,        1,        0,         0,        0,         0,  654709.0625
  74,   2,   0, 0.8042497634887695 ,      7,     1,     2,    29,    1,     0,     1,      0,       1,        0,        0,         0,        0,         0,  626934.6875
  75,   3,   0, 1.1918013095855713 ,      5,     1,     2,    20,    1,     0,     0,      0,       1,        0,        0,         0,        0,         0,  402004.65625
  76,   2,   0, 1.6327463388442993 ,      4,     1,     1,    35,    4,     2,     0,      0,       2,        0,        2,         0,        2,         0,  285153.09375
  77,   2,   0, 1.1649307012557983 ,      7,     0,     2,    41,    1,     0,     3,      0,       0,        1,        0,         0,        0,         0,   92631.203125
  78,   7,   0, 0.8042497634887695 ,      6,     1,     2,    17,    0,     0,     1,      1,       0,        1,        0,         1,        0,         1,  317376.4375
  79,   2,   0, 0.6471261382102966 ,      9,     0,     1,    30,    0,     0,     2,      0,       0,        1,        0,         0,        0,         0,  529916.25
  80,   2,   0, 0.3329260051250458 ,     12,     1,     2,    26,    1,     0,     2,      0,       1,        0,        0,         0,        0,         0,  155039.078125
  81,   2,   0, 1.1918013095855713 ,      5,     0,     1,    27,    3,     0,     0,      0,       2,        0,        0,         0,        0,         0,  138357.28125
  82,   2,   0, 0.6471261382102966 ,     11,     1,     3,    30,    0,     0,     3,      1,       0,        2,        0,         1,        0,         1,  243751.75
  83,   9,   0, 0.3329260051250458 ,     12,     1,     2,    22,    1,     0,     2,      0,       0,        2,        0,         0,        0,         0,  238993.671875
  84,   2,   0, 0.9294615983963013 ,     11,     1,     3,    32,    0,     0,     1,      0,       0,        0,        0,         0,        0,         0,  334169.09375
  85,   2,   0, 0.9294615983963013 ,     10,     1,     2,    30,    0,     0,     2,      0,       0,        1,        0,         0,        0,         0,  322698.59375
  86,   2,   0, 0.9951099753379822 ,      3,     0,     1,    16,    0,     0,     1,      0,       0,        1,        0,         0,        0,         0,  346387.9375
  87,   2,   0, 0.9951099753379822 ,      3,     1,     1,    21,    0,     0,     1,      0,       0,        1,        0,         0,        0,         0,  422222.15625
  88,   2,   0, 5.861138820648193  ,      7,     1,     1,    34,    3,     1,     0,      0,       2,        0,        1,         0,        1,         0,   90647.234375
  89,   6,   0, 5.615781307220459  ,     10,     0,     2,    24,    0,     0,     3,      0,       0,        1,        0,         0,        0,         0,  187533.40625
  90,   1,   0, 4.607093811035156  ,      1,     1,     1,    36,    0,     0,     2,      0,       0,        1,        0,         0,        0,         0,  755972.875
  91,   2,   0, 4.139423847198486  ,      3,     0,     1,    17,    1,     0,     0,      0,       1,        0,        0,         0,        0,         0,  316475.375
  92,   2,   0, 3.255898952484131  ,      9,     0,     2,    31,    1,     0,     1,      0,       1,        0,        0,         0,        0,         0,  235203.78125
  93,   2,   0, 4.046438217163086  ,      6,     1,     2,    29,    1,     0,     0,      0,       0,        0,        0,         0,        0,         0,  303371.65625
  94,   2,   0, 1.1198134422302246 ,      6,     1,     2,    30,    0,     0,     2,      0,       0,        1,        0,         0,        0,         0,  802842.0625
  95,   2,   0, 1.6289905309677124 ,     11,     1,     1,    44,    2,     0,     2,      0,       0,        2,        0,         0,        0,         0,   48874.66015625
  96,   2,   0, 0.7556710243225098 ,      6,     1,     2,    37,    1,     0,     1,      0,       0,        1,        0,         0,        0,         0, 1004666.8125
  97,   2,   0, 0.8733195662498474 ,      8,     1,     3,    33,    1,     0,     0,      0,       0,        0,        0,         0,        0,         0,  468196.34375
  98,   2,   0, 0.7556710243225098 ,      6,     1,     3,    32,    1,     0,     0,      0,       1,        0,        0,         0,        0,         0, 1530698.5
  99,   2,   0, 0.6080381274223328 ,      9,     1,     2,    30,    1,     0,     2,      0,       0,        1,        0,         0,        0,         0,  828068.75
 100,   2,   0, 0.8733195662498474 ,      8,     1,     1,    28,    2,     0,     2,      0,       2,        0,        0,         0,        0,         0,  774907.5625
 101,   2,   0, 0.3593350052833557 ,     13,     1,     4,    40,    3,     0,     0,      0,       1,        0,        0,         0,        0,         0,  654864.4375
 102,   2,   0, 1.1198134422302246 ,      5,     1,     1,    23,    1,     0,     2,      0,       1,        1,        0,         0,        0,         0,  483393.59375
 103,   2,   0, 1.1198134422302246 ,      5,     1,     1,    29,    0,     0,     2,      0,       0,        1,        0,         0,        0,         0, 1442156.25
 104,   2,   0, 0.8733195662498474 ,      8,     1,     2,    24,    1,     0,     3,      1,       0,        2,        0,         1,        0,         1,  942959.625
 105,   3,   0, 0.9350026845932007 ,      3,     1,     2,    18,    1,     0,     0,      0,       0,        0,        0,         0,        0,         0, 1668908.375
 106,   2,   0, 0.7556710243225098 ,      6,     1,     2,    29,    0,     0,     1,      0,       0,        0,        0,         0,        0,         0,  929299.5
 107,   2,   0, 1.094565749168396  ,      7,     1,     1,    29,    0,     0,     3,      0,       0,        2,        0,         0,        0,         0, 1521978
 108,   4,   0, 0.49304941296577454,     14,     0,     4,    24,    0,     0,     1,      0,       0,        0,        0,         0,        0,         0,  125490.8046875
 109,   2,   0, 1.5341240167617798 ,      4,     1,     1,    28,    2,     0,     1,      0,       2,        0,        0,         0,        0,         0,  418205.34375
 110,   4,   0, 1.5341240167617798 ,      5,     1,     4,    27,    1,     0,     1,      0,       0,        1,        0,         0,        0,         0,  272068.5
 111,   8,   0, 0.3593350052833557 ,     13,     1,     4,    22,    0,     0,     2,      0,       0,        0,        0,         0,        0,         0,  628806.75
 112,   2,   0, 0.17058293521404266,     17,     1,     4,    48,    1,     0,     1,      0,       0,        1,        0,         0,        0,         0,  223789.453125
 113,   2,   0, 0.25953739881515503,     20,     1,     3,    30,    3,     0,     2,      0,       1,        0,        0,         0,        0,         0,  272722.96875
 114,   2,   0, 1.094565749168396  ,      7,     1,     1,    33,    2,     0,     1,      0,       0,        0,        0,         0,        0,         0,  716791.1875
 115,   1,   0, 0.8733195662498474 ,      8,     1,     2,    28,    0,     0,     5,      0,       0,        1,        0,         0,        0,         0,  268452.65625
 116,   2,   0, 1.0487453937530518 ,     10,     1,     2,    37,    2,     0,     1,      0,       1,        0,        0,         0,        0,         0,  207272.21875
 117,   1,   0, 0.9350026845932007 ,      3,     1,     2,    44,    0,     0,     1,      0,       0,        0,        0,         0,        0,         0,  571882.4375
 118,   2,   0, 0.8733195662498474 ,      8,     0,     2,    34,    2,     0,     1,      0,       1,        1,        0,         0,        0,         0,  205102.0625
 119,   2,   0, 0.3128163516521454 ,     14,     1,     6,    33,    1,     0,     2,      0,       1,        0,        0,         0,        0,         0,  261018.25
 120,   9,   0, 0.3593350052833557 ,     13,     1,     5,    32,    0,     0,     1,      0,       0,        1,        0,         0,        0,         0,  282208.96875
 121,   1,   0, 0.7730359435081482 ,      2,     1,     1,    25,    4,     2,     1,      0,       3,        0,        2,         0,        2,         0,  752047.5
 122,   2,   0, 1.1198134422302246 ,      5,     1,     1,    25,    1,     0,     0,      0,       1,        0,        0,         0,        0,         0,  443099.3125
 123,   2,   0, 0.7556710243225098 ,      6,     0,     2,    43,    1,     0,     0,      0,       0,        0,        0,         0,        0,         0,  264426.625
 124,   2,   0, 0.7556710243225098 ,      6,     1,     1,    31,    2,     0,     0,      0,       1,        0,        0,         0,        0,         0,  370351.40625
 125,   2,   0, 0.3593350052833557 ,     13,     1,     3,    35,    3,     0,     0,      0,       1,        0,        0,         0,        0,         0,  224586.265625
 126,   6,   0, 0.7556710243225098 ,      7,     0,     2,    19,    0,     0,     1,      0,       0,        1,        0,         0,        0,         0,  294593.90625
 127,   9,   0, 0.6080381274223328 ,      9,     0,     6,    27,    1,     0,     0,      0,       0,        0,        0,         0,        0,         0,  225741.578125
 128,   2,   0, 0.6080381274223328 ,      9,     1,     2,    28,    1,     0,     2,      0,       1,        2,        0,         0,        0,         0,  663224.125
 129,   2,   0, 0.8733195662498474 ,      8,     1,     1,    32,    2,     0,     1,      0,       0,        1,        0,         0,        0,         0,  384585.34375
 130,   2,   0, 1.1198134422302246 ,      5,     1,     1,    32,    2,     0,     1,      0,       1,        0,        0,         0,        0,         0, 1262668.75
 131,   2,   0, 0.6080381274223328 ,      9,     1,     1,    23,    2,     0,     3,      0,       1,        1,        0,         0,        0,         0,  191630.34375
 132,   2,   0, 1.094565749168396  ,      7,     1,     1,    20,    2,     0,     3,      1,       1,        2,        0,         1,        0,         1,  285347.78125
 133,   2,   0, 1.1198134422302246 ,      5,     1,     1,    26,    0,     0,     1,      0,       0,        1,        0,         0,        0,         0, 1278509.125
 134,   1,   0, 1.1198134422302246 ,      5,     1,     2,    37,    2,     1,     1,      0,       2,        0,        1,         0,        1,         0,  374411.59375
 135,   2,   0, 1.1198134422302246 ,      5,     1,     1,    24,    0,     0,     1,      0,       0,        1,        0,         0,        0,         0,  396389.46875
 136,   2,   0, 0.25702765583992004,     15,     1,     1,    28,    3,     2,     3,      0,       0,        2,        0,         0,        2,         0,  215176.71875
 137,   7,   0, 3.128870964050293  ,     16,     1,     5,    31,    1,     0,     1,      0,       0,        1,        0,         0,        0,         0,  209056.9375
 138,   2,   0, 0.8733195662498474 ,      8,     1,     5,    26,    0,     0,     2,      0,       0,        1,        0,         0,        0,         0,  478377.125
 139,   2,   0, 1.1649307012557983 ,      7,     1,     1,    28,    2,     0,     0,      0,       1,        0,        0,         0,        0,         0,  283016.40625
 140,   2,   0, 0.8042497634887695 ,      6,     1,     1,    25,    0,     0,     3,      0,       0,        1,        0,         0,        0,         0,  244696.671875
 141,   2,   0, 0.27622196078300476,     19,     0,     4,    37,    2,     0,     1,      0,       1,        1,        0,         0,        0,         0,  118003.8125
 142,   2,   0, 1.1918013095855713 ,      5,     0,     1,    30,    1,     0,     2,      0,       0,        1,        0,         0,        0,         0,  131685.609375
 143,   2,   0, 1.1161646842956543 ,     10,     1,     2,    21,    1,     0,     1,      0,       1,        1,        0,         0,        0,         0,  147376.15625
 144,   1,   0, 1.6327463388442993 ,      4,     1,     1,    22,    2,     0,     1,      0,       1,        1,        0,         0,        0,         0,  201994.78125
 145,   2,   0, 0.9951099753379822 ,      3,     0,     1,    38,    2,     1,     1,      1,       1,        0,        1,         0,        1,         1,  314006.875
 146,   2,   0, 0.8227311372756958 ,      2,     1,     1,    27,    0,     0,     2,      0,       0,        0,        0,         0,        0,         0,  796819.125
 147,   2,   0, 0.6471261382102966 ,      9,     1,     2,    26,    0,     0,     1,      0,       0,        1,        0,         0,        0,         0,  654405.5625
 148,   2,   0, 0.27622196078300476,     18,     1,     6,    22,    2,     0,     2,      0,       1,        2,        0,         0,        0,         0,  203479.0625
 149,   2,   0, 0.9951099753379822 ,      3,     1,     1,    17,    1,     0,     0,      0,       1,        0,        0,         0,        0,         0,  386734
 150,   2,   0, 0.8042497634887695 ,      7,     1,     1,    30,    2,     2,     2,      0,       2,        1,        2,         0,        2,         0,  226201.953125
 151,   2,   0, 1.1918013095855713 ,      5,     0,     1,    27,    1,     0,     2,      0,       1,        1,        0,         0,        0,         0,  210879.78125
 152,   8,   0, 1.1649307012557983 ,      7,     0,     2,    21,    3,     0,     1,      0,       2,        0,        0,         0,        0,         0,  250098.09375
 153,   5,   0, 1.1649307012557983 ,      7,     0,     3,    20,    1,     1,     1,      1,       1,        1,        1,         1,        1,         1,  383219.25
 154,   2,   0, 1.6327463388442993 ,      4,     0,     1,    22,    1,     0,     1,      0,       1,        1,        0,         0,        0,         0,  299632.28125
 155,   2,   0, 0.9951099753379822 ,      3,     1,     1,    29,    1,     0,     1,      0,       1,        0,        0,         0,        0,         0,  337547.90625
 156,   2,   0, 1.6327463388442993 ,      4,     1,     1,    22,    0,     0,     1,      0,       0,        1,        0,         0,        0,         0,  117882.5078125
 157,   2,   0, 1.1161646842956543 ,     10,     0,     2,    46,    2,     0,     1,      0,       1,        1,        0,         0,        0,         0,  158661.171875
 158,   2,   0, 0.6471261382102966 ,      9,     0,     2,    22,    1,     0,     1,      0,       1,        0,        0,         0,        0,         0,  129452.28125
 159,   4,   0, 0.3329260051250458 ,     13,     0,     2,    20,    1,     0,     2,      0,       1,        2,        0,         0,        0,         0,   99618.390625
 160,   5,   0, 0.8042497634887695 ,      6,     0,     3,    32,    0,     0,     1,      1,       0,        0,        0,         0,        0,         1, 1328503.75
 161,   2,   0, 1.6327463388442993 ,      5,     0,     2,    22,    0,     0,     1,      0,       0,        1,        0,         0,        0,         0,  256348.03125
 162,   2,   0, 1.6327463388442993 ,      4,     0,     1,    40,    2,     1,     1,      0,       2,        0,        1,         0,        1,         0,  245805.71875
 163,   7,   0, 0.5247454643249512 ,     14,     0,     4,    27,    2,     0,     1,      0,       1,        0,        0,         0,        0,         0,  231439.34375
 164,   2,   0, 1.1649307012557983 ,      7,     0,     2,    30,    2,     0,     1,      0,       1,        1,        0,         0,        0,         0,  171972.171875
 165,   3,   0, 0.9294615983963013 ,      8,     0,     2,    25,    2,     0,     0,      0,       2,        0,        0,         0,        0,         0,  166550.359375
 166,   2,   0, 0.8042497634887695 ,      6,     0,     1,    43,    2,     0,     0,      0,       2,        0,        0,         0,        0,         0,  133099.484375
 167,   2,   0, 0.9951099753379822 ,      3,     0,     1,    19,    1,     0,     0,      0,       1,        0,        0,         0,        0,         0,  144295.359375
 168,   2,   0, 0.9294615983963013 ,      8,     1,     1,    26,    1,     0,     2,      0,       0,        1,        0,         0,        0,         0,  167081.34375
 169,   2,   0, 0.3329260051250458 ,     12,     1,     2,    33,    2,     0,     2,      0,       2,        0,        0,         0,        0,         0,  114889.3828125
 170,   2,   0, 0.8042497634887695 ,      6,     1,     1,    18,    0,     0,     2,      0,       0,        2,        0,         0,        0,         0,  172471.65625
 171,   2,   0, 0.8042497634887695 ,      6,     0,     2,    45,    1,     0,     2,      0,       1,        1,        0,         0,        0,         0,  181755.515625
 172,   8,   0, 0.5247454643249512 ,     15,     1,     6,    20,    0,     0,     1,      0,       0,        1,        0,         0,        0,         0,  309017.1875
 173,   2,   0, 1.1161646842956543 ,     10,     0,     2,    31,    2,     0,     1,      0,       0,        1,        0,         0,        0,         0,   94765.0703125
 174,   8,   0, 0.3329260051250458 ,     12,     0,     3,    35,    1,     0,     3,      0,       0,        2,        0,         0,        0,         0,  194281.046875
 175,   5,   0, 0.3824351131916046 ,     13,     0,     6,    23,    1,     0,     0,      0,       1,        0,        0,         0,        0,         0,  162241.421875
 176,   6,   0, 0.5247454643249512 ,     14,     0,     2,    36,    4,     0,     0,      0,       2,        0,        0,         0,        0,         0,   99197.578125
 177,   2,   0, 1.6327463388442993 ,      4,     1,     1,    30,    1,     0,     2,      0,       0,        1,        0,         0,        0,         0,  376713.5625
 178,   2,   0, 0.9294615983963013 ,      8,     0,     2,    31,    0,     0,     1,      0,       0,        1,        0,         0,        0,         0,  136694.34375
 179,   2,   0, 1.0890039205551147 ,      3,     0,     1,    24,    1,     1,     1,      0,       1,        1,        1,         0,        1,         0,  269221.5625
 180,   2,   0, 0.7308878302574158 ,      7,     0,     1,    38,    2,     0,     1,      0,       1,        1,        0,         0,        0,         0,  140124.5
 181,   2,   0, 1.6555581092834473 ,      5,     0,     1,    27,    2,     1,     1,      0,       1,        0,        0,         0,        1,         0,  169501.90625
 182,   2,   0, 1.0890039205551147 ,      3,     0,     1,    22,    1,     0,     1,      0,       1,        1,        0,         0,        0,         0,  144041.953125
 183,   2,   0, 1.0890039205551147 ,      3,     0,     1,    43,    1,     0,     1,      1,       0,        1,        0,         1,        0,         1,  588686.1875
 184,   2,   0, 0.7803817391395569 ,      9,     1,     2,    27,    2,     0,     1,      0,       0,        1,        0,         0,        0,         0,  245122.640625
 185,   2,   0, 0.7803817391395569 ,      9,     1,     1,    23,    0,     0,     1,      0,       0,        1,        0,         0,        0,         0,  354335.03125
 186,   2,   0, 0.7308878302574158 ,      7,     1,     1,    27,    1,     0,     0,      0,       0,        0,        0,         0,        0,         0,  484180.03125
 187,   2,   0, 0.7737423181533813 ,     13,     1,     2,    27,    2,     0,     1,      0,       1,        0,        0,         0,        0,         0,  401358.625
 188,   2,   0, 0.36035048961639404,     24,     0,     7,    46,    1,     0,     0,      0,       0,        0,        0,         0,        0,         0,   46721.33203125
 189,   5,   0, 0.9896032214164734 ,      9,     0,     2,    24,    1,     0,     0,      0,       0,        0,        0,         0,        0,         0,  331549.46875
 190,  10,   0, 0.42593997716903687,     16,     1,     2,    32,    4,     0,     1,      0,       2,        0,        0,         0,        0,         0,  105653.8046875
 191,   3,   0, 1.444133996963501  ,      6,     0,     2,    28,    2,     0,     0,      0,       1,        0,        0,         0,        0,         0,  297350.46875
 192,   2,   0, 0.2603248953819275 ,     16,     0,     3,    46,    2,     0,     1,      0,       1,        1,        0,         0,        0,         0,  112236.21875
 193,   2,   0, 0.7659698128700256 ,     10,     1,     1,    31,    3,     0,     2,      0,       2,        0,        0,         0,        0,         0,  241945.21875
 194,   6,   0, 0.2603248953819275 ,     16,     0,     2,    30,    3,     0,     1,      0,       2,        0,        0,         0,        0,         0,  202836.875
 195,   2,   0, 0.7308878302574158 ,      7,     0,     1,    25,    1,     0,     2,      0,       0,        1,        0,         0,        0,         0,  129095.1875
 196,   2,   0, 0.7308878302574158 ,      7,     0,     1,    49,    2,     0,     0,      0,       0,        0,        0,         0,        0,         0,  309139.96875
 197,  11,   0, 0.2603248953819275 ,     19,     0,     4,    19,    0,     0,     1,      0,       0,        1,        0,         0,        0,         0,  336063.53125
 198,   8,   0, 0.7737423181533813 ,     13,     0,     4,    40,    0,     0,     1,      0,       0,        0,        0,         0,        0,         0,   68739.8046875
 199,   6,   0, 0.9850392937660217 ,     11,     0,     3,    27,    4,     0,     0,      0,       2,        0,        0,         0,        0,         0,  102695.7578125
 200,   2,   0, 1.6456676721572876 ,      4,     0,     1,    27,    2,     0,     2,      0,       0,        2,        0,         0,        0,         0,  162609
 201,   8,   0, 0.7803817391395569 ,      9,     0,     2,    20,    2,     0,     0,      0,       1,        0,        0,         0,        0,         0,   84857.984375
 202,   4,   0, 0.7803817391395569 ,     11,     1,     2,    23,    0,     0,     1,      0,       0,        1,        0,         0,        0,         0,  131807.359375
 203,   2,   0, 1.6555581092834473 ,      5,     1,     1,    35,    4,     2,     0,      0,       1,        0,        0,         0,        2,         0,  295854.6875
 204,  19,   0, 0.36035048961639404,     25,     1,     6,    34,    4,     0,     0,      0,       2,        0,        0,         0,        0,         0,   95105.0625
 205,   2,   0, 1.5121591091156006 ,      5,     1,     2,    34,    2,     0,     2,      0,       0,        2,        0,         0,        0,         0,  222783.796875
 206,   2,   0, 1.0890039205551147 ,      3,     0,     1,    20,    1,     0,     0,      0,       1,        0,        0,         0,        0,         0,  216887.1875
 207,   8,   0, 0.6830458045005798 ,     13,     1,     4,    31,    0,     0,     1,      0,       0,        1,        0,         0,        0,         0,  332853.8125
 208,   7,   0, 0.7308878302574158 ,      7,     1,     2,    20,    0,     0,     1,      1,       0,        0,        0,         0,        0,         1,  377497.65625
 209,   5,   0, 0.9896032214164734 ,      8,     0,     3,    26,    2,     0,     2,      0,       2,        0,        0,         0,        0,         0,  179629.28125
 210,   4,   0, 0.7308878302574158 ,      8,     1,     1,    27,    2,     0,     1,      0,       0,        1,        0,         0,        0,         0,  127735.5859375
 211,   3,   0, 0.7308878302574158 ,      7,     0,     2,    16,    0,     0,     1,      0,       0,        1,        0,         0,        0,         0,   72150.1328125
 212,   2,   0, 1.6456676721572876 ,      4,     0,     1,    19,    0,     0,     2,      0,       0,        2,        0,         0,        0,         0,   97066.90625
 213,   2,   0, 1.6555581092834473 ,      5,     1,     1,    22,    1,     0,     1,      0,       1,        1,        0,         0,        0,         0,  246226.625
 214,   2,   0, 0.7308878302574158 ,      7,     0,     2,    29,    3,     2,     2,      0,       1,        1,        1,         0,        2,         0,   56608.1875
 215,   2,   0, 1.444133996963501  ,      6,     1,     1,    38,    1,     0,     0,      0,       0,        0,        0,         0,        0,         0,  324623.53125
 216,   2,   0, 1.6555581092834473 ,      5,     1,     2,    26,    1,     0,     0,      0,       0,        0,        0,         0,        0,         0,  464824.6875
 217,   3,   0, 0.7803817391395569 ,      9,     1,     1,    34,    1,     0,     1,      0,       0,        1,        0,         0,        0,         0,  181217.09375
 218,   5,   0, 0.7803817391395569 ,      9,     1,     3,    22,    2,     0,     0,      0,       2,        0,        0,         0,        0,         0,  367494.21875
 219,   2,   0, 1.0890039205551147 ,      3,     0,     1,    32,    0,     0,     1,      0,       0,        0,        0,         0,        0,         0,  256199.3125
 220,   2,   0, 1.0890039205551147 ,      3,     1,     1,    25,    3,     2,     1,      1,       2,        0,        1,         0,        2,         1,  197987.328125
 221,   7,   0, 0.2603248953819275 ,     17,     0,     2,    28,    3,     0,     1,      0,       1,        1,        0,         0,        0,         0,   87968.453125
 222,   2,   0, 1.6456676721572876 ,      4,     1,     1,    20,    0,     0,     1,      0,       0,        1,        0,         0,        0,         0,  453048.03125
 223,   6,   0, 0.9896032214164734 ,      8,     1,     2,    20,    0,     0,     1,      0,       0,        1,        0,         0,        0,         0,  557602.6875
 224,   3,   0, 0.7659698128700256 ,     11,     0,     4,    17,    0,     0,     1,      0,       0,        1,        0,         0,        0,         0,  131138.234375
 225,  13,   0, 0.42593997716903687,     15,     1,     2,    26,    1,     1,     2,      0,       1,        2,        1,         0,        1,         0,  131302.3125
 226,   2,   0, 0.7308878302574158 ,      7,     1,     1,    25,    3,     0,     1,      0,       1,        0,        0,         0,        0,         0,  252205.421875
 227,   2,   0, 0.9896032214164734 ,      8,     1,     1,    25,    1,     0,     3,      0,       0,        2,        0,         0,        0,         0,  128524.9921875
 228,  12,   0, 0.7737423181533813 ,     13,     0,     4,    35,    0,     0,     1,      0,       0,        1,        0,         0,        0,         0,   68474.21875
 229,   2,   0, 1.6555581092834473 ,      5,     0,     1,    28,    2,     1,     1,      0,       1,        0,        1,         0,        1,         0,  177131.859375
 230,   2,   0, 1.5121591091156006 ,      6,     1,     1,    24,    3,     0,     1,      0,       1,        1,        0,         0,        0,         0,  186275.828125
 231,   2,   0, 1.444133996963501  ,      6,     1,     2,    21,    2,     0,     0,      0,       2,        0,        0,         0,        0,         0,  267256.46875
 232,   2,   0, 1.444133996963501  ,      7,     1,     1,    23,    2,     0,     1,      0,       1,        0,        0,         0,        0,         0,  448705.96875
 233,   8,   0, 0.36035048961639404,     22,     0,     6,    20,    0,     0,     1,      0,       0,        1,        0,         0,        0,         0,   85954.46875
 234,   2,   0, 1.444133996963501  ,      6,     1,     1,    27,    1,     0,     3,      0,       0,        2,        0,         0,        0,         0,   96098.7421875
 235,   2,   0, 0.6830458045005798 ,     12,     1,     1,    33,    0,     0,     4,      0,       0,        2,        0,         0,        0,         0,  214266.796875
 236,   2,   0, 0.7737423181533813 ,     13,     0,     3,    46,    1,     1,     1,      0,       0,        0,        0,         0,        1,         0,  114126.5546875
 237,   6,   0, 0.9850392937660217 ,     11,     0,     1,    24,    2,     0,     2,      0,       1,        1,        0,         0,        0,         0,  178036.71875
 238,   2,   0, 0.9896032214164734 ,      9,     1,     1,    39,    3,     0,     1,      0,       1,        1,        0,         0,        0,         0,  186954.140625
 239,   1,   0, 0.7659698128700256 ,     10,     1,     1,    23,    1,     1,     0,      0,       1,        0,        1,         0,        1,         0,  186742.09375
 240,   5,   0, 0.7803817391395569 ,      9,     0,     1,    20,    1,     0,     0,      0,       1,        0,        0,         0,        0,         0,  186223.71875
 241,   2,   0, 1.444133996963501  ,      7,     1,     1,    27,    0,     0,     2,      1,       0,        0,        0,         0,        0,         1,  303073.5
 242,   6,   0, 0.7803817391395569 ,      9,     1,     3,    19,    1,     0,     0,      0,       1,        0,        0,         0,        0,         0,  208557.15625
 243,   4,   0, 1.444133996963501  ,      6,     1,     1,    31,    0,     0,     1,      0,       0,        0,        0,         0,        0,         0,  408509.625
 244,   7,   0, 0.36035048961639404,     19,     0,     2,    41,    0,     0,     2,      0,       0,        0,        0,         0,        0,         0,  298010.375
 245,   2,   0, 1.0890039205551147 ,      3,     0,     1,    35,    1,     1,     3,      0,       1,        1,        1,         0,        1,         0,  121999.4140625
 246,   2,   0, 1.444133996963501  ,      6,     1,     1,    24,    0,     0,     2,      0,       0,        2,        0,         0,        0,         0,  415920.75
 247,   9,   0, 0.7803817391395569 ,      9,     0,     2,    26,    2,     1,     1,      0,       2,        0,        1,         0,        1,         0,  161807.109375
 248,   5,   0, 0.7659698128700256 ,     10,     0,     1,    24,    2,     1,     4,      0,       1,        2,        0,         0,        1,         0,  345341.125
 249,   3,   0, 0.7803817391395569 ,      9,     1,     2,    25,    0,     0,     2,      0,       0,        1,        0,         0,        0,         0,  470928.21875
 250,   2,   0, 1.444133996963501  ,      7,     1,     1,    22,    1,     0,     2,      1,       0,        2,        0,         1,        0,         1,  378874.5625
 251,   2,   0, 1.444133996963501  ,      6,     0,     1,    36,    2,     0,     2,      0,       1,        1,        0,         0,        0,         0,  123527.8359375
 252,   2,   0, 0.42593997716903687,     15,     1,     1,    25,    3,     0,     2,      0,       2,        1,        0,         0,        0,         0,  203048.40625
 253,   2,   0, 0.7659698128700256 ,     10,     1,     1,    30,    0,     0,     1,      0,       0,        0,        0,         0,        0,         0,  232774.125
 254,   2,   0, 1.6456676721572876 ,      4,     1,     1,    22,    2,     0,     0,      0,       1,        0,        0,         0,        0,         0,  125700.4375
 255,   2,   0, 1.5121591091156006 ,      6,     1,     1,    22,    2,     0,     2,      0,       1,        1,        0,         0,        0,         0,  399714.125
 256,   5,   0, 1.444133996963501  ,      6,     0,     2,    23,    1,     0,     0,      0,       1,        0,        0,         0,        0,         0,  276191.5
 257,   2,   0, 0.36035048961639404,     19,     0,     4,    43,    2,     0,     1,      0,       1,        0,        0,         0,        0,         0,   92523.640625
 258,   8,   0, 0.9850392937660217 ,     11,     0,     3,    42,    1,     0,     0,      0,       0,        0,        0,         0,        0,         0,   81722.1015625
 259,   9,   0, 0.36035048961639404,     19,     1,     3,    31,    4,     1,     2,      0,       2,        1,        1,         0,        1,         0,  178998.796875
 260,  10,   0, 0.36035048961639404,     29,     0,     4,    42,    1,     0,     1,      0,       0,        0,        0,         0,        0,         0,  180356.453125
 261,  16,   0, 0.36035048961639404,     26,     0,     8,    29,    0,     0,     3,      0,       0,        1,        0,         0,        0,         0,   62061.52734375
 262,   7,   0, 0.2603248953819275 ,     16,     1,     2,    28,    1,     0,     4,      0,       0,        2,        0,         0,        0,         0,  310449.03125
 263,   9,   0, 0.36035048961639404,     19,     0,     5,    38,    1,     0,     3,      2,       0,        0,        0,         0,        0,         2,  185077.90625
 264,   2,   0, 1.0890039205551147 ,      6,     1,     2,    33,    1,     1,     1,      0,       0,        0,        0,         0,        1,         0,  425148.78125
 265,   2,   0, 0.9896032214164734 ,      8,     0,     1,    28,    1,     0,     3,      0,       1,        1,        0,         0,        0,         0,   98318.078125
 266,   2,   0, 0.9896032214164734 ,      8,     0,     1,    25,    3,     0,     1,      0,       1,        0,        0,         0,        0,         0,  128727.140625
 267,   3,   0, 1.6456676721572876 ,      4,     0,     1,    21,    1,     0,     1,      0,       1,        0,        0,         0,        0,         0,  246449.71875
 268,   2,   0, 1.0890039205551147 ,      3,     1,     1,    20,    1,     0,     0,      0,       1,        0,        0,         0,        0,         0,  315038.875
 269,   8,   0, 0.7552112340927124 ,     14,     0,     3,    40,    3,     1,     0,      0,       1,        0,        0,         0,        1,         0,  185902.15625
 270,   9,   0, 0.42593997716903687,     16,     0,     3,    30,    2,     0,     1,      0,       1,        0,        0,         0,        0,         0,  155276.515625
 271,   2,   0, 0.9896032214164734 ,      8,     0,     1,    41,    3,     0,     0,      0,       1,        0,        0,         0,        0,         0,   76268.0234375
 272,   3,   0, 0.6830458045005798 ,     12,     0,     3,    22,    0,     0,     1,      0,       0,        1,        0,         0,        0,         0,  109686.8515625
 273,   2,   0, 0.9850392937660217 ,     11,     1,     2,    38,    3,     2,     2,      0,       1,        1,        1,         0,        2,         0,  108549.546875
 274,   2,   0, 0.7659698128700256 ,     12,     1,     2,    38,    1,     0,     1,      0,       0,        0,        0,         0,        0,         0,  232851.703125
 275,   2,   0, 0.7803817391395569 ,      9,     0,     2,    36,    2,     0,     1,      0,       2,        0,        0,         0,        0,         0,  240055.828125
 276,   2,   0, 0.6830458045005798 ,     12,     0,     2,    44,    1,     0,     2,      0,       1,        0,        0,         0,        0,         0,  144128.3125
 277,   2,   0, 0.7659698128700256 ,     10,     0,     1,    24,    1,     0,     1,      0,       1,        1,        0,         0,        0,         0,  169321.53125
 278,   2,   0, 1.6456676721572876 ,      4,     0,     1,    23,    1,     0,     1,      0,       1,        0,        0,         0,        0,         0,  151139.65625
 279,   2,   0, 1.444133996963501  ,      6,     0,     1,    36,    2,     0,     0,      0,       0,        0,        0,         0,        0,         0,  189322.421875
 280,   5,   0, 0.9850392937660217 ,     11,     0,     2,    18,    1,     0,     0,      0,       1,        0,        0,         0,        0,         0,   52783.359375
 281,   4,   0, 0.7803817391395569 ,     10,     1,     1,    17,    0,     0,     2,      0,       0,        2,        0,         0,        0,         0,  229543.296875
 282,   2,   0, 1.444133996963501  ,      6,     0,     1,    20,    1,     0,     1,      0,       1,        0,        0,         0,        0,         0,  128771.2421875
 283,   2,   0, 0.42593997716903687,     16,     1,     5,    44,    1,     0,     2,      0,       0,        0,        0,         0,        0,         0,  236388.015625
 284,   2,   0, 2.1606101989746094 ,      3,     0,     1,    24,    1,     0,     1,      0,       1,        0,        0,         0,        0,         0,  183386.296875
 285,   4,   0, 0.9896032214164734 ,      9,     1,     2,    20,    2,     0,     0,      0,       2,        0,        0,         0,        0,         0,  342640.375
 286,   2,   0, 1.0890039205551147 ,      3,     0,     1,    16,    1,     0,     0,      0,       1,        0,        0,         0,        0,         0,  357945.34375
 287,  12,   0, 0.7737423181533813 ,     14,     1,     3,    20,    0,     0,     1,      0,       0,        1,        0,         0,        0,         0,  180374.59375
 288,   2,   0, 0.7308878302574158 ,      7,     1,     1,    23,    1,     0,     1,      1,       0,        1,        0,         1,        0,         1,  140545.90625
 289,   3,   0, 0.9850392937660217 ,     12,     1,     2,    24,    2,     0,     1,      0,       1,        1,        0,         0,        0,         0,  289915.5625
 290,   2,   0, 0.7308878302574158 ,      7,     0,     1,    33,    3,     0,     1,      0,       1,        1,        0,         0,        0,         0,   80485.953125
 291,   1,   0, 0.7308878302574158 ,      7,     1,     2,    33,    1,     0,     3,      0,       1,        1,        0,         0,        0,         0,  180656.609375
 292,   2,   0, 1.6456676721572876 ,      4,     0,     1,    32,    1,     0,     0,      0,       0,        0,        0,         0,        0,         0,  154786.46875
 293,   5,   0, 0.7552112340927124 ,     14,     1,     2,    17,    0,     0,     1,      0,       0,        1,        0,         0,        0,         0,  234140.75
 294,   2,   0, 1.0890039205551147 ,      3,     1,     1,    21,    0,     0,     1,      0,       0,        1,        0,         0,        0,         0,  579506.5
 295,   2,   0, 0.7737423181533813 ,     13,     1,     4,    48,    0,     0,     1,      0,       0,        0,        0,         0,        0,         0,  385263.4375
 296,   2,   0, 0.9896032214164734 ,      8,     1,     1,    22,    0,     0,     1,      0,       0,        1,        0,         0,        0,         0,  418287.53125
 297,   2,   0, 1.444133996963501  ,      6,     1,     1,    26,    2,     0,     1,      0,       1,        0,        0,         0,        0,         0,  914109.1875
 298,   2,   0, 1.6555581092834473 ,      6,     1,     1,    22,    0,     0,     1,      0,       0,        1,        0,         0,        0,         0,  678384.0625
 299,  13,   0, 0.7737423181533813 ,     13,     1,     4,    32,    1,     0,     2,      0,       0,        1,        0,         0,        0,         0,  344037.0625
 300,   2,   0, 1.444133996963501  ,      7,     1,     1,    32,    2,     0,     1,      0,       0,        1,        0,         0,        0,         0,  670300.875
 301,   2,   0, 0.7803817391395569 ,      9,     1,     2,    24,    1,     0,     0,      0,       1,        0,        0,         0,        0,         0,  346594.1875
 302,  12,   0, 0.7659698128700256 ,     10,     0,     6,    22,    1,     0,     1,      0,       0,        1,        0,         0,        0,         0,  273663.15625
 303,   2,   0, 1.444133996963501  ,      6,     1,     1,    26,    2,     1,     4,      1,       1,        2,        1,         0,        1,         1,  307311.6875
 304,   2,   0, 1.0890039205551147 ,      3,     1,     1,    19,    0,     0,     1,      0,       0,        1,        0,         0,        0,         0,  398509.5
 305,   2,   0, 1.444133996963501  ,      6,     1,     2,    22,    1,     0,     0,      0,       1,        0,        0,         0,        0,         0,  465135.65625
 306,   2,   0, 0.7803817391395569 ,      9,     1,     2,    38,    0,     0,     2,      0,       0,        1,        0,         0,        0,         0,  455780.96875
 307,   2,   0, 1.6456676721572876 ,      4,     1,     1,    17,    1,     0,     0,      0,       1,        0,        0,         0,        0,         0,  556132.5
 308,   2,   0, 1.6555581092834473 ,      5,     0,     1,    28,    1,     0,     2,      0,       1,        1,        0,         0,        0,         0,  193749.28125
 309,   2,   0, 0.7737423181533813 ,     13,     1,     4,    35,    2,     1,     3,      1,       1,        1,        0,         0,        1,         1,  213193.328125
 310,   1,   0, 1.6555581092834473 ,      5,     1,     1,    31,    1,     0,     1,      0,       0,        0,        0,         0,        0,         0,  671981.5625
 311,   8,   0, 0.7803817391395569 ,      9,     1,     2,    15,    1,     0,     2,      0,       1,        0,        0,         0,        0,         0,  254520.8125
 312,   2,   0, 1.6456676721572876 ,      4,     1,     1,    21,    1,     1,     1,      0,       1,        1,        1,         0,        1,         0,  256394.890625
 313,   2,   0, 1.0890039205551147 ,      4,     1,     1,    22,    1,     0,     1,      0,       0,        1,        0,         0,        0,         0,  659767.1875
 314,   3,   0, 0.4145989716053009 ,     18,     1,     4,    30,    0,     0,     2,      0,       0,        1,        0,         0,        0,         0,  249065.6875
 315,   2,   0, 1.5121591091156006 ,      2,     1,     2,    27,    0,     0,     1,      0,       0,        0,        0,         0,        0,         0,  551102.8125
 316,   8,   0, 0.7803817391395569 ,      9,     0,     2,    19,    0,     0,     1,      0,       0,        1,        0,         0,        0,         0,   83215.4296875
 317,   2,   0, 0.2603248953819275 ,     16,     1,     3,    34,    3,     0,     2,      0,       1,        1,        0,         0,        0,         0,  318606.4375
 318,   2,   0, 1.444133996963501  ,      6,     0,     2,    36,    1,     0,     4,      0,       0,        4,        0,         0,        0,         0,  467602.75
 319,  12,   0, 0.7803817391395569 ,     17,     0,     5,    35,    2,     1,     1,      0,       0,        1,        0,         0,        1,         0,  202486.265625
 320,   4,   0, 0.7308878302574158 ,      7,     0,     1,    30,    1,     0,     3,      0,       0,        2,        0,         0,        0,         0,  174784.46875
 321,   2,   0, 1.6456676721572876 ,      4,     0,     1,    30,    0,     0,     2,      0,       0,        2,        0,         0,        0,         0,  141186.96875
 322,   4,   0, 0.9896032214164734 ,      9,     0,     2,    26,    0,     0,     2,      0,       0,        0,        0,         0,        0,         0,  234156.921875
 323,   2,   0, 0.9896032214164734 ,      8,     0,     1,    42,    0,     0,     3,      0,       0,        1,        0,         0,        0,         0,  167820.578125
 324,   2,   0, 0.7308878302574158 ,      7,     0,     1,    43,    3,     0,     1,      0,       1,        1,        0,         0,        0,         0,  111563.9375
 325,   8,   0, 0.7659698128700256 ,     11,     0,     3,    22,    2,     0,     2,      0,       1,        2,        0,         0,        0,         0,   73004.1015625
 326,   2,   0, 1.6456676721572876 ,      4,     0,     2,    20,    1,     0,     0,      0,       1,        0,        0,         0,        0,         0,  107488.171875
 327,   5,   0, 0.42593997716903687,     15,     0,     4,    34,    2,     0,     2,      0,       1,        1,        0,         0,        0,         0,   75983.6484375
 328,   4,   0, 0.2603248953819275 ,     18,     0,     3,    15,    2,     0,     0,      0,       2,        0,        0,         0,        0,         0,   67872.6796875
 329,   4,   0, 0.7803817391395569 ,      9,     0,     1,    46,    1,     0,     1,      0,       0,        1,        0,         0,        0,         0,   91167.0625
 330,   2,   0, 0.9896032214164734 ,      9,     0,     1,    25,    3,     1,     2,      1,       2,        1,        0,         0,        1,         1,  108591.5390625
 331,   2,   0, 0.7308878302574158 ,      7,     0,     1,    41,    1,     0,     3,      0,       1,        1,        0,         0,        0,         0,   48151.4453125
 332,   7,   0, 0.36035048961639404,     22,     1,     6,    33,    2,     0,     1,      0,       0,        1,        0,         0,        0,         0,  194554.3125
 333,   2,   0, 0.7803817391395569 ,      9,     0,     1,    34,    4,     1,     0,      0,       2,        0,        1,         0,        1,         0,  166744.1875
 334,   4,   0, 0.7308878302574158 ,      8,     0,     2,    32,    1,     0,     1,      0,       0,        1,        0,         0,        0,         0,   64301.78125
 335,   7,   0, 0.36035048961639404,     22,     0,     3,    27,    1,     0,     3,      0,       1,        1,        0,         0,        0,         0,   77261.328125
 336,  11,   0, 0.6830458045005798 ,     12,     1,     4,    25,    0,     0,     1,      0,       0,        0,        0,         0,        0,         0,  136873.609375
 337,   2,   0, 0.7803817391395569 ,      9,     0,     1,    28,    4,     0,     1,      0,       1,        1,        0,         0,        0,         0,   72068.4296875
 338,   2,   0, 1.444133996963501  ,      6,     0,     1,    35,    1,     0,     0,      0,       1,        0,        0,         0,        0,         0,  188617.5
 339,   8,   0, 0.7552112340927124 ,     14,     1,     3,    32,    1,     0,     1,      0,       0,        1,        0,         0,        0,         0,  163659.078125
 340,   3,   0, 1.444133996963501  ,      6,     0,     1,    27,    1,     0,     1,      0,       0,        0,        0,         0,        0,         0,  181383.578125
 341,   2,   0, 0.7659698128700256 ,     10,     0,     1,    45,    3,     1,     2,      0,       0,        1,        0,         0,        1,         0,  183657.890625
 342,   4,   0, 0.9896032214164734 ,      8,     0,     1,    24,    0,     0,     1,      0,       0,        1,        0,         0,        0,         0,  155635.875
 343,   2,   0, 1.6555581092834473 ,      5,     1,     2,    37,    0,     0,     3,      0,       0,        1,        0,         0,        0,         0,  328115.6875
 344,   2,   0, 1.0890039205551147 ,      3,     1,     1,    19,    1,     0,     0,      0,       1,        0,        0,         0,        0,         0,  338705.15625
 345,   2,   0, 0.6830458045005798 ,     12,     1,     1,    24,    1,     0,     2,      0,       0,        1,        0,         0,        0,         0,  267182.71875
 346,   5,   0, 0.9850392937660217 ,     11,     1,     4,    23,    1,     1,     0,      0,       1,        0,        1,         0,        1,         0,  193656.5
 347,   2,   0, 1.6555581092834473 ,      5,     1,     2,    23,    0,     0,     2,      0,       0,        2,        0,         0,        0,         0,  156077.984375
 348,   2,   0, 1.0890039205551147 ,      3,     1,     1,    26,    1,     0,     0,      0,       1,        0,        0,         0,        0,         0,  349751.34375
 349,   2,   0, 0.2603248953819275 ,     16,     0,     2,    48,    2,     0,     0,      0,       1,        0,        0,         0,        0,         0,   84663.9140625
 350,   2,   0, 1.0890039205551147 ,      7,     0,     1,    28,    1,     0,     2,      0,       0,        1,        0,         0,        0,         0,   29233.35546875
 351,   2,   0, 0.7308878302574158 ,      8,     0,     3,    22,    0,     0,     1,      0,       0,        0,        0,         0,        0,         0,  177983.96875
 352,   2,   0, 1.0890039205551147 ,      3,     1,     1,    21,    1,     0,     0,      0,       1,        0,        0,         0,        0,         0,  449469.25
 353,   1,   0, 1.6456676721572876 ,      4,     1,     1,    25,    2,     0,     1,      0,       1,        1,        0,         0,        0,         0,  168025.5
 354,   4,   0, 0.7308878302574158 ,      7,     0,     1,    47,    2,     0,     1,      0,       2,        0,        0,         0,        0,         0,  238196.921875
 355,   5,   0, 0.7659698128700256 ,     10,     1,     5,    26,    3,     0,     0,      0,       1,        0,        0,         0,        0,         0,  228118.546875
 356,   2,   0, 0.9896032214164734 ,      8,     1,     1,    39,    1,     0,     1,      0,       0,        0,        0,         0,        0,         0,  230367.734375
 357,   2,   0, 0.36035048961639404,     30,     1,     6,    38,    1,     0,     2,      0,       0,        1,        0,         0,        0,         0,  125903.4296875
 358,   2,   0, 1.6456676721572876 ,      4,     0,     1,    20,    1,     0,     1,      0,       1,        1,        0,         0,        0,         0,  238930.671875
 359,   2,   0, 1.6456676721572876 ,      5,     1,     1,    21,    0,     0,     3,      0,       0,        2,        0,         0,        0,         0,  355765.9375
 360,   6,   0, 0.7308878302574158 ,      7,     0,     2,    40,    2,     0,     1,      1,       1,        0,        0,         0,        0,         1,  185325.78125
 361,   2,   0, 0.7737423181533813 ,     13,     1,     1,    32,    0,     0,     1,      0,       0,        1,        0,         0,        0,         0,  129903.53125
 362,   2,   0, 1.444133996963501  ,      6,     1,     1,    30,    1,     0,     2,      0,       0,        1,        0,         0,        0,         0,  406194.59375
 363,   5,   0, 0.7803817391395569 ,      9,     0,     2,    33,    1,     0,     0,      0,       0,        0,        0,         0,        0,         0,  219215.390625
 364,   2,   0, 1.6456676721572876 ,      4,     0,     1,    31,    0,     0,     2,      0,       0,        1,        0,         0,        0,         0,  130814.3359375
 365,  10,   0, 0.4145989716053009 ,     17,     0,     3,    35,    3,     0,     1,      0,       1,        1,        0,         0,        0,         0,   63544.05078125
 366,   2,   0, 0.9896032214164734 ,      8,     1,     1,    37,    2,     0,     2,      1,       0,        1,        0,         0,        0,         1,  216165.703125
 367,   2,   0, 0.9850392937660217 ,     11,     1,     2,    19,    0,     0,     3,      0,       0,        2,        0,         0,        0,         0,  436048.71875
 368,   2,   0, 1.444133996963501  ,      6,     0,     1,    43,    0,     0,     2,      0,       0,        1,        0,         0,        0,         0,   97480.2109375
 369,   1,   0, 1.444133996963501  ,      7,     0,     1,    36,    4,     1,     0,      0,       2,        0,        0,         0,        1,         0,  127894.9921875
 370,   2,   0, 1.444133996963501  ,      9,     1,     1,    27,    3,     0,     1,      0,       2,        0,        0,         0,        0,         0,  524381.25
 371,   2,   0, 1.0890039205551147 ,      3,     1,     1,    25,    0,     0,     1,      0,       0,        1,        0,         0,        0,         0,  542057.4375
 372,   2,   0, 0.7308878302574158 ,      7,     1,     1,    21,    1,     1,     2,      0,       0,        2,        0,         0,        1,         0,  153677.625
 373,   4,   1, 0.6520087718963623 ,     12,     0,     2,    15,    0,     0,     1,      0,       0,        1,        0,         0,        0,         0,  154219.3125
 374,   2,   1, 0.5881971120834351 ,     13,     0,     1,    30,    1,     0,     3,      0,       1,        1,        0,         0,        0,         0,  130704.640625
 375,   2,   1, 0.8418475985527039 ,     19,     0,     5,    42,    3,     0,     0,      0,       1,        0,        0,         0,        0,         0,  128921.2265625
 376,   5,   1, 0.9311296939849854 ,     10,     0,     5,    29,    2,     0,     1,      0,       1,        0,        0,         0,        0,         0,  131431.375
 377,   3,   1, 1.119539499282837  ,      9,     1,     2,    17,    1,     0,     0,      0,       1,        0,        0,         0,        0,         0,   89852.2578125
 378,   4,   1, 0.8278607726097107 ,     11,     0,     3,    20,    1,     0,     1,      0,       1,        1,        0,         0,        0,         0,  116159.96875
 379,   9,   1, 0.8418475985527039 ,     15,     1,     2,    38,    3,     0,     1,      0,       3,        0,        0,         0,        0,         0,  102260.1796875
 380,   7,   1, 0.5881971120834351 ,     13,     0,     1,    27,    2,     0,     3,      0,       1,        1,        0,         0,        0,         0,   86612.234375
 381,  11,   1, 0.5881971120834351 ,     16,     1,     3,    29,    1,     0,     3,      0,       1,        1,        0,         0,        0,         0,  104375.96875
 382,  19,   1, 0.42482995986938477,     26,     0,     8,    31,    2,     0,     0,      0,       2,        0,        0,         0,        0,         0,   98095.484375
 383,  16,   1, 0.3176289498806    ,     17,     0,     4,    18,    0,     0,     2,      0,       0,        1,        0,         0,        0,         0,  123587.515625
 384,  10,   1, 0.22351785004138947,     16,     1,     3,    31,    1,     0,     2,      0,       1,        1,        0,         0,        0,         0,  131007.0390625
 385,   4,   1, 0.8418475985527039 ,     17,     0,     6,    23,    1,     0,     0,      0,       1,        0,        0,         0,        0,         0,   79861.828125
 386,   3,   1, 1.452813744544983  ,      8,     0,     2,    23,    1,     0,     0,      0,       1,        0,        0,         0,        0,         0,  273525.96875
 387,  11,   1, 0.6520087718963623 ,     17,     0,     4,    26,    1,     0,     1,      0,       1,        0,        0,         0,        0,         0,   67725.875
 388,   2,   1, 1.1044889688491821 ,      7,     0,     2,    22,    2,     0,     0,      0,       1,        0,        0,         0,        0,         0,  102355.515625
 389,   2,   1, 0.8278607726097107 ,     11,     0,     2,    37,    2,     0,     2,      0,       2,        1,        0,         0,        0,         0,   60860.90234375
 390,   2,   1, 0.9768761396408081 ,      8,     0,     2,    35,    4,     0,     1,      0,       2,        0,        0,         0,        0,         0,  144685.53125
 391,   2,   1, 1.1044889688491821 ,      5,     0,     1,    37,    2,     1,     2,      0,       1,        1,        0,         0,        1,         0,  256645.5
 392,   6,   1, 0.9279379844665527 ,      9,     0,     2,    32,    0,     0,     3,      0,       0,        0,        0,         0,        0,         0,  101846.890625
 393,   5,   1, 1.2546306848526    ,      6,     0,     2,    19,    0,     0,     1,      0,       0,        1,        0,         0,        0,         0,   66487.171875
 394,   2,   1, 1.3641785383224487 ,      3,     0,     1,    22,    1,     0,     0,      0,       1,        0,        0,         0,        0,         0,  233855.9375
 395,   5,   1, 0.5881971120834351 ,     13,     0,     3,    16,    3,     0,     0,      0,       1,        0,        0,         0,        0,         0,  169454.46875
 396,   2,   1, 1.3641785383224487 ,      3,     0,     1,    23,    0,     0,     1,      0,       0,        1,        0,         0,        0,         0,  264101.625
 397,   2,   1, 1.1044889688491821 ,      5,     0,     2,    46,    1,     0,     1,      0,       0,        0,        0,         0,        0,         0,  362056.3125
 398,   2,   1, 1.1044889688491821 ,      5,     0,     1,    29,    3,     1,     1,      0,       2,        0,        1,         0,        1,         0,  751544.25
 399,   3,   1, 1.2546306848526    ,      6,     1,     2,    22,    1,     0,     0,      0,       1,        0,        0,         0,        0,         0,  337575.78125
 400,   2,   1, 1.687658667564392  ,      3,     0,     1,    19,    1,     0,     0,      0,       1,        0,        0,         0,        0,         0,  104267.5078125
 401,   2,   1, 1.452813744544983  ,      6,     0,     1,    49,    2,     0,     1,      1,       1,        0,        0,         0,        0,         1,  204067.828125
 402,   2,   1, 1.452813744544983  ,      5,     0,     1,    41,    3,     1,     3,      0,       1,        1,        0,         0,        1,         0,  205692.1875
 403,   2,   1, 1.7867658138275146 ,      3,     0,     1,    29,    1,     0,     2,      1,       1,        1,        0,         0,        0,         1,  117357.5390625
 404,   1,   1, 1.3641785383224487 ,      3,     0,     1,    45,    1,     0,     0,      0,       0,        0,        0,         0,        0,         0,  487165.65625
 405,   2,   1, 1.2546306848526    ,      6,     1,     1,    41,    1,     0,     1,      0,       0,        0,        0,         0,        0,         0,  561297.6875
 406,   3,   1, 1.2546306848526    ,      6,     0,     2,    30,    3,     0,     0,      0,       1,        0,        0,         0,        0,         0,  220032.109375
 407,   2,   1, 0.8278607726097107 ,     11,     1,     1,    39,    1,     0,     2,      0,       0,        1,        0,         0,        0,         0,  234644.6875
 408,   2,   1, 0.9768761396408081 ,      7,     0,     1,    37,    1,     0,     2,      0,       1,        1,        0,         0,        0,         0,  115239.625
 409,   2,   1, 0.9279379844665527 ,     10,     1,     2,    31,    2,     0,     3,      0,       2,        0,        0,         0,        0,         0,  209080.4375
 410,   2,   1, 1.452813744544983  ,      5,     0,     1,    27,    0,     0,     3,      0,       0,        1,        0,         0,        0,         0,  101434.3203125
 411,   2,   1, 1.1044889688491821 ,      4,     1,     1,    27,    2,     0,     0,      0,       2,        0,        0,         0,        0,         0,  387946.125
 412,   2,   1, 0.8278607726097107 ,     11,     1,     2,    29,    2,     0,     3,      0,       2,        0,        0,         0,        0,         0,  160996.71875
 413,   1,   1, 1.1044889688491821 ,      4,     0,     1,    40,    3,     2,     2,      0,       0,        1,        0,         0,        2,         0,  184116.484375
 414,   2,   1, 1.2546306848526    ,      6,     0,     1,    38,    0,     0,     2,      0,       0,        1,        0,         0,        0,         0,  171101.671875
 415,   2,   1, 0.9768761396408081 ,      7,     0,     1,    30,    3,     0,     2,      0,       1,        2,        0,         0,        0,         0,  135608.15625
 416,   1,   1, 0.8278607726097107 ,     11,     0,     3,    36,    0,     0,     1,      0,       0,        1,        0,         0,        0,         0,   84770.9375
 417,   2,   1, 1.452813744544983  ,      5,     0,     1,    26,    2,     0,     2,      0,       0,        2,        0,         0,        0,         0,   79814.578125
 418,   2,   1, 0.9279379844665527 ,      9,     1,     1,    24,    1,     0,     3,      0,       1,        2,        0,         0,        0,         0,  150606.78125
 419,   3,   1, 0.9768761396408081 ,      7,     0,     1,    27,    3,     0,     1,      0,       2,        0,        0,         0,        0,         0,   74863.9609375
 420,   2,   1, 1.452813744544983  ,      5,     0,     1,    31,    5,     0,     1,      0,       2,        0,        0,         0,        0,         0,  165976.546875
 421,   2,   1, 0.9768761396408081 ,      8,     0,     2,    32,    2,     0,     1,      0,       1,        1,        0,         0,        0,         0,  129841.203125
 422,   2,   1, 0.9768761396408081 ,      7,     0,     2,    30,    3,     0,     0,      0,       2,        0,        0,         0,        0,         0,  186413.078125
 423,   2,   1, 0.4482560157775879 ,     16,     0,     4,    46,    4,     0,     2,      1,       1,        0,        0,         0,        0,         1,   47358.265625
 424,   4,   1, 0.9311296939849854 ,     11,     0,     3,    19,    1,     0,     0,      0,       1,        0,        0,         0,        0,         0,   73382.3984375
 425,  15,   1, 0.42482995986938477,     21,     0,     4,    25,    1,     0,     1,      0,       1,        0,        0,         0,        0,         0,  285391.5
 426,  10,   1, 0.4482560157775879 ,     24,     0,     3,    27,    2,     1,     1,      0,       1,        1,        1,         0,        1,         0,   48815.88671875
 427,  16,   1, 0.42482995986938477,     29,     0,     5,    28,    2,     0,     1,      0,       0,        1,        0,         0,        0,         0,  100895.515625
 428,   6,   1, 0.5881971120834351 ,     15,     0,     3,    28,    1,     0,     1,      0,       1,        1,        0,         0,        0,         0,  313407.71875
 429,   2,   1, 1.2546306848526    ,      7,     0,     1,    43,    0,     0,     1,      0,       0,        1,        0,         0,        0,         0,  221908.75
 430,   2,   1, 1.2546306848526    ,      6,     1,     1,    17,    0,     0,     1,      0,       0,        1,        0,         0,        0,         0,  154166.03125
 431,   3,   1, 1.2546306848526    ,      6,     1,     1,    44,    2,     0,     1,      0,       0,        1,        0,         0,        0,         0,  203900.703125
 432,   5,   1, 0.42482995986938477,     22,     0,     6,    17,    0,     0,     1,      0,       0,        1,        0,         0,        0,         0,  234870.6875
 433,   2,   1, 1.119539499282837  ,      8,     1,     1,    22,    6,     1,     1,      0,       3,        1,        1,         0,        1,         0,   56937.796875
 434,   6,   1, 0.4482560157775879 ,     16,     0,     5,    45,    1,     0,     0,      0,       0,        0,        0,         0,        0,         0,  260587.5625
 435,   2,   1, 1.119539499282837  ,      9,     1,     1,    38,    1,     0,     2,      0,       1,        0,        0,         0,        0,         0,   61014.0078125
 436,   3,   1, 0.42482995986938477,     19,     1,     4,    19,    1,     0,     0,      0,       1,        0,        0,         0,        0,         0,  128955.4453125
 437,   7,   1, 0.8278607726097107 ,     11,     0,     3,    19,    1,     0,     0,      0,       0,        0,        0,         0,        0,         0,  117271.3203125
 438,  13,   1, 0.3176289498806    ,     18,     0,     3,    17,    2,     0,     0,      0,       1,        0,        0,         0,        0,         0,   95106.9453125
 439,   2,   1, 0.9279379844665527 ,      9,     0,     1,    35,    5,     1,     1,      0,       1,        1,        1,         0,        1,         0,   65530.9921875
 440,   2,   1, 1.1044889688491821 ,      4,     1,     1,    17,    1,     0,     0,      0,       1,        0,        0,         0,        0,         0,  340413.53125
 441,   9,   1, 0.6520087718963623 ,     12,     0,     3,    30,    1,     0,     3,      1,       1,        1,        0,         0,        0,         1,  245067.078125
 442,  17,   1, 0.42482995986938477,     21,     0,     4,    19,    2,     0,     2,      0,       2,        2,        0,         0,        0,         0,  255592.765625
 443,   2,   1, 1.119539499282837  ,      8,     0,     2,    46,    1,     0,     2,      0,       0,        0,        0,         0,        0,         0,   88955.8828125
 444,   4,   1, 0.9311296939849854 ,     11,     0,     3,    19,    0,     0,     1,      0,       0,        1,        0,         0,        0,         0,  106326.40625
 445,   3,   1, 0.9768761396408081 ,      7,     0,     1,    39,    1,     0,     2,      0,       0,        2,        0,         0,        0,         0,   42116.05859375
 446,   8,   1, 1.687658667564392  ,      8,     0,     2,    16,    0,     0,     1,      0,       0,        1,        0,         0,        0,         0,  138737.171875
 447,   6,   1, 0.9311296939849854 ,     11,     0,     1,    41,    2,     0,     0,      0,       1,        0,        0,         0,        0,         0,   61836.63671875
 448,   4,   1, 1.1044889688491821 ,      4,     0,     1,    37,    2,     2,     0,      0,       0,        0,        0,         0,        2,         0,  184749.40625
 449,   2,   1, 1.452813744544983  ,      6,     0,     2,    34,    2,     2,     1,      1,       0,        1,        0,         1,        2,         1,  101254.1015625
 450,   2,   1, 1.2546306848526    ,      6,     0,     1,    39,    1,     0,     1,      0,       0,        0,        0,         0,        0,         0,   44477.54296875
 451,   2,   1, 0.8278607726097107 ,     11,     1,     2,    33,    2,     0,     2,      1,       1,        0,        0,         0,        0,         1,   61436.046875
 452,   9,   1, 1.119539499282837  ,     10,     0,     1,    35,    1,     0,     1,      1,       0,        1,        0,         1,        0,         1,  104795.5703125
 453,   7,   1, 0.9768761396408081 ,      7,     0,     2,    23,    3,     2,     2,      1,       0,        2,        0,         1,        2,         1,  100133.7578125
 454,   6,   1, 0.9311296939849854 ,     10,     0,     2,    46,    1,     0,     1,      0,       0,        1,        0,         0,        0,         0,  169001.25
 455,   2,   1, 1.119539499282837  ,      8,     0,     1,    42,    2,     1,     1,      0,       0,        1,        0,         0,        1,         0,  122639.546875
 456,   1,   1, 1.2546306848526    ,      6,     0,     1,    28,    3,     0,     1,      0,       2,        0,        0,         0,        0,         0,   89565.4609375
 457,   2,   1, 0.9279379844665527 ,      9,     0,     2,    21,    2,     0,     1,      0,       1,        1,        0,         0,        0,         0,   91065.4453125
 458,   2,   1, 0.6520087718963623 ,     12,     0,     3,    24,    1,     0,     3,      0,       0,        2,        0,         0,        0,         0,   82383.171875
 459,   4,   1, 0.8418475985527039 ,     17,     0,     2,    36,    0,     0,     3,      0,       0,        2,        0,         0,        0,         0,   75149.0625
 460,   2,   1, 1.2546306848526    ,      6,     1,     1,    21,    0,     0,     1,      0,       0,        1,        0,         0,        0,         0,  147012.171875
 461,   2,   1, 0.8278607726097107 ,     12,     0,     2,    47,    0,     0,     1,      0,       0,        0,        0,         0,        0,         0,   78992.34375
 462,  10,   1, 0.22351785004138947,     14,     1,     1,    30,    2,     0,     1,      0,       0,        1,        0,         0,        0,         0,  177194.96875
 463,   2,   1, 1.119539499282837  ,      8,     0,     1,    36,    3,     0,     0,      0,       1,        0,        0,         0,        0,         0,  100993.3828125
 464,  13,   1, 0.8278607726097107 ,     13,     0,     5,    23,    1,     0,     0,      0,       1,        0,        0,         0,        0,         0,  122116.015625
 465,   2,   1, 1.119539499282837  ,      8,     0,     1,    18,    3,     0,     0,      0,       2,        0,        0,         0,        0,         0,  107032.2109375
 466,   2,   1, 1.1044889688491821 ,      4,     0,     1,    44,    1,     0,     0,      0,       0,        0,        0,         0,        0,         0,  139483.84375
 467,   2,   1, 1.1044889688491821 ,      4,     0,     1,    17,    2,     0,     1,      0,       1,        1,        0,         0,        0,         0,   91564.6484375
 468,   7,   1, 0.9768761396408081 ,      7,     0,     2,    25,    4,     1,     0,      0,       2,        0,        1,         0,        1,         0,  127444.0859375
 469,   9,   1, 0.4482560157775879 ,     18,     1,     4,    40,    1,     0,     1,      0,       0,        0,        0,         0,        0,         0,  153855.71875
 470,   3,   1, 1.452813744544983  ,      5,     0,     2,    20,    0,     0,     1,      0,       0,        1,        0,         0,        0,         0,  100766.515625
 471,  10,   1, 0.6520087718963623 ,     13,     0,     3,    41,    0,     0,     1,      0,       0,        1,        0,         0,        0,         0,  106800.7421875
 472,   5,   1, 1.2546306848526    ,      6,     0,     2,    22,    0,     0,     2,      0,       0,        1,        0,         0,        0,         0,   72509.7578125
 473,   5,   1, 0.9311296939849854 ,     10,     0,     2,    21,    0,     0,     1,      1,       0,        0,        0,         0,        0,         1,   75884.046875
 474,   8,   1, 0.6520087718963623 ,     12,     0,     2,    40,    2,     0,     1,      0,       0,        1,        0,         0,        0,         0,   87236.0234375
 475,   5,   1, 0.5881971120834351 ,     14,     0,     2,    30,    4,     0,     0,      0,       2,        0,        0,         0,        0,         0,   92826.9921875
 476,   3,   1, 0.4482560157775879 ,     20,     1,     3,    38,    4,     0,     0,      0,       1,        0,        0,         0,        0,         0,  357388.78125
 477,  15,   1, 0.4482560157775879 ,     16,     1,     4,    28,    2,     0,     1,      0,       2,        0,        0,         0,        0,         0,  136515.78125
 478,   3,   1, 1.452813744544983  ,      5,     0,     2,    19,    4,     3,     2,      2,       1,        1,        0,         1,        3,         2,  199663.0625
 479,   2,   1, 1.452813744544983  ,      5,     0,     1,    37,    0,     0,     1,      0,       0,        1,        0,         0,        0,         0,   95991.8046875
 480,   7,   1, 0.6520087718963623 ,     12,     1,     2,    25,    2,     0,     2,      0,       1,        2,        0,         0,        0,         0,   70488.03125
 481,   3,   1, 0.9768761396408081 ,      8,     1,     3,    21,    2,     0,     3,      2,       1,        1,        0,         0,        0,         2,   78520.0390625
 482,   2,   1, 0.8278607726097107 ,     11,     0,     1,    37,    3,     0,     1,      0,       2,        0,        0,         0,        0,         0,  126462.203125
 483,   6,   1, 0.9311296939849854 ,     12,     1,     2,    36,    3,     1,     1,      0,       2,        0,        1,         0,        1,         0,   86871.1015625
 484,   3,   1, 0.6520087718963623 ,     14,     1,     4,    31,    2,     0,     2,      0,       1,        1,        0,         0,        0,         0,  142104.171875
 485,   7,   1, 0.42482995986938477,     19,     0,     2,    22,    1,     0,     3,      1,       1,        2,        0,         0,        0,         1,   92107.984375
 486,   6,   1, 0.8278607726097107 ,     12,     0,     4,    22,    1,     0,     0,      0,       1,        0,        0,         0,        0,         0,  200160.546875
 487,   2,   1, 0.9768761396408081 ,      8,     0,     1,    41,    1,     0,     2,      0,       0,        0,        0,         0,        0,         0,  153010.640625
 488,   9,   1, 0.42482995986938477,     20,     0,     4,    32,    0,     0,     4,      0,       0,        2,        0,         0,        0,         0,   56566.38671875
 489,   7,   1, 0.42482995986938477,     20,     0,     5,    27,    2,     0,     1,      0,       2,        0,        0,         0,        0,         0,   58931.1796875
 490,   6,   1, 0.6520087718963623 ,     12,     0,     2,    48,    1,     0,     0,      0,       1,        0,        0,         0,        0,         0,   82809.7890625
 491,   2,   1, 1.1044889688491821 ,      4,     0,     1,    18,    1,     0,     0,      0,       1,        0,        0,         0,        0,         0,  214159.640625
 492,   7,   1, 0.9279379844665527 ,      9,     0,     2,    18,    1,     0,     1,      0,       1,        0,        0,         0,        0,         0,   95896.9765625
 493,   2,   1, 1.119539499282837  ,      8,     1,     1,    39,    2,     0,     0,      0,       0,        0,        0,         0,        0,         0,   91872.6328125
 494,   2,   1, 0.9279379844665527 ,     10,     0,     2,    24,    0,     0,     1,      0,       0,        1,        0,         0,        0,         0,   91036.328125
 495,   2,   1, 1.3641785383224487 ,      3,     1,     1,    17,    1,     0,     0,      0,       1,        0,        0,         0,        0,         0,  236621.046875
 496,   2,   1, 0.8418475985527039 ,     15,     0,     1,    35,    1,     0,     1,      0,       0,        1,        0,         0,        0,         0,  145523.40625
 497,   2,   1, 1.452813744544983  ,      5,     0,     1,    43,    1,     0,     1,      0,       0,        0,        0,         0,        0,         0,  164428.546875
 498,  10,   1, 0.6520087718963623 ,     12,     1,     3,    23,    1,     0,     2,      1,       1,        1,        0,         1,        0,         1,  120752.3984375
 499,   2,   1, 1.452813744544983  ,      5,     0,     1,    32,    1,     0,     0,      0,       0,        0,        0,         0,        0,         0,  193392.21875
 500,   2,   1, 0.9768761396408081 ,      7,     0,     1,    37,    3,     0,     0,      0,       1,        0,        0,         0,        0,         0,  123735.875
 501,   2,   1, 0.5881971120834351 ,     13,     0,     2,    31,    4,     1,     2,      0,       0,        2,        0,         0,        1,         0,   58445.0078125
 502,   2,   1, 1.452813744544983  ,      5,     0,     1,    26,    2,     1,     2,      1,       1,        0,        0,         0,        1,         1,  135554.84375
 503,   2,   1, 1.3641785383224487 ,      3,     0,     1,    40,    1,     0,     0,      0,       0,        0,        0,         0,        0,         0,  293083.96875
 504,   2,   1, 1.1044889688491821 ,      4,     1,     1,    25,    1,     0,     2,      0,       0,        2,        0,         0,        0,         0,  350940.65625
 505,   2,   1, 0.9279379844665527 ,      9,     0,     1,    41,    3,     0,     0,      0,       1,        0,        0,         0,        0,         0,  214393.296875
 506,   2,   1, 0.9279379844665527 ,      9,     0,     1,    37,    2,     0,     2,      0,       0,        1,        0,         0,        0,         0,  199505.171875
 507,   2,   1, 1.2546306848526    ,      6,     1,     1,    38,    1,     0,     3,      0,       0,        2,        0,         0,        0,         0,   96233.8515625
 508,   2,   1, 0.5645484924316406 ,      9,     0,     3,    47,    0,     0,     1,      1,       0,        0,        0,         0,        0,         1,   62120.59765625
 509,   2,   1, 0.5645484924316406 ,      9,     0,     1,    44,    1,     0,     3,      0,       0,        1,        0,         0,        0,         0,   62713.08984375
 510,   2,   1, 1.5509129762649536 ,      6,     0,     1,    47,    0,     0,     1,      0,       0,        0,        0,         0,        0,         0,  167696.6875
 511,   2,   1, 0.5758864879608154 ,      8,     0,     1,    40,    2,     0,     1,      0,       1,        0,        0,         0,        0,         0,  102907.0078125
 512,   2,   1, 1.3094971179962158 ,      4,     0,     1,    26,    1,     0,     1,      0,       1,        1,        0,         0,        0,         0,  145252.3125
 513,   2,   1, 1.6086715459823608 ,      2,     0,     1,    39,    2,     0,     0,      0,       0,        0,        0,         0,        0,         0,  130894.5
 514,   2,   1, 1.0447947978973389 ,      5,     0,     1,    21,    1,     0,     1,      0,       0,        1,        0,         0,        0,         0,   40543.68359375
 515,   4,   1, 1.0447947978973389 ,      5,     0,     2,    17,    0,     0,     1,      0,       0,        1,        0,         0,        0,         0,   77114.5390625
 516,   2,   1, 1.0447947978973389 ,      5,     0,     1,    27,    1,     1,     3,      0,       1,        2,        1,         0,        1,         0,  100158.1484375
 517,   2,   1, 1.3094971179962158 ,      4,     0,     1,    32,    1,     0,     2,      1,       1,        0,        0,         0,        0,         1,   79190.2890625
 518,   2,   1, 2.136885404586792  ,      3,     0,     1,    31,    1,     0,     0,      0,       1,        0,        0,         0,        0,         0,  242462.1875
 519,   2,   1, 1.0447947978973389 ,      6,     1,     1,    15,    0,     0,     1,      0,       0,        1,        0,         0,        0,         0,  144142.640625
 520,   2,   1, 1.5509129762649536 ,      7,     0,     3,    33,    3,     2,     1,      0,       2,        1,        1,         0,        2,         0,  113718.4609375
 521,  15,   1, 0.3710596561431885 ,     16,     0,     3,    26,    0,     0,     1,      0,       0,        1,        0,         0,        0,         0,  103821.4140625
 522,   2,   1, 1.6086715459823608 ,      2,     1,     1,    21,    1,     1,     1,      1,       1,        1,        1,         1,        1,         1,  206746.484375
 523,   7,   1, 0.28447774052619934,     17,     0,     4,    46,    1,     1,     2,      0,       1,        1,        1,         0,        1,         0,   67370.9609375
 524,   7,   1, 1.2546306848526    ,      7,     0,     2,    32,    2,     2,     2,      1,       1,        1,        1,         1,        2,         1,  154785.171875
 525,   2,   1, 0.9279379844665527 ,      9,     0,     1,    44,    1,     0,     1,      0,       0,        1,        0,         0,        0,         0,  147370.46875
 526,   2,   1, 1.2546306848526    ,      6,     0,     2,    37,    1,     0,     2,      0,       0,        2,        0,         0,        0,         0,  140519.125
 527,   2,   1, 1.2546306848526    ,      6,     0,     1,    42,    4,     1,     0,      0,       2,        0,        1,         0,        1,         0,   91402.5234375
 528,   7,   1, 1.119539499282837  ,      9,     0,     1,    22,    0,     0,     1,      0,       0,        1,        0,         0,        0,         0,   83719.3046875
 529,   2,   1, 1.452813744544983  ,      5,     0,     1,    43,    1,     0,     0,      0,       0,        0,        0,         0,        0,         0,   41498.5234375
 530,   2,   1, 1.452813744544983  ,      5,     0,     1,    42,    0,     0,     2,      0,       0,        1,        0,         0,        0,         0,   95375.640625
 531,   2,   1, 1.2546306848526    ,      6,     0,     1,    40,    3,     1,     3,      2,       1,        2,        0,         2,        1,         2,   74963.953125
 532,   2,   1, 1.1044889688491821 ,      4,     0,     3,    40,    0,     0,     1,      0,       0,        0,        0,         0,        0,         0,  211021.84375
 533,   2,   1, 0.9768761396408081 ,      7,     0,     1,    30,    2,     0,     2,      0,       0,        2,        0,         0,        0,         0,   26414.962890625
 534,   2,   1, 1.452813744544983  ,      5,     1,     1,    24,    3,     0,     0,      0,       2,        0,        0,         0,        0,         0,  198260.109375
 535,   3,   1, 1.5509129762649536 ,      6,     0,     2,    23,    2,     0,     0,      0,       2,        0,        0,         0,        0,         0,  205635.453125
 536,   2,   1, 1.5509129762649536 ,      7,     0,     1,    29,    2,     0,     1,      0,       1,        0,        0,         0,        0,         0,  223810.5
 537,   2,   1, 0.5758864879608154 ,      8,     0,     2,    46,    0,     0,     2,      0,       0,        0,        0,         0,        0,         0,  109816.8671875
 538,   4,   1, 1.5509129762649536 ,      6,     0,     2,    16,    1,     0,     0,      0,       1,        0,        0,         0,        0,         0,  224074.5625
 539,  12,   1, 1.2273629903793335 ,     14,     1,     3,    17,    0,     0,     1,      1,       0,        1,        0,         1,        0,         1,  132267.609375
 540,   3,   1, 0.5645484924316406 ,     11,     0,     3,    37,    0,     0,     1,      0,       0,        0,        0,         0,        0,         0,   98494.46875
 541,   2,   1, 0.21336591243743896,     17,     0,     2,    35,    3,     0,     1,      0,       2,        1,        0,         0,        0,         0,  146054.75
 542,   7,   1, 0.5426765084266663 ,     11,     1,     5,    18,    1,     0,     0,      0,       1,        0,        0,         0,        0,         0,  225074.546875
 543,   4,   1, 0.07758483290672302,     21,     0,     5,    20,    0,     0,     1,      0,       0,        1,        0,         0,        0,         0,   92182.2421875
 544,   3,   1, 0.5758864879608154 ,      9,     0,     1,    34,    1,     0,     2,      0,       0,        1,        0,         0,        0,         0,  153733.46875
 545,   1,   1, 2.136885404586792  ,      3,     0,     1,    45,    2,     0,     0,      0,       1,        0,        0,         0,        0,         0,  187545.765625
 546,   7,   1, 1.0447947978973389 ,      7,     0,     3,    23,    3,     0,     0,      0,       1,        0,        0,         0,        0,         0,  111781.125
 547,   9,   1, 0.5426765084266663 ,     11,     1,     3,    25,    2,     0,     3,      0,       1,        1,        0,         0,        0,         0,  124720.9765625
 548,   2,   1, 0.5645484924316406 ,      9,     0,     1,    34,    1,     0,     4,      0,       1,        2,        0,         0,        0,         0,   68773.21875
 549,   1,   1, 2.136885404586792  ,      3,     0,     1,    32,    2,     0,     2,      0,       1,        1,        0,         0,        0,         0,  146239.90625
 550,   2,   1, 1.03108549118042   ,      7,     0,     2,    40,    4,     1,     0,      0,       0,        0,        0,         0,        1,         0,  106714.6171875
 551,   2,   1, 1.03108549118042   ,      7,     0,     1,    47,    2,     0,     0,      0,       0,        0,        0,         0,        0,         0,  161971.25
 552,   7,   1, 0.5285396575927734 ,     10,     0,     4,    26,    1,     0,     2,      0,       0,        2,        0,         0,        0,         0,   61919.29296875
 553,   2,   1, 1.03108549118042   ,      8,     0,     1,    23,    1,     0,     3,      1,       1,        1,        0,         0,        0,         1,   56044.2734375
 554,   2,   1, 0.7940690517425537 ,      6,     0,     1,    31,    2,     0,     2,      0,       1,        1,        0,         0,        0,         0,   82585.859375
 555,   4,   1, 0.9531460404396057 ,      7,     0,     2,    22,    1,     0,     1,      0,       1,        1,        0,         0,        0,         0,   60115.2578125
 556,  10,   1, 0.3957805037498474 ,     13,     0,     2,    35,    2,     1,     1,      0,       2,        1,        1,         0,        1,         0,   96559.8671875
 557,   2,   1, 0.9095016121864319 ,      5,     0,     1,    25,    2,     0,     1,      0,       1,        1,        0,         0,        0,         0,   38817.9453125
 558,   2,   1, 0.844703197479248  ,     11,     0,     2,    39,    0,     0,     2,      0,       0,        1,        0,         0,        0,         0,   92810.53125
 559,   2,   1, 0.9095016121864319 ,      5,     0,     1,    41,    1,     0,     2,      2,       0,        1,        0,         1,        0,         2,   60744.73828125
 560,   2,   1, 1.3808015584945679 ,      4,     0,     1,    30,    1,     0,     0,      0,       0,        0,        0,         0,        0,         0,  244219.75
 561,   2,   1, 0.844703197479248  ,     11,     1,     2,    26,    0,     0,     1,      0,       0,        1,        0,         0,        0,         0,  115329.1796875
 562,   5,   1, 0.9781854748725891 ,      8,     0,     2,    27,    1,     0,     0,      0,       1,        0,        0,         0,        0,         0,   84800
 563,   6,   1, 0.3957805037498474 ,     13,     0,     3,    27,    2,     0,     1,      0,       1,        1,        0,         0,        0,         0,  103140.15625
 564,   5,   1, 1.0447947978973389 ,      7,     0,     2,    19,    0,     0,     1,      0,       0,        1,        0,         0,        0,         0,  140482.71875
 565,   2,   1, 0.5758864879608154 ,      9,     0,     2,    30,    1,     0,     1,      0,       1,        1,        0,         0,        0,         0,  132090.859375
 566,   5,   1, 0.5426765084266663 ,     11,     1,     2,    42,    2,     0,     1,      0,       1,        1,        0,         0,        0,         0,   75834.859375
 567,   2,   1, 1.0447947978973389 ,      5,     0,     1,    37,    0,     0,     2,      0,       0,        1,        0,         0,        0,         0,  135856.59375
 568,   2,   1, 1.03108549118042   ,      7,     1,     1,    25,    3,     0,     2,      0,       2,        1,        0,         0,        0,         0,  105545.3125
 569,   5,   1, 0.5758864879608154 ,      8,     0,     2,    19,    0,     0,     1,      0,       0,        1,        0,         0,        0,         0,   78038.90625
 570,   8,   1, 0.5285396575927734 ,     11,     0,     3,    40,    2,     0,     1,      1,       0,        0,        0,         0,        0,         1,  116141.1171875
 571,   5,   1, 0.5758864879608154 ,      9,     0,     3,    21,    1,     0,     1,      0,       1,        0,        0,         0,        0,         0,  155545.71875
 572,   2,   1, 1.5509129762649536 ,      6,     0,     1,    38,    3,     0,     0,      0,       2,        0,        0,         0,        0,         0,  140704.078125
 573,   2,   1, 0.5645484924316406 ,      9,     0,     3,    41,    0,     0,     1,      0,       0,        0,        0,         0,        0,         0,  281228.40625
 574,   3,   1, 1.5509129762649536 ,      8,     0,     2,    17,    0,     0,     1,      0,       0,        1,        0,         0,        0,         0,  173112.625
 575,   4,   1, 0.5285396575927734 ,     10,     1,     2,    25,    3,     1,     3,      1,       1,        2,        0,         1,        1,         1,  109735.171875
 576,   2,   1, 1.0447947978973389 ,      6,     0,     2,    21,    1,     0,     0,      0,       0,        0,        0,         0,        0,         0,  212964.640625
 577,   2,   1, 1.03108549118042   ,      7,     0,     1,    24,    3,     0,     1,      0,       1,        1,        0,         0,        0,         0,  176205.140625
 578,   2,   1, 0.5758864879608154 ,      8,     0,     1,    31,    2,     0,     2,      0,       1,        1,        0,         0,        0,         0,  125341.78125
 579,   2,   1, 1.03108549118042   ,      8,     0,     1,    36,    0,     0,     1,      0,       0,        1,        0,         0,        0,         0,  124141.859375
 580,   2,   1, 0.5285396575927734 ,     10,     0,     2,    39,    3,     0,     0,      0,       1,        0,        0,         0,        0,         0,   80031.0625
 581,  13,   1, 0.07758483290672302,     22,     1,     4,    40,    0,     0,     1,      0,       0,        0,        0,         0,        0,         0,  234702.390625
 582,   2,   1, 1.2273629903793335 ,     14,     0,     2,    38,    0,     0,     3,      0,       0,        1,        0,         0,        0,         0,  217857.828125
 583,   2,   1, 1.3094971179962158 ,      4,     0,     2,    38,    0,     0,     1,      1,       0,        0,        0,         0,        0,         1,  299942.875
 584,   2,   1, 0.9523912668228149 ,     14,     0,     2,    46,    2,     0,     2,      0,       0,        1,        0,         0,        0,         0,   95061.953125
 585,   2,   1, 1.5509129762649536 ,      6,     0,     1,    38,    2,     1,     3,      1,       1,        1,        1,         0,        1,         1,  100759.4453125
 586,   2,   1, 1.03108549118042   ,      8,     0,     1,    26,    2,     1,     3,      1,       1,        1,        0,         0,        1,         1,  126122.375
 587,   2,   1, 0.5758864879608154 ,      8,     0,     1,    30,    1,     0,     4,      1,       1,        1,        0,         0,        0,         0,  161433.140625
 588,   2,   1, 0.5645484924316406 ,      9,     0,     2,    46,    3,     2,     0,      0,       1,        0,        0,         0,        2,         0,  108068.6796875
 589,   4,   1, 2.136885404586792  ,      6,     0,     3,    28,    1,     0,     1,      0,       1,        0,        0,         0,        0,         0,  112660.3125
 590,   6,   1, 0.5645484924316406 ,     10,     0,     2,    48,    0,     0,     2,      0,       0,        0,        0,         0,        0,         0,  117368.765625
 591,   5,   1, 0.5285396575927734 ,     11,     0,     2,    18,    0,     0,     1,      0,       0,        1,        0,         0,        0,         0,  113809.4921875
 592,  11,   1, 0.3176289498806    ,     17,     0,     5,    27,    1,     0,     2,      0,       1,        0,        0,         0,        0,         0,   67939.4609375
 593,   7,   1, 0.22351785004138947,     14,     0,     2,    32,    3,     0,     0,      0,       1,        0,        0,         0,        0,         0,   82123.6953125
 594,   2,   1, 0.9311296939849854 ,     10,     0,     2,    38,    3,     0,     1,      0,       1,        1,        0,         0,        0,         0,  168301.796875
 595,   2,   1, 0.22351785004138947,     14,     0,     2,    49,    0,     0,     2,      0,       0,        1,        0,         0,        0,         0,  125553.6015625
 596,   5,   1, 0.22351785004138947,     14,     0,     2,    49,    2,     0,     0,      0,       0,        0,        0,         0,        0,         0,  126023.2421875
 597,   3,   1, 1.119539499282837  ,      8,     1,     1,    27,    2,     0,     0,      0,       1,        0,        0,         0,        0,         0,  254374.546875
 598,   2,   1, 0.9768761396408081 ,      7,     1,     2,    23,    2,     1,     3,      1,       1,        1,        1,         0,        1,         1,  126245.9609375
 599,   2,   1, 1.2546306848526    ,      6,     0,     1,    34,    2,     0,     1,      0,       1,        0,        0,         0,        0,         0,   73813.0078125
 600,  19,   1, 0.4482560157775879 ,     19,     0,     4,    37,    1,     0,     0,      0,       0,        0,        0,         0,        0,         0,  238947.734375
 601,   6,   1, 0.9311296939849854 ,     10,     0,     3,    35,    1,     0,     1,      0,       1,        0,        0,         0,        0,         0,   65405.64453125
 602,   2,   1, 1.1044889688491821 ,      4,     0,     1,    25,    1,     0,     1,      0,       1,        0,        0,         0,        0,         0,  148907.078125
 603,   2,   1, 0.9279379844665527 ,      9,     0,     2,    37,    3,     1,     0,      0,       1,        0,        0,         0,        1,         0,  116144.734375
 604,   2,   1, 1.119539499282837  ,      8,     0,     3,    41,    0,     0,     1,      0,       0,        0,        0,         0,        0,         0,  116573.671875
 605,   8,   1, 0.5881971120834351 ,     14,     0,     4,    17,    1,     1,     0,      0,       1,        0,        1,         0,        1,         0,  312400.6875
 606,   2,   1, 0.9768761396408081 ,      7,     1,     2,    21,    0,     0,     2,      0,       0,        2,        0,         0,        0,         0,  143129.203125
 607,   1,   1, 1.1044889688491821 ,      4,     0,     1,    49,    1,     0,     1,      1,       0,        1,        0,         1,        0,         1,  163563.96875
 608,   2,   1, 0.9768761396408081 ,      9,     0,     1,    39,    1,     0,     1,      0,       0,        0,        0,         0,        0,         0,  105487.8515625
 609,   3,   1, 1.3641785383224487 ,      4,     0,     1,    41,    2,     1,     2,      1,       0,        1,        0,         0,        1,         1,  105061.9375
 610,   2,   1, 0.42482995986938477,     20,     0,     4,    44,    1,     0,     1,      0,       0,        0,        0,         0,        0,         0,   49802.03515625
 611,   3,   1, 0.9768761396408081 ,      7,     0,     2,    18,    1,     0,     0,      0,       1,        0,        0,         0,        0,         0,   74738.8359375
 612,   7,   1, 1.119539499282837  ,      8,     0,     1,    18,    1,     0,     1,      1,       1,        1,        0,         1,        0,         1,  130072.0625
 613,   7,   1, 0.3176289498806    ,     17,     0,     3,    40,    2,     0,     2,      0,       1,        1,        0,         0,        0,         0,  129945.546875
 614,   2,   1, 0.8278607726097107 ,     12,     0,     2,    41,    0,     0,     5,      2,       0,        2,        0,         2,        0,         2,  125642.7890625
 615,   2,   1, 0.9768761396408081 ,      8,     0,     2,    39,    2,     1,     2,      0,       1,        1,        0,         0,        1,         0,   68439.359375
 616,   2,   1, 0.9768761396408081 ,      7,     0,     1,    41,    1,     0,     0,      0,       1,        0,        0,         0,        0,         0,  155751.59375
 617,   2,   1, 1.452813744544983  ,      5,     0,     1,    23,    1,     0,     3,      0,       0,        2,        0,         0,        0,         0,  268322.34375
 618,   2,   1, 1.3641785383224487 ,      3,     0,     1,    31,    1,     0,     2,      1,       1,        1,        0,         1,        0,         1,  179364.328125
 619,   2,   1, 0.9279379844665527 ,     12,     0,     2,    36,    3,     1,     1,      0,       2,        0,        1,         0,        1,         0,  135186.640625
 620,   2,   1, 0.22351785004138947,     14,     1,     2,    24,    1,     0,     3,      1,       0,        3,        0,         1,        0,         1,   64523.77734375
 621,   5,   1, 0.9279379844665527 ,      9,     0,     3,    25,    3,     2,     1,      0,       3,        0,        2,         0,        2,         0,  375776.28125
 622,   9,   1, 0.9279379844665527 ,      9,     0,     3,    25,    1,     0,     1,      0,       0,        0,        0,         0,        0,         0,  124887.59375
 623,   4,   1, 0.8418475985527039 ,     15,     0,     4,    26,    0,     0,     3,      0,       0,        1,        0,         0,        0,         0,  114297.796875
 624,   7,   1, 0.5881971120834351 ,     13,     0,     2,    28,    1,     1,     3,      1,       0,        1,        0,         0,        1,         1,   90432.90625
 625,   2,   1, 0.9768761396408081 ,      7,     0,     1,    35,    2,     0,     2,      0,       1,        1,        0,         0,        0,         0,  167354.390625
 626,   2,   1, 0.5881971120834351 ,     14,     0,     2,    34,    1,     0,     4,      0,       1,        0,        0,         0,        0,         0,   92712.2109375
 627,   2,   1, 1.3641785383224487 ,      4,     1,     1,    24,    0,     0,     2,      0,       0,        1,        0,         0,        0,         0,  273514.21875
 628,   2,   1, 0.6520087718963623 ,     15,     1,     3,    30,    2,     0,     1,      0,       1,        1,        0,         0,        0,         0,   60202.046875
 629,   2,   1, 1.2546306848526    ,      6,     1,     1,    34,    2,     0,     0,      0,       1,        0,        0,         0,        0,         0,  127732.5390625
 630,   6,   1, 0.9768761396408081 ,      7,     0,     1,    23,    1,     0,     1,      1,       1,        1,        0,         1,        0,         1,  147430.625
 631,   2,   1, 1.1044889688491821 ,      4,     1,     1,    33,    1,     0,     0,      0,       1,        0,        0,         0,        0,         0,  156071.875
 632,   2,   1, 1.687658667564392  ,      2,     1,     1,    42,    1,     0,     0,      0,       0,        0,        0,         0,        0,         0,  413600.21875
 633,   2,   1, 0.8278607726097107 ,     11,     0,     2,    45,    3,     0,     2,      0,       1,        1,        0,         0,        0,         0,  101196.3203125
 634,   2,   1, 0.22351785004138947,     14,     0,     3,    33,    5,     0,     0,      0,       2,        0,        0,         0,        0,         0,   72038.4140625
 635,   2,   1, 1.2546306848526    ,      6,     0,     1,    35,    0,     0,     1,      1,       0,        0,        0,         0,        0,         1,  297285.59375
 636,   5,   1, 0.9311296939849854 ,     10,     1,     4,    41,    0,     0,     2,      1,       0,        1,        0,         1,        0,         1,  109895.5
 637,   2,   1, 1.3641785383224487 ,      3,     1,     1,    23,    1,     0,     2,      0,       1,        1,        0,         0,        0,         0,  149969.96875
 638,   3,   1, 1.119539499282837  ,     10,     0,     2,    23,    0,     0,     3,      2,       0,        2,        0,         1,        0,         2,  121784.4765625
 639,   2,   1, 1.1044889688491821 ,      4,     0,     2,    21,    0,     0,     2,      0,       0,        1,        0,         0,        0,         0,  114069.2578125
 640,   2,   1, 1.2546306848526    ,      6,     0,     1,    37,    1,     0,     3,      1,       0,        2,        0,         1,        0,         1,  200658.921875
 641,   3,   1, 0.9279379844665527 ,      9,     0,     2,    22,    0,     0,     2,      0,       0,        1,        0,         0,        0,         0,  249129.21875
 642,   2,   1, 0.9279379844665527 ,      9,     0,     2,    45,    1,     0,     1,      0,       0,        0,        0,         0,        0,         0,  105755.234375
 643,   3,   1, 1.2546306848526    ,      6,     0,     1,    28,    0,     0,     3,      0,       0,        1,        0,         0,        0,         0,  234338.265625
 644,   2,   1, 1.3641785383224487 ,      3,     0,     1,    41,    1,     0,     1,      0,       1,        0,        0,         0,        0,         0,  142487.15625
 645,   2,   1, 1.2546306848526    ,      6,     0,     1,    41,    2,     0,     0,      0,       1,        0,        0,         0,        0,         0,   60618.25
 646,   2,   1, 1.687658667564392  ,      2,     0,     1,    22,    1,     0,     0,      0,       0,        0,        0,         0,        0,         0,  678095.8125
 647,   5,   1, 1.1044889688491821 ,      8,     0,     2,    22,    3,     1,     1,      0,       1,        1,        0,         0,        1,         0,  103857.7578125
 648,   9,   1, 0.8278607726097107 ,     11,     0,     4,    22,    1,     0,     1,      0,       1,        1,        0,         0,        0,         0,   56386.140625
 649,   2,   1, 1.7867658138275146 ,      2,     0,     1,    34,    1,     0,     2,      1,       0,        1,        0,         1,        0,         1,   98035.1953125
 650,   2,   1, 1.7867658138275146 ,      3,     0,     1,    21,    1,     0,     0,      0,       1,        0,        0,         0,        0,         0,  135368.5625
 651,   9,   1, 1.0629045963287354 ,     19,     0,     6,    31,    1,     1,     2,      0,       0,        1,        0,         0,        1,         0,   80499.734375
 652,   5,   1, 0.3957805037498474 ,     13,     0,     3,    46,    0,     0,     1,      0,       0,        0,        0,         0,        0,         0,   59999.1484375
 653,   3,   1, 0.844703197479248  ,     11,     0,     3,    32,    3,     0,     1,      0,       0,        1,        0,         0,        0,         0,   76762.8984375
 654,   2,   1, 0.9781854748725891 ,      8,     0,     2,    45,    2,     0,     3,      1,       0,        2,        0,         0,        0,         1,  182749.15625
 655,   3,   1, 0.9531460404396057 ,      7,     0,     2,    37,    1,     0,     1,      0,       0,        0,        0,         0,        0,         0,  944700.5
 656,   3,   1, 0.6500713229179382 ,      9,     0,     2,    25,    4,     1,     1,      0,       1,        1,        0,         0,        1,         0,  224617.390625
 657,   4,   1, 0.7940690517425537 ,      6,     0,     1,    31,    4,     1,     1,      0,       1,        1,        0,         0,        1,         0,  174727.34375
 658,  10,   1, 0.844703197479248  ,     12,     0,     3,    16,    1,     0,     1,      0,       1,        1,        0,         0,        0,         0,  200483.296875
 659,   3,   1, 0.7836462259292603 ,     10,     0,     3,    21,    1,     0,     1,      0,       0,        1,        0,         0,        0,         0,   80096.859375
 660,   2,   1, 0.7940690517425537 ,      6,     0,     2,    42,    1,     1,     2,      0,       0,        1,        0,         0,        1,         0,  107531.53125
 661,   2,   1, 0.9531460404396057 ,      7,     0,     1,    38,    3,     0,     1,      0,       1,        0,        0,         0,        0,         0,  139481.890625
 662,   4,   1, 0.9095016121864319 ,      5,     0,     1,    15,    1,     0,     0,      0,       1,        0,        0,         0,        0,         0,  167859.953125
 663,   2,   1, 0.9531460404396057 ,      7,     0,     2,    41,    0,     0,     1,      1,       0,        0,        0,         0,        0,         1,   98795.0859375
 664,   9,   1, 0.6907245516777039 ,     14,     1,     3,    33,    1,     0,     3,      0,       0,        1,        0,         0,        0,         0,  132934.25
 665,   4,   1, 0.9095016121864319 ,      5,     0,     1,    19,    1,     0,     0,      0,       1,        0,        0,         0,        0,         0,  305648.65625
 666,   3,   1, 0.9781854748725891 ,      8,     0,     3,    19,    1,     0,     0,      0,       1,        0,        0,         0,        0,         0,  206742.890625
 667,   2,   1, 0.9095016121864319 ,      5,     0,     1,    29,    1,     1,     3,      1,       1,        1,        1,         0,        1,         1,  101273.1796875
 668,   2,   1, 0.7836462259292603 ,     10,     0,     2,    27,    4,     0,     0,      0,       2,        0,        0,         0,        0,         0,   78086.640625
 669,   4,   1, 0.6500713229179382 ,      9,     0,     1,    38,    1,     0,     4,      0,       1,        1,        0,         0,        0,         0,   96916.828125
 670,   2,   1, 0.9095016121864319 ,      5,     0,     2,    35,    2,     1,     1,      0,       1,        0,        1,         0,        1,         0,  125101.703125
 671,   2,   1, 0.6782048344612122 ,     12,     0,     2,    26,    0,     0,     3,      0,       0,        2,        0,         0,        0,         0,   82459.328125
 672,   3,   1, 0.3957805037498474 ,     14,     0,     4,    24,    0,     0,     2,      1,       0,        1,        0,         0,        0,         1,   64153.03515625
 673,   9,   1, 0.6782048344612122 ,     12,     1,     3,    25,    2,     1,     2,      0,       1,        1,        0,         0,        1,         0,  106480.0390625
 674,   2,   1, 1.3808015584945679 ,      4,     0,     1,    23,    1,     0,     0,      0,       1,        0,        0,         0,        0,         0,  180499.703125
 675,   2,   1, 1.3808015584945679 ,      4,     0,     1,    39,    2,     0,     1,      0,       0,        0,        0,         0,        0,         0,  137665.359375
 676,   5,   1, 0.6500713229179382 ,     11,     0,     5,    20,    0,     0,     1,      0,       0,        1,        0,         0,        0,         0,   71495.8671875
 677,   3,   1, 0.6500713229179382 ,      9,     0,     2,    22,    0,     0,     1,      0,       0,        0,        0,         0,        0,         0,   96955.34375
 678,   5,   1, 0.9177452921867371 ,     15,     0,     3,    22,    2,     1,     0,      0,       1,        0,        0,         0,        1,         0,  115731.75
 679,   6,   1, 0.844703197479248  ,     11,     0,     2,    31,    1,     0,     0,      0,       0,        0,        0,         0,        0,         0,  140607.0625
 680,   2,   1, 0.9095016121864319 ,      5,     0,     1,    48,    1,     0,     2,      0,       0,        1,        0,         0,        0,         0,   56045.8515625
 681,   2,   1, 1.2467025518417358 ,      3,     0,     1,    21,    0,     0,     1,      0,       0,        1,        0,         0,        0,         0,  272005.59375
 682,  13,   1, 0.3957805037498474 ,     13,     0,     3,    26,    1,     0,     0,      0,       1,        0,        0,         0,        0,         0,  100950.4140625
 683,   7,   1, 0.9736113548278809 ,     19,     0,     4,    38,    1,     0,     3,      1,       1,        1,        0,         0,        0,         1,   84284.34375
 684,   2,   1, 0.9736113548278809 ,     17,     0,     4,    29,    2,     0,     2,      0,       2,        0,        0,         0,        0,         0,   66229.1875
 685,   5,   1, 0.9531460404396057 ,      7,     0,     2,    30,    3,     1,     0,      0,       2,        0,        1,         0,        1,         0,  220141.28125
 686,   2,   1, 0.9531460404396057 ,      7,     0,     1,    42,    0,     0,     1,      0,       0,        0,        0,         0,        0,         0,  130933.2265625
 687,   5,   1, 0.9095016121864319 ,      5,     0,     3,    20,    2,     2,     0,      0,       2,        0,        2,         0,        2,         0,  261074.90625
 688,   3,   1, 0.7836462259292603 ,     10,     0,     2,    43,    2,     0,     1,      0,       0,        1,        0,         0,        0,         0,  180474.359375
 689,   8,   1, 0.9781854748725891 ,     11,     0,     2,    20,    0,     0,     3,      0,       0,        1,        0,         0,        0,         0,  125693.3671875
 690,   2,   1, 0.9781854748725891 ,     11,     0,     2,    43,    1,     0,     2,      0,       0,        1,        0,         0,        0,         0,  115668.59375
 691,   2,   1, 0.9781854748725891 ,      8,     0,     2,    45,    0,     0,     4,      0,       0,        2,        0,         0,        0,         0,   80972.9609375
 692,   3,   1, 0.6907245516777039 ,     14,     1,     2,    26,    3,     0,     3,      0,       2,        1,        0,         0,        0,         0,   53161.58203125
 693,   2,   1, 0.7940690517425537 ,      6,     0,     1,    29,    3,     1,     1,      0,       2,        0,        1,         0,        1,         0,  219343.296875
 694,   2,   1, 0.9531460404396057 ,      7,     0,     1,    41,    3,     0,     1,      0,       1,        1,        0,         0,        0,         0,  157646.765625
 695,   3,   1, 0.844703197479248  ,     11,     0,     4,    20,    1,     0,     0,      0,       1,        0,        0,         0,        0,         0,   65372.55859375
 696,   3,   1, 0.3957805037498474 ,     13,     0,     2,    23,    1,     0,     4,      1,       1,        1,        0,         0,        0,         1,   68427.1171875
 697,   2,   1, 0.6782048344612122 ,     12,     0,     1,    45,    4,     0,     2,      0,       1,        1,        0,         0,        0,         0,   70847.84375
 698,   9,   1, 0.3957805037498474 ,     13,     0,     2,    44,    3,     0,     1,      0,       2,        1,        0,         0,        0,         0,   76207.828125
 699,   2,   1, 1.3808015584945679 ,      4,     0,     1,    28,    0,     0,     3,      0,       0,        2,        0,         0,        0,         0,  221844.078125
 700,   3,   1, 0.9095016121864319 ,      5,     0,     1,    36,    0,     0,     1,      0,       0,        0,        0,         0,        0,         0,  161352.59375
 701,  13,   1, 1.0629045963287354 ,     24,     0,     6,    32,    3,     0,     2,      1,       1,        0,        0,         0,        0,         1,   41791.13671875
 702,   3,   1, 0.7836462259292603 ,     10,     0,     2,    36,    1,     0,     2,      0,       0,        1,        0,         0,        0,         0,   82727.828125
 703,   2,   1, 0.9531460404396057 ,      7,     0,     1,    37,    2,     1,     0,      0,       1,        0,        1,         0,        1,         0,   64673.07421875
 704,   2,   1, 0.9531460404396057 ,      7,     0,     1,    28,    3,     1,     1,      0,       2,        0,        1,         0,        1,         0,   85624.25
 705,   2,   1, 0.7940690517425537 ,      6,     0,     2,    39,    1,     0,     0,      0,       0,        0,        0,         0,        0,         0,  233127.421875
 706,   2,   1, 0.9095016121864319 ,      5,     0,     1,    38,    2,     0,     0,      0,       0,        0,        0,         0,        0,         0,  359915.875
 707,   7,   1, 0.9781854748725891 ,      8,     0,     3,    28,    1,     0,     1,      0,       0,        1,        0,         0,        0,         0,  161693.734375
 708,   3,   1, 0.6500713229179382 ,      9,     0,     2,    44,    1,     0,     4,      0,       0,        3,        0,         0,        0,         0,  115860.4921875
 709,   2,   1, 0.7940690517425537 ,      6,     0,     1,    45,    3,     0,     1,      0,       1,        1,        0,         0,        0,         0,  233482.421875
 710,   2,   1, 0.7940690517425537 ,      8,     0,     1,    44,    2,     1,     2,      0,       2,        1,        1,         0,        1,         0,  117944.015625
 711,   6,   1, 0.7836462259292603 ,     10,     0,     2,    30,    2,     0,     1,      0,       1,        0,        0,         0,        0,         0,  113441.234375
 712,   2,   1, 0.5645484924316406 ,     10,     0,     1,    45,    1,     0,     2,      0,       0,        1,        0,         0,        0,         0,  209429.40625
 713,   2,   1, 0.5426765084266663 ,     11,     0,     2,    19,    1,     0,     0,      0,       1,        0,        0,         0,        0,         0,   79823.5859375
 714,   2,   1, 1.03108549118042   ,      7,     1,     2,    23,    1,     0,     1,      1,       1,        1,        0,         1,        0,         1,  152670.609375
 715,   8,   1, 0.5645484924316406 ,     11,     0,     3,    28,    2,     2,     2,      0,       2,        1,        2,         0,        2,         0,  150924.140625
 716,  10,   1, 0.5285396575927734 ,     10,     0,     2,    43,    0,     0,     1,      0,       0,        0,        0,         0,        0,         0,   78951.8359375
 717,   2,   1, 0.5645484924316406 ,      9,     0,     2,    41,    3,     0,     1,      1,       1,        1,        0,         1,        0,         1,  107595.0703125
 718,   2,   1, 1.5509129762649536 ,      6,     0,     2,    28,    2,     0,     1,      0,       0,        0,        0,         0,        0,         0,  246746.5
 719,   7,   1, 0.5758864879608154 ,      8,     0,     2,    19,    1,     0,     0,      0,       1,        0,        0,         0,        0,         0,   83219.46875
 720,   6,   1, 1.03108549118042   ,      7,     0,     3,    16,    0,     0,     1,      0,       0,        1,        0,         0,        0,         0,  152744.046875
 721,   4,   1, 1.5509129762649536 ,      7,     0,     1,    27,    3,     1,     0,      0,       2,        0,        1,         0,        1,         0,  130177.140625
 722,  10,   1, 0.5426765084266663 ,     13,     1,     3,    31,    2,     1,     1,      1,       1,        1,        0,         1,        1,         1,   79339.7109375
 723,   2,   1, 1.5509129762649536 ,      6,     1,     1,    26,    2,     0,     2,      0,       0,        1,        0,         0,        0,         0,  258564.671875
 724,   2,   1, 1.3094971179962158 ,      5,     0,     1,    23,    1,     0,     1,      0,       1,        1,        0,         0,        0,         0,  132401.5
 725,   2,   1, 1.03108549118042   ,      7,     0,     2,    34,    4,     1,     1,      0,       2,        0,        1,         0,        1,         0,   94707.984375
 726,   2,   1, 1.0447947978973389 ,      5,     0,     1,    28,    2,     1,     0,      0,       2,        0,        1,         0,        1,         0,  143559
 727,   2,   1, 1.3094971179962158 ,      4,     1,     1,    23,    3,     0,     2,      2,       1,        0,        0,         0,        0,         2,  126393.90625
 728,   2,   1, 1.3094971179962158 ,      4,     1,     1,    20,    2,     0,     0,      0,       2,        0,        0,         0,        0,         0,  135692.625
 729,   5,   1, 1.0447947978973389 ,      6,     0,     2,    25,    0,     0,     1,      0,       0,        1,        0,         0,        0,         0,  192912.546875
 730,   6,   1, 0.5285396575927734 ,     10,     1,     2,    25,    2,     0,     2,      0,       1,        1,        0,         0,        0,         0,   63583.125
 731,   2,   1, 1.3094971179962158 ,      4,     0,     1,    24,    1,     0,     1,      0,       0,        1,        0,         0,        0,         0,  214558.953125
 732,   2,   1, 1.03108549118042   ,      7,     0,     2,    24,    2,     1,     2,      0,       1,        2,        0,         0,        1,         0,  131464.328125
 733,   2,   1, 0.5645484924316406 ,      9,     0,     2,    45,    1,     0,     3,      0,       1,        2,        0,         0,        0,         0,  129453.375
 734,   2,   1, 1.3094971179962158 ,      4,     0,     1,    26,    4,     1,     0,      0,       2,        0,        1,         0,        1,         0,  229037.0625
 735,   2,   1, 1.3094971179962158 ,      4,     1,     1,    22,    2,     0,     0,      0,       1,        0,        0,         0,        0,         0,  140099.3125
 736,   2,   1, 1.5509129762649536 ,      6,     1,     1,    26,    2,     0,     0,      0,       1,        0,        0,         0,        0,         0,  126823.1015625
 737,   2,   1, 0.28447774052619934,     17,     1,     6,    41,    1,     0,     2,      0,       0,        1,        0,         0,        0,         0,  147701.359375
 738,   2,   1, 1.0447947978973389 ,      5,     0,     1,    28,    1,     0,     3,      0,       1,        1,        0,         0,        0,         0,  125883.8515625
 739,  18,   1, 0.07758483290672302,     21,     0,     4,    25,    3,     2,     3,      1,       1,        2,        1,         1,        2,         1,   69375.21875
 740,   4,   1, 0.5426765084266663 ,     11,     0,     3,    35,    2,     0,     0,      0,       1,        0,        0,         0,        0,         0,  128067.453125
 741,   2,   1, 0.07758483290672302,     19,     0,     3,    40,    1,     1,     4,      0,       1,        1,        1,         0,        1,         0,   97394.0390625
 742,   2,   1, 2.136885404586792  ,      3,     0,     1,    21,    1,     0,     1,      0,       1,        0,        0,         0,        0,         0,  205436.421875
 743,   4,   1, 1.2273629903793335 ,     13,     0,     2,    26,    2,     0,     1,      0,       2,        1,        0,         0,        0,         0,   59688.640625
 744,   2,   1, 0.5285396575927734 ,     10,     1,     2,    27,    1,     0,     2,      0,       1,        1,        0,         0,        0,         0,  205242.390625
 745,   5,   1, 0.5343308448791504 ,     13,     1,     3,    27,    1,     0,     1,      0,       0,        1,        0,         0,        0,         0,   91062.234375
 746,   7,   1, 0.5426765084266663 ,     11,     0,     2,    28,    3,     0,     0,      0,       1,        0,        0,         0,        0,         0,  129066.84375
 747,   2,   1, 0.5645484924316406 ,      9,     1,     2,    25,    3,     0,     1,      0,       1,        1,        0,         0,        0,         0,  248900.0625
 748,   2,   1, 1.5509129762649536 ,      6,     1,     1,    28,    2,     0,     1,      0,       2,        0,        0,         0,        0,         0,  101317.6953125
 749,   2,   1, 0.5758864879608154 ,      8,     0,     2,    34,    2,     0,     1,      0,       1,        0,        0,         0,        0,         0,   83397.234375
 750,   2,   1, 1.5509129762649536 ,      6,     0,     1,    38,    0,     0,     3,      0,       0,        1,        0,         0,        0,         0,  218916.421875
 751,   8,   1, 0.5645484924316406 ,      9,     0,     3,    17,    1,     0,     0,      0,       1,        0,        0,         0,        0,         0,   90485.8046875
 752,   2,   1, 0.5285396575927734 ,     10,     0,     2,    30,    0,     0,     4,      1,       0,        2,        0,         0,        0,         1,  144995.625
 753,   9,   1, 0.844703197479248  ,     12,     0,     3,    15,    0,     0,     1,      0,       0,        1,        0,         0,        0,         0,   88442.4453125
 754,   8,   1, 0.9781854748725891 ,      9,     0,     2,    25,    4,     1,     1,      0,       0,        1,        0,         0,        1,         0,  155497.078125
 755,   2,   1, 0.6500713229179382 ,      9,     0,     1,    42,    2,     0,     1,      0,       1,        1,        0,         0,        0,         0,  103777.15625
 756,   2,   1, 1.3808015584945679 ,      4,     0,     1,    24,    1,     0,     2,      0,       0,        2,        0,         0,        0,         0,  244983.734375
 757,   2,   1, 1.2467025518417358 ,      3,     0,     1,    26,    2,     1,     1,      1,       2,        0,        1,         0,        1,         1,  203169.5
 758,   2,   1, 0.844703197479248  ,     11,     0,     2,    33,    2,     0,     2,      0,       1,        1,        0,         0,        0,         0,   68929.109375
 759,   2,   1, 0.7836462259292603 ,     11,     0,     1,    40,    4,     1,     3,      0,       2,        2,        1,         0,        1,         0,   67371.9453125
 760,   2,   1, 0.9531460404396057 ,      7,     0,     2,    30,    0,     0,     1,      0,       0,        1,        0,         0,        0,         0,  116117.7109375
 761,   9,   1, 0.7836462259292603 ,     10,     0,     2,    22,    0,     0,     1,      0,       0,        1,        0,         0,        0,         0,   67978.984375
 762,  10,   1, 0.9177452921867371 ,     15,     0,     2,    39,    0,     0,     2,      0,       0,        0,        0,         0,        0,         0,  108456.109375
 763,   7,   1, 0.6500713229179382 ,      9,     0,     1,    35,    0,     0,     3,      1,       0,        1,        0,         0,        0,         1,   70549.1328125
 764,   8,   1, 0.6782048344612122 ,     12,     0,     2,    31,    3,     0,     1,      0,       1,        1,        0,         0,        0,         0,  203674.359375
 765,   2,   1, 0.3957805037498474 ,     13,     0,     2,    30,    1,     0,     2,      0,       1,        1,        0,         0,        0,         0,  249362.40625
 766,   2,   1, 0.9095016121864319 ,      6,     0,     1,    28,    1,     0,     3,      0,       0,        2,        0,         0,        0,         0,   91266.2109375
 767,   4,   1, 0.9095016121864319 ,      5,     0,     1,    23,    1,     0,     0,      0,       0,        0,        0,         0,        0,         0,  163370.25
 768,   2,   1, 0.7940690517425537 ,      6,     0,     1,    30,    4,     1,     2,      0,       1,        2,        0,         0,        1,         0,  147054.359375
 769,   2,   1, 0.9531460404396057 ,      7,     0,     1,    36,    0,     0,     4,      2,       0,        2,        0,         1,        0,         1,   76215.6171875
 770,   2,   1, 0.9736113548278809 ,     17,     0,     3,    40,    2,     0,     1,      0,       1,        0,        0,         0,        0,         0,   38275.4453125
 771,  10,   1, 0.844703197479248  ,     11,     0,     2,    38,    3,     0,     1,      1,       1,        1,        0,         1,        0,         1,  101759.1796875
 772,   7,   1, 0.6500713229179382 ,      9,     0,     2,    38,    0,     0,     4,      1,       0,        2,        0,         0,        0,         1,   78400.78125
 773,   2,   1, 1.3808015584945679 ,      4,     0,     1,    36,    0,     0,     1,      0,       0,        0,        0,         0,        0,         0,  114430.28125
 774,   2,   1, 1.3808015584945679 ,      4,     0,     1,    36,    2,     0,     0,      0,       1,        0,        0,         0,        0,         0,   89827.984375
 775,   2,   1, 0.3957805037498474 ,     13,     0,     3,    28,    1,     0,     3,      1,       1,        2,        0,         1,        0,         1,   86896.109375
 776,   2,   1, 0.7940690517425537 ,      6,     0,     1,    28,    2,     1,     2,      0,       2,        1,        1,         0,        1,         0,  111186.625
 777,   2,   1, 0.7940690517425537 ,      6,     0,     1,    48,    0,     0,     2,      0,       0,        0,        0,         0,        0,         0,  134583.125
 778,   2,   1, 0.7940690517425537 ,      6,     0,     2,    27,    1,     0,     2,      0,       0,        1,        0,         0,        0,         0,  164056.015625
 779,   2,   1, 0.7940690517425537 ,      6,     0,     2,    23,    0,     0,     3,      0,       0,        2,        0,         0,        0,         0,  181863.890625
 780,   2,   1, 1.2467025518417358 ,      4,     0,     1,    20,    3,     0,     0,      0,       2,        0,        0,         0,        0,         0,   66387.1484375
 781,   2,   1, 0.9095016121864319 ,      5,     0,     1,    23,    1,     0,     2,      0,       0,        2,        0,         0,        0,         0,  165603.84375
 782,   2,   1, 0.6907245516777039 ,     15,     0,     3,    33,    3,     0,     1,      1,       2,        0,        0,         0,        0,         1,   70940.4140625
 783,   2,   1, 1.3808015584945679 ,      4,     0,     1,    24,    2,     0,     0,      0,       1,        0,        0,         0,        0,         0,  212980.515625
 784,   2,   1, 0.6500713229179382 ,      9,     0,     2,    26,    2,     0,     1,      0,       1,        1,        0,         0,        0,         0,  104230.8984375
 785,   2,   1, 1.2467025518417358 ,      4,     0,     1,    39,    2,     0,     1,      1,       0,        0,        0,         0,        0,         1,  132117.40625
 786,   2,   1, 1.2467025518417358 ,      3,     0,     1,    45,    2,     1,     1,      1,       1,        0,        1,         0,        1,         1,  104504.5234375
 787,   3,   1, 1.3808015584945679 ,      4,     0,     1,    20,    0,     0,     1,      1,       0,        1,        0,         1,        0,         1,  163392.53125
 788,   2,   1, 0.6782048344612122 ,     12,     0,     1,    28,    3,     1,     2,      0,       2,        0,        0,         0,        1,         0,  259025.359375
 789,   2,   1, 0.9095016121864319 ,      5,     0,     1,    26,    2,     0,     2,      0,       2,        0,        0,         0,        0,         0,   89066.2109375
 790,   2,   1, 1.3808015584945679 ,      4,     0,     1,    40,    1,     0,     0,      0,       0,        0,        0,         0,        0,         0,  145783.734375
 791,   2,   1, 0.9095016121864319 ,      5,     1,     2,    35,    1,     0,     0,      0,       0,        0,        0,         0,        0,         0,  403163.9375
 792,   2,   1, 0.7940690517425537 ,      6,     0,     1,    41,    1,     0,     1,      0,       1,        0,        0,         0,        0,         0,  109022.53125
 793,   3,   1, 1.3808015584945679 ,      4,     0,     1,    20,    1,     0,     0,      0,       1,        0,        0,         0,        0,         0,  128471.8125
 794,   2,   1, 0.7940690517425537 ,      6,     0,     1,    30,    1,     0,     3,      0,       0,        2,        0,         0,        0,         0,   47324.16796875
 795,   2,   1, 0.9095016121864319 ,      5,     0,     1,    29,    0,     0,     2,      0,       0,        2,        0,         0,        0,         0,  102068.53125
 796,   3,   1, 1.2467025518417358 ,      3,     0,     2,    26,    0,     0,     1,      1,       0,        1,        0,         1,        0,         1,  110152.7421875
 797,   2,   1, 0.844703197479248  ,     11,     0,     3,    30,    2,     0,     1,      0,       0,        1,        0,         0,        0,         0,  152076.8125
 798,   3,   1, 0.7940690517425537 ,      6,     0,     1,    31,    1,     0,     2,      0,       1,        1,        0,         0,        0,         0,  133956.3125
 799,   2,   1, 0.9531460404396057 ,      7,     1,     1,    28,    2,     0,     2,      0,       2,        0,        0,         0,        0,         0,  169829.59375
 800,   5,   1, 0.7940690517425537 ,      6,     0,     2,    34,    1,     1,     0,      0,       0,        0,        0,         0,        1,         0,  164103.59375
 801,   2,   1, 0.7940690517425537 ,      6,     1,     1,    24,    1,     0,     2,      0,       1,        1,        0,         0,        0,         0,   69493.5546875
 802,   2,   1, 0.7940690517425537 ,      6,     0,     1,    29,    2,     1,     2,      0,       1,        1,        1,         0,        1,         0,  102708.0234375
 803,   2,   1, 0.9531460404396057 ,      7,     0,     2,    32,    2,     0,     1,      0,       1,        0,        0,         0,        0,         0,   94280.8359375
 804,   1,   1, 0.7940690517425537 ,      6,     0,     1,    38,    3,     0,     1,      0,       2,        0,        0,         0,        0,         0,   44442.84765625
 805,   2,   1, 0.9177452921867371 ,     15,     1,     2,    24,    2,     0,     1,      0,       1,        1,        0,         0,        0,         0,   68371.8671875
 806,   8,   1, 0.9531460404396057 ,      9,     0,     1,    44,    0,     0,     2,      0,       0,        0,        0,         0,        0,         0,   74721.9609375
 807,  11,   1, 1.0629045963287354 ,     33,     0,     7,    35,    0,     0,     3,      0,       0,        2,        0,         0,        0,         0,   24101.375
 808,   2,   1, 0.9095016121864319 ,      5,     0,     1,    40,    2,     1,     3,      1,       1,        1,        1,         0,        1,         1,  110390.671875
 809,   2,   1, 0.9531460404396057 ,      7,     0,     1,    42,    2,     1,     1,      0,       1,        0,        0,         0,        1,         0,  128023.8203125
 810,   2,   1, 0.7940690517425537 ,      6,     1,     1,    24,    1,     0,     1,      0,       1,        1,        0,         0,        0,         0,  216300.703125
 811,   2,   1, 0.3957805037498474 ,     13,     0,     2,    40,    0,     0,     2,      0,       0,        1,        0,         0,        0,         0,   63585.0703125
 812,   2,   1, 1.2467025518417358 ,      3,     0,     1,    40,    1,     0,     0,      0,       1,        0,        0,         0,        0,         0,   78617.4140625
 813,   2,   1, 0.7940690517425537 ,      6,     0,     1,    24,    4,     1,     0,      0,       2,        0,        0,         0,        1,         0,   58011.41015625
 814,   6,   1, 0.9781854748725891 ,      8,     0,     2,    35,    0,     0,     2,      0,       0,        0,        0,         0,        0,         0,   56582.796875
 815,   2,   1, 1.3808015584945679 ,      4,     0,     1,    29,    2,     2,     2,      1,       2,        1,        2,         1,        2,         1,  138164.40625
 816,   2,   1, 0.7836462259292603 ,     11,     1,     2,    34,    4,     0,     0,      0,       3,        0,        0,         0,        0,         0,  171808.671875
 817,   2,   1, 0.3957805037498474 ,     13,     0,     3,    30,    3,     0,     0,      0,       2,        0,        0,         0,        0,         0,  131372.484375
 818,   2,   1, 1.6816043853759766 ,     10,     1,     1,    34,    2,     0,     3,      0,       1,        2,        0,         0,        0,         0,  179867.125
 819,   2,   1, 0.9095016121864319 ,      5,     1,     1,    33,    0,     0,     2,      1,       0,        1,        0,         0,        0,         1,  296684.84375
 820,   4,   1, 0.7940690517425537 ,      6,     0,     1,    27,    1,     0,     1,      0,       1,        0,        0,         0,        0,         0,   84874.59375
 821,   2,   1, 0.9095016121864319 ,      5,     0,     1,    33,    3,     1,     2,      2,       1,        0,        0,         0,        1,         2,  102442.296875
 822,   2,   1, 0.9177452921867371 ,     15,     0,     3,    40,    3,     0,     1,      0,       1,        1,        0,         0,        0,         0,   52008.921875
 823,   2,   1, 1.3808015584945679 ,      4,     1,     1,    18,    1,     0,     0,      0,       1,        0,        0,         0,        0,         0,  405436.75
 824,   4,   1, 0.9781854748725891 ,      8,     0,     2,    39,    2,     0,     1,      0,       1,        0,        0,         0,        0,         0,   68439.8515625
 825,   2,   1, 0.9095016121864319 ,      5,     0,     1,    16,    1,     0,     0,      0,       1,        0,        0,         0,        0,         0,   83506.859375
 826,   7,   1, 1.0629045963287354 ,     24,     0,     7,    45,    1,     0,     0,      0,       0,        0,        0,         0,        0,         0,  192956.125
 827,  10,   1, 0.3957805037498474 ,     13,     0,     3,    26,    2,     0,     1,      0,       2,        1,        0,         0,        0,         0,   76807.9765625
 828,   2,   1, 1.3808015584945679 ,      4,     0,     1,    31,    1,     1,     2,      0,       0,        1,        0,         0,        1,         0,  144556.015625
 829,  13,   1, 0.6907245516777039 ,     14,     0,     4,    19,    0,     0,     1,      0,       0,        1,        0,         0,        0,         0,   50191.72265625
 830,   6,   1, 0.6500713229179382 ,      9,     0,     2,    22,    3,     0,     0,      0,       2,        0,        0,         0,        0,         0,   85293.59375
 831,   2,   1, 1.3808015584945679 ,      4,     0,     2,    22,    0,     0,     1,      0,       0,        1,        0,         0,        0,         0,  138608.15625
 832,   2,   1, 1.2467025518417358 ,      6,     0,     1,    32,    2,     1,     2,      0,       0,        1,        0,         0,        1,         0,  190277.375
 833,   6,   1, 0.9531460404396057 ,      8,     0,     1,    18,    1,     0,     0,      0,       1,        0,        0,         0,        0,         0,   98555.859375
 834,   3,   1, 0.7836462259292603 ,     10,     0,     3,    17,    0,     0,     1,      1,       0,        1,        0,         1,        0,         1,   91197.625
 835,   2,   1, 0.9781854748725891 ,      9,     0,     2,    47,    1,     0,     1,      0,       1,        0,        0,         0,        0,         0,  271562
 836,   4,   1, 0.7940690517425537 ,      6,     0,     1,    23,    0,     0,     1,      0,       0,        1,        0,         0,        0,         0,   91624.6015625
 837,   2,   0, 0.8023635149002075 ,      6,     1,     1,    31,    1,     0,     1,      0,       0,        0,        0,         0,        0,         0,  351713.28125
 838,   1,   0, 1.189005970954895  ,      6,     1,     1,    38,    1,     0,     1,      0,       1,        0,        0,         0,        0,         0,  448988.90625
 839,   3,   0, 1.189005970954895  ,      5,     0,     3,    22,    1,     0,     2,      0,       1,        1,        0,         0,        0,         0,  182251.25
 840,   1,   0, 0.8023635149002075 ,      6,     1,     2,    40,    2,     0,     0,      0,       1,        0,        0,         0,        0,         0,  284016.59375
 841,   2,   0, 1.6289167404174805 ,      4,     1,     1,    27,    3,     1,     0,      0,       2,        0,        1,         0,        1,         0,  663892.375
 842,   2,   0, 0.6456083655357361 ,      9,     1,     2,    35,    0,     0,     1,      0,       0,        1,        0,         0,        0,         0,  503267.21875
 843,   6,   0, 0.8023635149002075 ,      6,     1,     3,    22,    0,     0,     1,      0,       0,        0,        0,         0,        0,         0,  535861.375
 844,   2,   0, 0.7194381952285767 ,      4,     1,     1,    24,    1,     0,     1,      0,       1,        1,        0,         0,        0,         0, 1358282.875
 845,   2,   0, 0.5133042931556702 ,      7,     1,     1,    36,    1,     0,     1,      0,       0,        0,        0,         0,        0,         0,  613476.625
 846,   2,   0, 0.7194381952285767 ,      4,     1,     1,    31,    1,     0,     0,      0,       1,        0,        0,         0,        0,         0, 1664558.5
 847,   1,   0, 0.36252057552337646,      3,     1,     2,    23,    0,     0,     2,      0,       0,        2,        0,         0,        0,         0,  939424.3125
 848,   2,   0, 0.5251442790031433 ,      5,     1,     1,    32,    1,     1,     1,      0,       0,        1,        0,         0,        1,         0,  593245.1875
 849,   6,   0, 0.7639265060424805 ,     11,     1,     1,    24,    0,     0,     1,      0,       0,        1,        0,         0,        0,         0,  339796.6875
 850,   2,   0, 0.5133042931556702 ,      7,     1,     1,    37,    2,     0,     0,      0,       1,        0,        0,         0,        0,         0,  525770
 851,   2,   0, 0.5251442790031433 ,      5,     1,     1,    24,    0,     0,     2,      0,       0,        0,        0,         0,        0,         0, 1389841.375
 852,   2,   0, 0.3543771803379059 ,      6,     1,     1,    35,    1,     0,     1,      0,       0,        0,        0,         0,        0,         0, 1095781.125
 853,   1,   0, 1.2654420137405396 ,      5,     0,     1,    29,    2,     0,     1,      0,       2,        0,        0,         0,        0,         0,  194839.890625
 854,   4,   0, 0.853943943977356  ,      6,     1,     2,    21,    1,     0,     1,      0,       1,        0,        0,         0,        0,         0,  177941.421875
 855,   2,   0, 0.853943943977356  ,      6,     1,     1,    29,    4,     0,     0,      0,       2,        0,        0,         0,        0,         0,  137647.703125
 856,   2,   0, 0.853943943977356  ,      6,     0,     1,    30,    2,     0,     2,      0,       1,        1,        0,         0,        0,         0,  140921.25
 857,   6,   0, 0.6871117353439331 ,      9,     0,     2,    26,    2,     0,     1,      0,       1,        1,        0,         0,        0,         0,   91223.8359375
 858,   2,   0, 0.8735672235488892 ,      2,     1,     1,    26,    0,     0,     2,      0,       0,        1,        0,         0,        0,         0,  312619.71875
 859,   2,   0, 0.6871117353439331 ,      9,     0,     2,    40,    3,     0,     0,      0,       1,        0,        0,         0,        0,         0,   96386.1171875
 860,   9,   0, 0.19276678562164307,     17,     0,     5,    20,    1,     0,     0,      0,       1,        0,        0,         0,        0,         0,  103575.4765625
 861,   2,   0, 0.853943943977356  ,      6,     1,     1,    28,    1,     0,     2,      0,       0,        2,        0,         0,        0,         0,  199962.015625
 862,   2,   0, 1.2654420137405396 ,      5,     1,     1,    31,    3,     1,     1,      0,       1,        0,        0,         0,        1,         0,  264461.78125
 863,   2,   0, 0.853943943977356  ,      6,     1,     1,    29,    3,     1,     2,      0,       2,        0,        0,         0,        1,         0,  247364.578125
 864,   1,   0, 0.972262442111969  ,      1,     1,     1,    28,    1,     0,     0,      0,       1,        0,        0,         0,        0,         0,  921475.375
 865,   2,   0, 1.2654420137405396 ,      5,     0,     1,    33,    2,     0,     1,      0,       1,        0,        0,         0,        0,         0,  388527.09375
 866,   2,   0, 1.2654420137405396 ,      5,     1,     1,    29,    1,     0,     2,      0,       1,        1,        0,         0,        0,         0,  399552.25
 867,   2,   0, 1.2369109392166138 ,      8,     1,     1,    32,    1,     0,     0,      0,       1,        0,        0,         0,        0,         0,  522788.71875
 868,   2,   0, 1.7336328029632568 ,      4,     1,     1,    36,    3,     2,     0,      0,       1,        0,        1,         0,        2,         0,  266056.71875
 869,   2,   0, 1.2369109392166138 ,      7,     0,     2,    42,    1,     0,     2,      0,       0,        1,        0,         0,        0,         0,  168163.296875
 870,   2,   0, 0.9868924021720886 ,      8,     1,     1,    27,    1,     0,     2,      0,       0,        2,        0,         0,        0,         0,  544548.125
 871,   2,   0, 1.0565972328186035 ,      3,     0,     1,    19,    1,     0,     0,      0,       1,        0,        0,         0,        0,         0,  410324.5
 872,   5,   0, 0.6871117353439331 ,      9,     1,     2,    32,    2,     0,     1,      0,       1,        1,        0,         0,        0,         0,  246154.671875
 873,   2,   0, 0.853943943977356  ,      6,     1,     1,    37,    1,     0,     3,      1,       0,        2,        0,         1,        0,         1,  439669.09375
 874,   2,   0, 1.8408362865447998 ,     11,     0,     2,    31,    0,     0,     3,      1,       0,        2,        0,         1,        0,         1,  174368.046875
 875,   9,   0, 0.40606552362442017,     14,     1,     2,    22,    1,     0,     3,      0,       0,        2,        0,         0,        0,         0,  183650.171875
 876,  13,   0, 0.19276678562164307,     17,     1,     6,    27,    0,     0,     2,      0,       0,        1,        0,         0,        0,         0,  424855.8125
 877,   2,   0, 0.9868924021720886 ,      8,     1,     1,    31,    0,     0,     2,      0,       0,        1,        0,         0,        0,         0,  355508.9375
 878,   2,   0, 1.7336328029632568 ,      4,     0,     1,    17,    0,     0,     2,      0,       0,        2,        0,         0,        0,         0,  195927.359375
 879,   2,   0, 1.0565972328186035 ,      3,     1,     1,    22,    0,     0,     1,      0,       0,        1,        0,         0,        0,         0,  239420.109375
 880,   1,   0, 1.1621983051300049 ,      7,     1,     3,    39,    0,     0,     1,      0,       0,        0,        0,         0,        0,         0,  699491.6875
 881,   2,   0, 1.6289167404174805 ,      4,     1,     1,    26,    1,     0,     0,      0,       1,        0,        0,         0,        0,         0, 1547546.75
 882,   2,   0, 0.8023635149002075 ,      6,     1,     1,    33,    1,     0,     1,      0,       0,        1,        0,         0,        0,         0,  538721
 883,   2,   0, 1.729644775390625  ,     11,     1,     1,    45,    3,     0,     1,      0,       0,        1,        0,         0,        0,         0,   64446.80859375
 884,   2,   0, 0.9272814989089966 ,      8,     1,     2,    38,    2,     0,     1,      0,       1,        0,        0,         0,        0,         0,  521373.875
 885,   2,   0, 1.189005970954895  ,      5,     1,     2,    33,    1,     0,     0,      0,       1,        0,        0,         0,        0,         0, 1013070.625
 886,   8,   0, 1.1135467290878296 ,     10,     1,     2,    25,    1,     0,     2,      0,       1,        1,        0,         0,        0,         0,  312310.75
 887,   2,   0, 0.3321451246738434 ,     12,     1,     3,    40,    3,     0,     0,      0,       0,        0,        0,         0,        0,         0,  466233.75
 888,   2,   0, 0.8023635149002075 ,      6,     1,     2,    33,    0,     0,     1,      0,       0,        1,        0,         0,        0,         0,  472812.5
 889,   2,   0, 1.189005970954895  ,      5,     1,     1,    25,    1,     0,     2,      0,       1,        1,        0,         0,        0,         0,  398594.0625
 890,   2,   0, 1.189005970954895  ,      5,     1,     1,    30,    0,     0,     2,      0,       0,        2,        0,         0,        0,         0, 1008017.6875
 891,   2,   0, 1.1621983051300049 ,      7,     1,     2,    25,    1,     0,     3,      1,       0,        2,        0,         1,        0,         1,  611327.3125
 892,   1,   0, 0.8208013772964478 ,      2,     1,     1,    31,    1,     0,     0,      0,       0,        0,        0,         0,        0,         0, 3205521.25
 893,   2,   0, 1.1621983051300049 ,      7,     1,     1,    30,    0,     0,     3,      0,       0,        2,        0,         0,        0,         0, 1276881.25
 894,   2,   0, 0.8023635149002075 ,      6,     1,     3,    31,    1,     0,     1,      0,       0,        0,        0,         0,        0,         0, 1514972.625
 895,   2,   0, 1.6289167404174805 ,      4,     1,     1,    33,    1,     1,     0,      0,       0,        0,        0,         0,        1,         0,  376246
 896,   2,   0, 0.8023635149002075 ,      6,     1,     1,    33,    2,     0,     0,      0,       1,        0,        0,         0,        0,         0,  361848.25
 897,   3,   0, 0.9927759766578674 ,      3,     0,     3,    33,    1,     0,     1,      0,       0,        0,        0,         0,        0,         0,  409261.625
 898,   2,   0, 0.8023635149002075 ,      6,     1,     2,    41,    1,     0,     1,      0,       0,        0,        0,         0,        0,         0,  260710.953125
 899,   2,   0, 1.7336328029632568 ,      5,     0,     2,    43,    1,     0,     1,      0,       1,        0,        0,         0,        0,         0,  158682.40625
 900,   2,   0, 0.853943943977356  ,      6,     0,     2,    29,    2,     1,     2,      0,       0,        2,        0,         0,        1,         0,  161985.59375
 901,   2,   0, 1.2369109392166138 ,      7,     1,     1,    29,    2,     0,     1,      0,       1,        0,        0,         0,        0,         0,  316915.0625
 902,   2,   0, 0.853943943977356  ,      6,     1,     1,    26,    0,     0,     3,      0,       0,        1,        0,         0,        0,         0,  252552.125
 903,   2,   0, 0.9868924021720886 ,      8,     1,     1,    22,    1,     0,     2,      0,       1,        2,        0,         0,        0,         0,  154726.84375
 904,   6,   0, 0.853943943977356  ,      6,     1,     2,    20,    0,     0,     1,      0,       0,        1,        0,         0,        0,         0,  188521.078125
 905,   2,   0, 0.853943943977356  ,      6,     0,     1,    47,    2,     0,     0,      0,       1,        0,        0,         0,        0,         0,  107369.6484375
 906,   2,   0, 1.7336328029632568 ,      4,     0,     1,    39,    2,     1,     2,      1,       0,        1,        0,         0,        1,         1,  150947.546875
 907,   2,   0, 1.7336328029632568 ,      4,     1,     1,    28,    0,     0,     1,      0,       0,        0,        0,         0,        0,         0,  281511.625
 908,   2,   0, 0.972262442111969  ,      3,     1,     1,    18,    2,     0,     0,      0,       2,        0,        0,         0,        0,         0,  267266.875
 909,   2,   0, 0.853943943977356  ,      6,     1,     1,    31,    2,     2,     3,      0,       1,        1,        1,         0,        2,         0,  302109.21875
 910,   2,   0, 0.8735672235488892 ,      2,     1,     1,    29,    0,     0,     1,      0,       0,        1,        0,         0,        0,         0,  634387.75
 911,   2,   0, 1.2654420137405396 ,      5,     0,     1,    28,    1,     0,     2,      0,       1,        1,        0,         0,        0,         0,  205322.546875
 912,   2,   0, 0.9868924021720886 ,      9,     0,     2,    28,    4,     0,     0,      0,       1,        0,        0,         0,        0,         0,  130151.984375
 913,   3,   0, 0.6871117353439331 ,      9,     0,     5,    24,    0,     0,     1,      0,       0,        0,        0,         0,        0,         0,  141788.109375
 914,   2,   0, 1.2654420137405396 ,      5,     0,     1,    25,    2,     0,     1,      0,       2,        1,        0,         0,        0,         0,  237870.125
 915,   2,   0, 1.0565972328186035 ,      3,     1,     1,    29,    1,     0,     0,      0,       1,        0,        0,         0,        0,         0,  196986.328125
 916,   2,   0, 0.972262442111969  ,      2,     0,     1,    44,    1,     1,     0,      0,       0,        0,        0,         0,        1,         0,  315294.5625
 917,   2,   0, 1.1851317882537842 ,     10,     0,     2,    47,    2,     0,     1,      0,       1,        0,        0,         0,        0,         0,  250712.421875
 918,   2,   0, 1.7336328029632568 ,      4,     0,     1,    28,    2,     0,     0,      0,       2,        0,        0,         0,        0,         0,  155705.46875
 919,   3,   0, 0.853943943977356  ,      6,     0,     2,    25,    1,     0,     2,      0,       1,        1,        0,         0,        0,         0,  213949.75
 920,   8,   0, 0.29045340418815613,     15,     1,     5,    21,    0,     0,     1,      0,       0,        1,        0,         0,        0,         0,  295731.46875
 921,   6,   0, 1.1851317882537842 ,     10,     0,     2,    34,    1,     0,     2,      0,       0,        1,        0,         0,        0,         0,  107524.765625
 922,   6,   0, 1.1851317882537842 ,     10,     0,     2,    36,    1,     0,     3,      0,       0,        2,        0,         0,        0,         0,  129879.7734375
 923,   7,   0, 1.8408362865447998 ,     11,     0,     6,    28,    2,     0,     0,      0,       0,        0,        0,         0,        0,         0,  146033.953125
 924,   2,   0, 1.0565972328186035 ,      3,     1,     1,    31,    1,     0,     2,      0,       0,        1,        0,         0,        0,         0,  411933.125
 925,   2,   0, 0.6871117353439331 ,      9,     0,     2,    32,    0,     0,     1,      0,       0,        1,        0,         0,        0,         0,  159540.8125
 926,   2,   0, 1.0478957891464233 ,      3,     0,     1,    25,    0,     0,     1,      0,       0,        1,        0,         0,        0,         0,  311060.3125
 927,   2,   0, 0.9522472023963928 ,      8,     0,     1,    39,    2,     0,     2,      0,       2,        0,        0,         0,        0,         0,  167985.0625
 928,   2,   0, 1.593063235282898  ,      5,     0,     1,    28,    1,     0,     1,      0,       1,        0,        0,         0,        0,         0,  130782.9375
 929,   2,   0, 0.657261848449707  ,     12,     0,     3,    32,    2,     0,     2,      0,       1,        0,        0,         0,        0,         0,   68649.2578125
 930,   2,   0, 0.40986141562461853,     15,     1,     3,    35,    2,     0,     0,      0,       1,        0,        0,         0,        0,         0,  148450.34375
 931,   5,   0, 0.7509235143661499 ,      9,     0,     2,    32,    0,     0,     2,      0,       0,        0,        0,         0,        0,         0,  190967.6875
 932,   2,   0, 1.593063235282898  ,      5,     1,     1,    19,    1,     0,     0,      0,       1,        0,        0,         0,        0,         0,  200488.5
 933,   2,   0, 0.7445347309112549 ,     14,     1,     2,    28,    1,     0,     1,      0,       0,        0,        0,         0,        0,         0,  278042.65625
 934,   2,   0, 1.3896201848983765 ,      6,     0,     1,    48,    0,     0,     1,      0,       0,        0,        0,         0,        0,         0,  143538.046875
 935,   2,   0, 0.657261848449707  ,     12,     1,     1,    23,    1,     0,     1,      0,       1,        1,        0,         0,        0,         0,  138586
 936,   2,   0, 1.0478957891464233 ,      3,     0,     1,    28,    2,     1,     0,      0,       2,        0,        1,         0,        1,         0,  204399.109375
 937,   2,   0, 1.5835461616516113 ,      4,     0,     1,    28,    2,     0,     3,      1,       0,        2,        0,         1,        0,         1,  122464.296875
 938,   2,   0, 1.3896201848983765 ,      6,     1,     1,    34,    0,     0,     2,      0,       0,        1,        0,         0,        0,         0,  471005.375
 939,   2,   0, 0.7509235143661499 ,      9,     0,     2,    42,    2,     1,     1,      0,       1,        1,        0,         0,        1,         0,   82521.7578125
 940,  16,   0, 0.34674784541130066,     20,     0,     4,    21,    1,     0,     0,      0,       1,        0,        0,         0,        0,         0,  107003.6640625
 941,   2,   0, 1.4550774097442627 ,      3,     0,     1,    21,    1,     0,     0,      0,       1,        0,        0,         0,        0,         0,  292152.875
 942,   4,   0, 0.657261848449707  ,     12,     1,     3,    27,    1,     0,     2,      1,       0,        1,        0,         1,        0,         1,  239516.953125
 943,   2,   0, 1.5835461616516113 ,      4,     1,     1,    27,    3,     2,     1,      0,       1,        1,        1,         0,        2,         0,   98344.09375
 944,   2,   0, 0.40986141562461853,     15,     0,     2,    47,    0,     0,     1,      0,       0,        0,        0,         0,        0,         0,  148803.421875
 945,   2,   0, 1.4550774097442627 ,      4,     1,     1,    25,    1,     0,     1,      0,       0,        1,        0,         0,        0,         0,  599712.1875
 946,   2,   0, 0.9522472023963928 ,      9,     1,     1,    24,    4,     0,     1,      1,       2,        0,        0,         0,        0,         1,  200887.375
 947,   2,   0, 0.9522472023963928 ,      8,     1,     2,    27,    2,     0,     2,      0,       0,        2,        0,         0,        0,         0,  358491.78125
 948,   2,   0, 1.593063235282898  ,      7,     1,     1,    23,    0,     0,     2,      0,       0,        2,        0,         0,        0,         0,  466451.6875
 949,   2,   0, 0.9522472023963928 ,      9,     0,     3,    40,    0,     0,     1,      0,       0,        0,        0,         0,        0,         0,  189968.84375
 950,   3,   0, 0.7509235143661499 ,      9,     0,     2,    27,    3,     0,     2,      0,       2,        0,        0,         0,        0,         0,  104049.875
 951,  12,   0, 0.7267031669616699 ,     14,     1,     2,    27,    0,     0,     2,      0,       0,        2,        0,         0,        0,         0,  182283.03125
 952,   3,   0, 0.7509235143661499 ,      9,     0,     3,    21,    0,     0,     2,      0,       0,        2,        0,         0,        0,         0,  122884.4609375
 953,   2,   0, 0.25049805641174316,     16,     1,     1,    35,    4,     0,     2,      0,       1,        1,        0,         0,        0,         0,  172885.90625
 954,   2,   0, 0.9522472023963928 ,      8,     1,     1,    26,    4,     1,     1,      0,       2,        0,        1,         0,        1,         0,  118714.984375
 955,   2,   0, 0.7032979130744934 ,      7,     0,     1,    28,    1,     1,     1,      0,       1,        0,        1,         0,        1,         0,   94170.890625
 956,   2,   0, 1.593063235282898  ,      5,     1,     1,    26,    2,     0,     1,      0,       1,        1,        0,         0,        0,         0,  183792.515625
 957,   2,   0, 0.7032979130744934 ,      7,     0,     2,    25,    2,     0,     0,      0,       2,        0,        0,         0,        0,         0,  226747.109375
 958,   2,   0, 0.7370555996894836 ,     11,     0,     2,    35,    0,     0,     3,      0,       0,        2,        0,         0,        0,         0,   77660.2109375
 959,   2,   0, 2.079049825668335  ,      3,     1,     1,    28,    1,     0,     3,      0,       0,        2,        0,         0,        0,         0,  302500.40625
 960,   2,   0, 0.657261848449707  ,     13,     0,     4,    47,    0,     0,     1,      0,       0,        0,        0,         0,        0,         0,  129935
 961,   5,   0, 0.947855532169342  ,     11,     1,     3,    25,    2,     0,     2,      0,       1,        1,        0,         0,        0,         0,  145126.734375
 962,   2,   0, 0.9522472023963928 ,      8,     1,     1,    28,    1,     0,     2,      0,       0,        1,        0,         0,        0,         0,  438862.71875
 963,   3,   0, 0.40986141562461853,     16,     0,     4,    29,    1,     0,     2,      0,       0,        1,        0,         0,        0,         0,   85126.1640625
 964,   2,   0, 1.3896201848983765 ,      6,     1,     1,    27,    0,     0,     2,      0,       0,        1,        0,         0,        0,         0,  256989.921875
 965,   6,   0, 0.657261848449707  ,     15,     1,     5,    20,    1,     0,     0,      0,       1,        0,        0,         0,        0,         0,   87919.0703125
 966,   4,   0, 1.3896201848983765 ,      6,     1,     1,    31,    0,     0,     1,      0,       0,        0,        0,         0,        0,         0,  429051.96875
 967,   2,   0, 0.34674784541130066,     20,     0,     3,    42,    1,     0,     3,      1,       1,        1,        0,         0,        0,         1,  277720.53125
 968,   2,   0, 1.5835461616516113 ,      4,     0,     1,    36,    4,     1,     1,      1,       2,        0,        1,         0,        1,         1,  525148.125
 969,   2,   0, 1.3896201848983765 ,      6,     1,     1,    25,    0,     0,     2,      0,       0,        1,        0,         0,        0,         0,  288610.625
 970,   6,   0, 0.7509235143661499 ,      9,     0,     3,    27,    2,     1,     1,      0,       2,        0,        1,         0,        1,         0,  118560.109375
 971,   2,   0, 1.0478957891464233 ,      3,     0,     1,    26,    1,     0,     0,      0,       1,        0,        0,         0,        0,         0,  172300.046875
 972,  13,   0, 0.34674784541130066,     22,     1,     7,    16,    0,     0,     1,      0,       0,        1,        0,         0,        0,         0,  151063.4375
 973,   2,   0, 0.7032979130744934 ,      8,     0,     1,    31,    3,     0,     2,      0,       0,        2,        0,         0,        0,         0,  156921.6875
 974,   9,   0, 0.34674784541130066,     25,     0,     2,    43,    0,     0,     1,      0,       0,        0,        0,         0,        0,         0,  688562.9375
 975,   2,   0, 1.5835461616516113 ,      4,     1,     1,    29,    1,     0,     1,      0,       1,        0,        0,         0,        0,         0,  431046.34375
 976,   6,   0, 0.25049805641174316,     16,     1,     2,    29,    2,     0,     3,      0,       1,        2,        0,         0,        0,         0,  376001.59375
 977,   2,   0, 1.0478957891464233 ,      3,     1,     1,    34,    1,     1,     2,      0,       1,        0,        1,         0,        1,         0,  498118.59375
 978,   3,   0, 0.7370555996894836 ,     10,     0,     3,    19,    1,     0,     0,      0,       1,        0,        0,         0,        0,         0,   93584.1015625
 979,   2,   0, 0.7032979130744934 ,      7,     0,     1,    29,    1,     0,     3,      0,       1,        0,        0,         0,        0,         0,   55461.9296875
 980,   2,   0, 0.9522472023963928 ,      8,     0,     1,    26,    3,     0,     2,      0,       1,        1,        0,         0,        0,         0,  156372.875
 981,   3,   0, 1.5835461616516113 ,      4,     0,     1,    22,    1,     0,     0,      0,       1,        0,        0,         0,        0,         0,  297337.875
 982,   2,   0, 1.5835461616516113 ,      5,     1,     2,    21,    2,     0,     0,      0,       2,        0,        0,         0,        0,         0,  156421.046875
 983,   5,   0, 0.25049805641174316,     17,     0,     4,    31,    0,     0,     2,      0,       0,        2,        0,         0,        0,         0,  264838.375
 984,   3,   0, 0.3989485204219818 ,     17,     0,     3,    33,    2,     0,     3,      0,       0,        1,        0,         0,        0,         0,  124102.953125
 985,   2,   0, 0.7032979130744934 ,      8,     0,     1,    42,    1,     0,     1,      0,       0,        1,        0,         0,        0,         0,   72347.7109375
 986,   3,   0, 1.593063235282898  ,      5,     0,     1,    44,    1,     1,     1,      0,       1,        0,        1,         0,        1,         0,  124067.3984375
 987,   1,   0, 1.3896201848983765 ,      6,     0,     3,    41,    0,     0,     1,      0,       0,        0,        0,         0,        0,         0,  281040.96875
 988,   2,   0, 1.3896201848983765 ,      6,     1,     1,    28,    0,     0,     4,      0,       0,        2,        0,         0,        0,         0,  726188.4375
 989,   2,   0, 0.7509235143661499 ,      9,     1,     1,    23,    0,     0,     1,      0,       0,        0,        0,         0,        0,         0,  343189.0625
 990,   3,   0, 0.9522472023963928 ,      8,     1,     3,    22,    0,     0,     1,      0,       0,        1,        0,         0,        0,         0,  371571.25
 991,   2,   0, 0.7032979130744934 ,      7,     1,     2,    27,    2,     0,     1,      0,       1,        0,        0,         0,        0,         0,  523810.5625
 992,   2,   0, 1.0478957891464233 ,      3,     1,     1,    27,    1,     0,     2,      0,       1,        1,        0,         0,        0,         0,  708550.1875
 993,   2,   0, 1.593063235282898  ,      5,     1,     1,    24,    0,     0,     1,      0,       0,        1,        0,         0,        0,         0,  717968.5625
 994,   8,   0, 0.657261848449707  ,     12,     1,     3,    35,    0,     0,     2,      0,       0,        1,        0,         0,        0,         0,  346174.3125
 995,   2,   0, 0.7370555996894836 ,     10,     1,     4,    47,    2,     0,     1,      0,       2,        0,        0,         0,        0,         0,  244249.09375
 996,   2,   0, 0.9522472023963928 ,     10,     1,     2,    30,    1,     0,     2,      0,       1,        0,        0,         0,        0,         0,  316713.9375
 997,   4,   0, 2.079049825668335  ,      4,     1,     2,    26,    1,     0,     1,      0,       0,        1,        0,         0,        0,         0,  367777.34375
 998,   5,   0, 0.7370555996894836 ,     10,     1,     3,    22,    1,     0,     0,      0,       1,        0,        0,         0,        0,         0,  151843.921875
 999,  14,   0, 0.25049805641174316,     16,     1,     4,    25,    1,     0,     1,      0,       0,        0,        0,         0,        0,         0,  224760.59375
1000,   2,   0, 1.0478957891464233 ,      3,     1,     1,    22,    1,     0,     0,      0,       1,        0,        0,         0,        0,         0,  518013.40625
1001,   2,   0, 0.7509235143661499 ,     10,     1,     2,    22,    1,     0,     0,      0,       0,        0,        0,         0,        0,         0,  203503.3125
1002,   2,   0, 1.593063235282898  ,      5,     1,     1,    28,    1,     0,     2,      0,       0,        1,        0,         0,        0,         0,  210177.046875
1003,   8,   0, 0.7509235143661499 ,      9,     0,     2,    20,    0,     0,     1,      0,       0,        1,        0,         0,        0,         0,  105392.734375
1004,   2,   0, 1.5835461616516113 ,      4,     0,     2,    32,    0,     0,     1,      0,       0,        0,        0,         0,        0,         0,  172655.921875
1005,   3,   0, 1.3896201848983765 ,      6,     0,     2,    28,    1,     0,     2,      0,       0,        1,        0,         0,        0,         0,  119421.0078125
1006,   2,   0, 0.9522472023963928 ,      8,     0,     1,    39,    0,     0,     4,      0,       0,        1,        0,         0,        0,         0,  145999.359375
1007,  15,   0, 0.34674784541130066,     23,     0,     4,    20,    2,     0,     0,      0,       2,        0,        0,         0,        0,         0,  189905.796875
1008,   3,   0, 0.947855532169342  ,     11,     1,     1,    26,    3,     0,     0,      0,       1,        0,        0,         0,        0,         0,  329169.65625
1009,   2,   0, 1.3896201848983765 ,      6,     1,     1,    24,    0,     0,     3,      0,       0,        2,        0,         0,        0,         0,  201293.484375
1010,   2,   0, 0.7032979130744934 ,      7,     0,     1,    30,    2,     0,     0,      0,       2,        0,        0,         0,        0,         0,  107134.1640625
1011,   2,   0, 1.0478957891464233 ,      3,     0,     1,    29,    0,     0,     3,      0,       0,        0,        0,         0,        0,         0,  341183.375
1012,   2,   0, 0.7267031669616699 ,     14,     1,     2,    33,    1,     0,     2,      0,       0,        2,        0,         0,        0,         0,  127864.3828125
1013,   1,   0, 1.5835461616516113 ,      4,     0,     2,    38,    0,     0,     3,      0,       0,        1,        0,         0,        0,         0,  244903.8125
1014,   2,   0, 0.7032979130744934 ,      7,     1,     2,    25,    1,     0,     1,      0,       1,        1,        0,         0,        0,         0,  238435.421875
1015,   2,   0, 1.4550774097442627 ,      5,     1,     1,    25,    1,     0,     2,      0,       1,        2,        0,         0,        0,         0,  240682.671875
1016,   5,   0, 1.593063235282898  ,      6,     1,     2,    20,    1,     0,     0,      0,       1,        0,        0,         0,        0,         0,  185933.375
1017,   2,   0, 1.3896201848983765 ,      6,     1,     2,    28,    2,     0,     0,      0,       2,        0,        0,         0,        0,         0,  182907.828125
1018,   6,   0, 1.593063235282898  ,      6,     0,     1,    16,    0,     0,     1,      0,       0,        1,        0,         0,        0,         0,  168169.375
1019,   1,   0, 2.079049825668335  ,      1,     0,     1,    43,    1,     0,     0,      0,       0,        0,        0,         0,        0,         0,  467780.25
1020,   2,   0, 1.0478957891464233 ,      3,     0,     1,    27,    1,     0,     0,      0,       1,        0,        0,         0,        0,         0,  261854.015625
1021,   8,   0, 0.9522472023963928 ,      8,     0,     2,    16,    1,     0,     0,      0,       1,        0,        0,         0,        0,         0,  189606.796875
1022,  17,   1, 0.31187233328819275,     17,     1,     6,    25,    2,     0,     0,      0,       1,        0,        0,         0,        0,         0,  135277.546875
1023,   1,   1, 1.3394544124603271 ,      3,     0,     1,    46,    1,     0,     0,      0,       0,        0,        0,         0,        0,         0,  352677.40625
1024,   2,   1, 0.9591714143753052 ,      7,     1,     1,    42,    2,     0,     1,      0,       0,        0,        0,         0,        0,         0,  244736.640625
1025,   2,   1, 0.9142539501190186 ,     11,     1,     2,    40,    3,     0,     3,      0,       0,        2,        0,         0,        0,         0,  282448.59375
1026,   2,   1, 1.2318921089172363 ,      6,     0,     1,    38,    1,     0,     1,      0,       1,        0,        0,         0,        0,         0,  150094.484375
1027,   2,   1, 0.6401918530464172 ,     12,     1,     2,    32,    2,     0,     2,      0,       2,        1,        0,         0,        0,         0,  119456.4375
1028,   2,   1, 1.4264832735061646 ,      5,     0,     1,    28,    0,     0,     3,      0,       0,        1,        0,         0,        0,         0,  170470.015625
1029,   2,   1, 0.6401918530464172 ,     12,     1,     2,    26,    5,     0,     0,      0,       4,        0,        0,         0,        0,         0,  166301.203125
1030,   2,   1, 1.754382848739624  ,      8,     1,     2,    29,    0,     0,     1,      0,       0,        0,        0,         0,        0,         0,  225738.265625
1031,   1,   1, 1.0844714641571045 ,      4,     0,     1,    41,    1,     0,     2,      0,       0,        2,        0,         0,        0,         0,  178165.59375
1032,   2,   1, 0.9591714143753052 ,      7,     0,     1,    31,    2,     0,     2,      0,       1,        1,        0,         0,        0,         0,  165247.484375
1033,   3,   1, 0.6401918530464172 ,     12,     0,     2,    18,    0,     0,     1,      0,       0,        1,        0,         0,        0,         0,  124826.25
1034,   6,   1, 1.2318921089172363 ,      7,     0,     2,    19,    1,     0,     0,      0,       1,        0,        0,         0,        0,         0,  124163.984375
1035,  11,   1, 0.8128567337989807 ,     11,     0,     4,    36,    0,     0,     1,      1,       0,        1,        0,         1,        0,         1,   48242.37109375
1036,   8,   1, 0.5775368213653564 ,     13,     0,     2,    40,    3,     0,     1,      0,       1,        1,        0,         0,        0,         0,   83061.03125
1037,   8,   1, 0.9142539501190186 ,     10,     0,     2,    37,    1,     0,     0,      0,       0,        0,        0,         0,        0,         0,  202848.21875
1038,   2,   1, 1.4264832735061646 ,      7,     0,     1,    30,    1,     0,     2,      0,       0,        2,        0,         0,        0,         0,  102167.75
1039,   2,   1, 0.9111201763153076 ,      9,     1,     1,    25,    1,     0,     3,      0,       0,        2,        0,         0,        0,         0,  125435.859375
1040,   8,   1, 0.9142539501190186 ,     10,     0,     2,    19,    1,     0,     0,      0,       1,        0,        0,         0,        0,         0,   76998.71875
1041,   2,   1, 1.2318921089172363 ,      6,     0,     1,    32,    1,     0,     3,      0,       1,        1,        0,         0,        0,         0,  117908.0078125
1042,   2,   1, 0.41713038086891174,     22,     0,     6,    44,    2,     0,     2,      0,       1,        0,        0,         0,        0,         0,  167458.171875
1043,   2,   1, 0.9111201763153076 ,      9,     1,     1,    23,    5,     0,     1,      0,       3,        1,        0,         0,        0,         0,  113161.2734375
1044,   2,   1, 0.9142539501190186 ,     10,     0,     2,    39,    1,     0,     3,      0,       1,        1,        0,         0,        0,         0,  107565.515625
1045,   6,   1, 0.5775368213653564 ,     13,     0,     3,    31,    0,     0,     2,      0,       0,        1,        0,         0,        0,         0,  104295.640625
1046,  14,   1, 0.41713038086891174,     19,     1,     4,    47,    0,     0,     2,      0,       0,        1,        0,         0,        0,         0,   99193.953125
1047,   8,   1, 0.8128567337989807 ,     11,     1,     1,    21,    0,     0,     2,      0,       0,        1,        0,         0,        0,         0,  119491.4453125
1048,   2,   1, 1.099249243736267  ,      8,     0,     1,    38,    4,     1,     1,      0,       1,        1,        1,         0,        1,         0,   64442.47265625
1049,   2,   1, 1.0844714641571045 ,      4,     1,     1,    18,    1,     0,     1,      0,       1,        1,        0,         0,        0,         0,  263431.875
1050,   6,   1, 0.6401918530464172 ,     12,     0,     2,    24,    0,     0,     3,      0,       0,        2,        0,         0,        0,         0,  105163.90625
1051,   3,   1, 0.6401918530464172 ,     13,     0,     3,    46,    0,     0,     1,      0,       0,        0,        0,         0,        0,         0,  158354.515625
1052,   5,   1, 0.5775368213653564 ,     13,     0,     2,    31,    3,     0,     0,      0,       2,        0,        0,         0,        0,         0,   99568.1953125
1053,   2,   1, 0.44013190269470215,     18,     1,     4,    37,    4,     0,     0,      0,       1,        0,        0,         0,        0,         0,  287733.3125
1054,  12,   1, 0.5775368213653564 ,     13,     1,     3,    29,    2,     0,     1,      0,       1,        0,        0,         0,        0,         0,  162047.53125
1055,   3,   1, 1.4264832735061646 ,      5,     0,     2,    20,    1,     0,     0,      0,       1,        0,        0,         0,        0,         0,  220511.78125
1056,   3,   1, 0.44013190269470215,     15,     1,     2,    18,    1,     0,     0,      0,       1,        0,        0,         0,        0,         0,   95024.2265625
1057,   2,   1, 1.2318921089172363 ,      6,     0,     1,    38,    1,     0,     2,      1,       1,        1,        0,         0,        0,         1,   80588.46875
1058,   7,   1, 0.8128567337989807 ,     12,     1,     3,    26,    2,     0,     2,      0,       0,        2,        0,         0,        0,         0,  113716.1015625
1059,   2,   1, 0.9142539501190186 ,     11,     0,     1,    38,    4,     0,     1,      0,       3,        0,        0,         0,        0,         0,   85697.8984375
1060,   5,   1, 1.099249243736267  ,      9,     0,     2,    37,    1,     0,     1,      0,       1,        0,        0,         0,        0,         0,  162723.5625
1061,   3,   1, 0.5775368213653564 ,     13,     1,     4,    19,    1,     0,     1,      0,       1,        1,        0,         0,        0,         0,  172905.28125
1062,   6,   1, 0.21946682035923004,     15,     1,     3,    19,    1,     0,     0,      0,       1,        0,        0,         0,        0,         0,  169689.453125
1063,   6,   1, 0.41713038086891174,     19,     0,     2,    36,    3,     0,     1,      0,       2,        0,        0,         0,        0,         0,  161466.921875
1064,   2,   1, 0.6401918530464172 ,     12,     1,     2,    42,    0,     0,     2,      0,       0,        0,        0,         0,        0,         0,   93810.6484375
1065,   3,   1, 1.4264832735061646 ,      6,     0,     1,    21,    0,     0,     1,      0,       0,        1,        0,         0,        0,         0,  241124.5625
1066,   4,   1, 1.099249243736267  ,      8,     1,     1,    20,    1,     0,     0,      0,       1,        0,        0,         0,        0,         0,  389077.25
1067,   2,   1, 0.9111201763153076 ,      9,     1,     1,    39,    2,     1,     4,      1,       2,        2,        1,         1,        1,         1,  162016.921875
1068,   8,   1, 0.8265901803970337 ,     16,     0,     3,    33,    1,     1,     3,      0,       0,        2,        0,         0,        1,         0,   80260.9609375
1069,   7,   1, 0.41713038086891174,     26,     0,     6,    28,    3,     0,     1,      0,       2,        0,        0,         0,        0,         0,   78532.1640625
1070,   2,   1, 0.8128567337989807 ,     11,     0,     2,    40,    2,     0,     1,      0,       2,        0,        0,         0,        0,         0,   78879.734375
1071,   2,   1, 1.099249243736267  ,      8,     0,     1,    28,    1,     0,     2,      0,       1,        1,        0,         0,        0,         0,   58546.7265625
1072,   2,   1, 1.0844714641571045 ,      4,     0,     1,    19,    1,     0,     0,      0,       1,        0,        0,         0,        0,         0,  105075.7578125
1073,   2,   1, 0.9591714143753052 ,      7,     0,     1,    44,    2,     0,     1,      0,       1,        1,        0,         0,        0,         0,   73538.4140625
1074,   2,   1, 1.099249243736267  ,      8,     1,     1,    28,    1,     0,     1,      0,       0,        1,        0,         0,        0,         0,   85059.375
1075,   2,   1, 1.2318921089172363 ,      7,     1,     1,    25,    0,     0,     1,      0,       0,        1,        0,         0,        0,         0,  129351.6171875
1076,   7,   1, 0.5775368213653564 ,     13,     1,     3,    21,    4,     1,     2,      1,       3,        1,        1,         1,        1,         1,   98602.890625
1077,   2,   1, 1.3394544124603271 ,      3,     1,     1,    18,    2,     1,     0,      0,       2,        0,        1,         0,        1,         0,  218073.140625
1078,   2,   1, 0.9142539501190186 ,     10,     0,     1,    36,    1,     0,     1,      0,       0,        1,        0,         0,        0,         0,   60621.4296875
1079,   2,   1, 1.2318921089172363 ,      6,     0,     1,    20,    1,     1,     1,      0,       1,        1,        1,         0,        1,         0,  125698.21875
1080,   2,   1, 1.0844714641571045 ,      4,     0,     1,    44,    1,     0,     1,      0,       0,        0,        0,         0,        0,         0,   79528.7578125
1081,   2,   1, 0.6401918530464172 ,     12,     1,     3,    34,    2,     0,     2,      0,       1,        0,        0,         0,        0,         0,   70963.78125
1082,   2,   1, 1.4264832735061646 ,      5,     0,     1,    33,    3,     2,     0,      0,       0,        0,        0,         0,        2,         0,   93370.7890625
1083,   5,   1, 0.9591714143753052 ,      7,     0,     2,    18,    1,     0,     1,      0,       1,        0,        0,         0,        0,         0,  107711.9921875
1084,   2,   1, 0.9591714143753052 ,      7,     0,     1,    38,    3,     0,     0,      0,       1,        0,        0,         0,        0,         0,  139047.546875
1085,   2,   1, 1.0844714641571045 ,      4,     1,     2,    21,    0,     0,     1,      1,       0,        0,        0,         0,        0,         1,  116139.5
1086,   5,   1, 1.2318921089172363 ,      6,     0,     1,    19,    1,     1,     0,      0,       1,        0,        1,         0,        1,         0,  256274.3125
1087,   2,   1, 1.2318921089172363 ,      6,     0,     1,    27,    3,     1,     2,      1,       2,        1,        0,         1,        1,         1,   88386.3359375
1088,   2,   1, 1.0844714641571045 ,      4,     1,     1,    26,    1,     0,     2,      0,       0,        1,        0,         0,        0,         0,  135326.546875
1089,   3,   1, 0.9111201763153076 ,     10,     0,     2,    18,    0,     0,     1,      0,       0,        1,        0,         0,        0,         0,   94386.8984375
1090,   2,   1, 0.9111201763153076 ,      9,     0,     1,    38,    3,     0,     2,      0,       2,        1,        0,         0,        0,         0,  104919.6640625
1091,   2,   1, 1.099249243736267  ,      8,     1,     2,    42,    1,     0,     3,      0,       0,        3,        0,         0,        0,         0,   57836.04296875
1092,   4,   1, 1.3022165298461914 ,      4,     0,     1,    19,    0,     0,     1,      0,       0,        1,        0,         0,        0,         0,  168795.828125
1093,   2,   1, 0.561409592628479  ,      9,     1,     2,    36,    2,     0,     3,      1,       0,        3,        0,         1,        0,         1,  107335.046875
1094,   2,   1, 0.561409592628479  ,      9,     0,     1,    45,    2,     2,     3,      0,       2,        1,        2,         0,        2,         0,   57663.109375
1095,   2,   1, 0.561409592628479  ,      9,     0,     1,    45,    2,     0,     2,      0,       1,        0,        0,         0,        0,         0,  103784.0390625
1096,   2,   1, 1.3022165298461914 ,      5,     0,     1,    27,    1,     0,     2,      1,       0,        2,        0,         1,        0,         1,   91816.578125
1097,   2,   1, 1.5997273921966553 ,      2,     0,     1,    40,    3,     2,     0,      0,       1,        0,        1,         0,        2,         0,   47899.9296875
1098,   2,   1, 1.0389858484268188 ,      5,     0,     1,    22,    2,     1,     1,      0,       1,        1,        1,         0,        1,         0,   46538.19140625
1099,   4,   1, 1.0389858484268188 ,      5,     0,     2,    18,    0,     0,     1,      0,       0,        1,        0,         0,        0,         0,  108712.421875
1100,   6,   1, 1.0253525972366333 ,      7,     0,     2,    18,    0,     0,     1,      0,       0,        1,        0,         0,        0,         0,  121582.0390625
1101,   2,   1, 1.3022165298461914 ,      4,     0,     1,    33,    1,     0,     2,      1,       1,        0,        0,         0,        0,         1,   93728.671875
1102,   3,   1, 1.3022165298461914 ,      4,     0,     1,    19,    1,     0,     0,      0,       0,        0,        0,         0,        0,         0,  165924.765625
1103,   2,   1, 1.4264832735061646 ,      5,     0,     1,    41,    1,     0,     0,      0,       0,        0,        0,         0,        0,         0,   97375.6484375
1104,   3,   1, 0.9111201763153076 ,      9,     0,     2,    19,    1,     0,     0,      0,       1,        0,        0,         0,        0,         0,   80018.5625
1105,   2,   1, 0.9111201763153076 ,      9,     0,     1,    44,    1,     0,     2,      0,       0,        2,        0,         0,        0,         0,   43344.6328125
1106,   8,   1, 0.8128567337989807 ,     11,     0,     2,    17,    1,     0,     1,      0,       1,        1,        0,         0,        0,         0,   56397.91015625
1107,   2,   1, 1.2318921089172363 ,      6,     0,     1,    42,    4,     1,     0,      0,       1,        0,        0,         0,        1,         0,   57391.28515625
1108,   2,   1, 1.3394544124603271 ,      3,     1,     1,    23,    0,     0,     1,      0,       0,        1,        0,         0,        0,         0,  121420.6640625
1109,   2,   1, 1.4264832735061646 ,      5,     0,     1,    43,    0,     0,     2,      0,       0,        0,        0,         0,        0,         0,  127138.859375
1110,   3,   1, 1.3394544124603271 ,      3,     0,     2,    21,    0,     0,     1,      1,       0,        1,        0,         1,        0,         1,   81999.3125
1111,   2,   1, 0.9591714143753052 ,      7,     0,     1,    31,    2,     0,     2,      0,       0,        2,        0,         0,        0,         0,   37631.01953125
1112,   2,   1, 1.2318921089172363 ,      6,     1,     1,    25,    3,     0,     1,      0,       2,        1,        0,         0,        0,         0,  178451.515625
1113,   6,   1, 0.5256010293960571 ,     10,     0,     2,    26,    2,     0,     1,      0,       1,        1,        0,         0,        0,         0,  112131.8984375
1114,  12,   1, 0.3689965605735779 ,     16,     0,     4,    24,    1,     0,     0,      0,       1,        0,        0,         0,        0,         0,   54667.55078125
1115,   2,   1, 1.5422899723052979 ,      7,     0,     1,    30,    3,     1,     1,      0,       2,        0,        1,         0,        1,         0,   92546.2890625
1116,   2,   1, 1.5422899723052979 ,      6,     0,     1,    47,    0,     0,     1,      0,       0,        0,        0,         0,        0,         0,  106692.3203125
1117,   3,   1, 1.0389858484268188 ,      5,     0,     1,    19,    0,     0,     1,      0,       0,        1,        0,         0,        0,         0,  105719.5234375
1118,   2,   1, 1.3022165298461914 ,      4,     0,     1,    23,    1,     0,     1,      1,       1,        1,        0,         1,        0,         1,   70389.484375
1119,   2,   1, 0.5256010293960571 ,     10,     1,     3,    27,    3,     0,     2,      0,       1,        2,        0,         0,        0,         0,   52299.375
1120,   2,   1, 0.5313599705696106 ,     12,     1,     1,    29,    2,     0,     3,      1,       2,        0,        0,         0,        0,         1,  122145.4140625
1121,   4,   1, 0.5726845860481262 ,      8,     0,     3,    18,    0,     0,     1,      0,       0,        1,        0,         0,        0,         0,  100351.203125
1122,   2,   1, 1.2205389738082886 ,     15,     0,     2,    36,    2,     1,     2,      0,       2,        1,        1,         0,        1,         0,   79387.484375
1123,   3,   1, 1.0253525972366333 ,      9,     0,     3,    33,    4,     3,     2,      0,       1,        1,        1,         0,        3,         0,  175939.875
1124,   5,   1, 0.561409592628479  ,      9,     0,     2,    19,    1,     0,     0,      0,       1,        0,        0,         0,        0,         0,  161304.734375
1125,   2,   1, 0.5726845860481262 ,      8,     0,     1,    34,    1,     1,     1,      0,       0,        0,        0,         0,        1,         0,   89956.984375
1126,   2,   1, 1.5422899723052979 ,      6,     1,     3,    41,    0,     0,     1,      1,       0,        0,        0,         0,        0,         1,  110701.84375
1127,  10,   1, 0.07715345919132233,     19,     0,     5,    28,    1,     0,     1,      0,       0,        0,        0,         0,        0,         0,   87154.7578125
1128,   3,   1, 1.0253525972366333 ,      7,     0,     1,    35,    1,     0,     2,      0,       0,        1,        0,         0,        0,         0,  115781.265625
1129,   4,   1, 1.0253525972366333 ,      8,     0,     2,    16,    1,     0,     0,      0,       1,        0,        0,         0,        0,         0,  154427.984375
1130,   2,   1, 1.5422899723052979 ,      6,     1,     3,    25,    2,     0,     2,      1,       1,        0,        0,         0,        0,         1,  230745.515625
1131,   4,   1, 0.6405752897262573 ,      9,     0,     1,    28,    2,     1,     3,      0,       0,        2,        0,         0,        1,         0,   48398.26953125
1132,   2,   1, 0.7824695706367493 ,      6,     0,     1,    32,    2,     0,     1,      0,       1,        1,        0,         0,        0,         0,   79597.2109375
1133,   5,   1, 0.8323639631271362 ,     11,     1,     3,    48,    0,     0,     2,      1,       0,        0,        0,         0,        0,         1,  121698.9765625
1134,  11,   1, 0.9043391942977905 ,     15,     0,     2,    36,    3,     1,     1,      0,       2,        1,        1,         0,        1,         0,   75565.4296875
1135,   2,   1, 0.8962159156799316 ,      5,     0,     1,    26,    2,     0,     1,      0,       0,        1,        0,         0,        0,         0,  107038.5859375
1136,   2,   1, 0.6405752897262573 ,      9,     0,     2,    38,    2,     2,     2,      0,       2,        1,        2,         0,        2,         0,   93978.8046875
1137,   6,   1, 0.9392228126525879 ,      7,     0,     1,    36,    0,     0,     1,      0,       0,        0,        0,         0,        0,         0,   38614.77734375
1138,   5,   1, 0.8323639631271362 ,     11,     1,     3,    19,    1,     0,     1,      0,       1,        1,        0,         0,        0,         0,   81223.9375
1139,   4,   1, 0.6682977676391602 ,     12,     0,     3,    28,    2,     0,     1,      0,       1,        1,        0,         0,        0,         0,   81504.875
1140,  15,   1, 0.9043391942977905 ,     15,     0,     3,    22,    0,     0,     1,      0,       0,        1,        0,         0,        0,         0,  180738.828125
1141,   2,   1, 0.6405752897262573 ,      9,     0,     2,    26,    2,     1,     1,      0,       1,        0,        1,         0,        1,         0,  115069.7890625
1142,   6,   1, 0.9638964533805847 ,     10,     0,     2,    45,    1,     0,     1,      0,       0,        0,        0,         0,        0,         0,   60181.6953125
1143,  16,   1, 0.31187233328819275,     17,     0,     4,    30,    0,     0,     2,      0,       0,        1,        0,         0,        0,         0,  101427.234375
1144,   2,   1, 0.9142539501190186 ,     10,     0,     1,    39,    1,     0,     1,      0,       0,        0,        0,         0,        0,         0,   91372.765625
1145,   2,   1, 0.9591714143753052 ,      9,     0,     1,    39,    3,     0,     1,      0,       1,        1,        0,         0,        0,         0,  120476.9453125
1146,   9,   1, 0.44013190269470215,     16,     0,     1,    27,    2,     0,     3,      1,       1,        1,        0,         0,        0,         1,   69940.4609375
1147,   3,   1, 0.9591714143753052 ,      7,     1,     1,    28,    2,     0,     1,      0,       1,        1,        0,         0,        0,         0,  295335.9375
1148,   2,   1, 0.9111201763153076 ,      9,     1,     1,    24,    4,     1,     2,      1,       2,        0,        1,         0,        1,         1,  144977.6875
1149,   7,   1, 0.9142539501190186 ,     10,     0,     2,    28,    1,     0,     2,      0,       0,        2,        0,         0,        0,         0,   66587.90625
1150,   2,   1, 1.2318921089172363 ,      6,     0,     1,    35,    2,     0,     1,      0,       1,        0,        0,         0,        0,         0,   62005.05078125
1151,   2,   1, 1.0844714641571045 ,      4,     0,     1,    26,    1,     0,     1,      0,       1,        0,        0,         0,        0,         0,  107539.0859375
1152,   9,   1, 1.099249243736267  ,      8,     0,     2,    30,    1,     0,     1,      0,       1,        1,        0,         0,        0,         0,   91411.2265625
1153,   2,   1, 1.099249243736267  ,      8,     0,     3,    42,    0,     0,     1,      0,       0,        0,        0,         0,        0,         0,  115087.734375
1154,  14,   1, 0.5775368213653564 ,     14,     0,     5,    44,    1,     0,     2,      0,       0,        0,        0,         0,        0,         0,   93635.375
1155,   2,   1, 1.099249243736267  ,      8,     1,     1,    37,    1,     0,     2,      0,       1,        1,        0,         0,        0,         0,  109629.6484375
1156,   6,   1, 1.3394544124603271 ,      3,     0,     1,    24,    1,     1,     1,      1,       1,        0,        1,         0,        1,         1,  271617.59375
1157,   7,   1, 0.41713038086891174,     18,     0,     4,    35,    2,     0,     1,      0,       1,        1,        0,         0,        0,         0,  151966.28125
1158,   6,   1, 0.9111201763153076 ,      9,     0,     2,    29,    1,     0,     2,      0,       0,        2,        0,         0,        0,         0,  169053.953125
1159,   5,   1, 0.6401918530464172 ,     12,     0,     2,    17,    1,     0,     0,      0,       1,        0,        0,         0,        0,         0,   87381.9453125
1160,  10,   1, 0.9142539501190186 ,     10,     0,     1,    21,    3,     0,     0,      0,       2,        0,        0,         0,        0,         0,   72420.0234375
1161,   2,   1, 0.9111201763153076 ,      9,     0,     1,    37,    3,     0,     1,      0,       2,        0,        0,         0,        0,         0,  109093.796875
1162,  10,   1, 0.9142539501190186 ,     10,     0,     2,    28,    0,     0,     1,      0,       0,        1,        0,         0,        0,         0,  130822.1015625
1163,   2,   1, 0.41713038086891174,     19,     1,     4,    31,    3,     0,     1,      0,       1,        1,        0,         0,        0,         0,   41874.01953125
1164,   2,   1, 1.754382848739624  ,      2,     0,     1,    19,    1,     0,     0,      0,       1,        0,        0,         0,        0,         0,  280412.875
1165,   2,   1, 1.2318921089172363 ,      6,     1,     1,    35,    1,     0,     0,      0,       1,        0,        0,         0,        0,         0,  124391.1640625
1166,   6,   1, 1.099249243736267  ,      8,     0,     1,    24,    2,     0,     0,      0,       2,        0,        0,         0,        0,         0,  140317.625
1167,   2,   1, 1.0844714641571045 ,      5,     1,     1,    32,    1,     0,     2,      0,       0,        1,        0,         0,        0,         0,  240580.828125
1168,   4,   1, 1.3394544124603271 ,      6,     1,     1,    25,    1,     1,     0,      0,       0,        0,        0,         0,        1,         0,  305210.34375
1169,  11,   1, 0.8128567337989807 ,     11,     0,     2,    15,    1,     0,     0,      0,       1,        0,        0,         0,        0,         0,   39548.80859375
1170,   6,   1, 1.099249243736267  ,      8,     1,     2,    43,    0,     0,     2,      0,       0,        1,        0,         0,        0,         0,   91755.2734375
1171,   2,   1, 1.0844714641571045 ,      4,     1,     1,    25,    1,     0,     1,      0,       1,        1,        0,         0,        0,         0,  110580.8203125
1172,   6,   1, 1.2318921089172363 ,      6,     0,     2,    22,    1,     0,     0,      0,       1,        0,        0,         0,        0,         0,   64967.98046875
1173,   6,   1, 0.7721989750862122 ,     10,     0,     3,    39,    2,     0,     1,      0,       0,        0,        0,         0,        0,         0,   70768.96875
1174,   2,   1, 0.7824695706367493 ,      6,     0,     1,    39,    2,     0,     1,      0,       1,        0,        0,         0,        0,         0,   97498.7421875
1175,   7,   1, 0.9638964533805847 ,      8,     0,     2,    20,    0,     0,     1,      0,       0,        1,        0,         0,        0,         0,   83896.171875
1176,   2,   1, 1.228490948677063  ,      3,     0,     1,    24,    1,     0,     3,      2,       0,        1,        0,         1,        0,         2,  221245.734375
1177,   7,   1, 0.6405752897262573 ,      9,     0,     2,    27,    3,     0,     0,      0,       1,        0,        0,         0,        0,         0,   94704.6640625
1178,   2,   1, 0.7824695706367493 ,      6,     0,     1,    45,    1,     0,     3,      0,       0,        2,        0,         0,        0,         0,   46242.70703125
1179,   2,   1, 1.3606311082839966 ,      4,     0,     1,    22,    0,     0,     3,      1,       0,        3,        0,         1,        0,         1,   91152.46875
1180,   9,   1, 0.6806346774101257 ,     14,     0,     3,    22,    1,     0,     0,      0,       1,        0,        0,         0,        0,         0,  144400.28125
1181,   2,   1, 1.0473780632019043 ,     18,     0,     3,    43,    0,     0,     2,      0,       0,        0,        0,         0,        0,         0,   67853.4453125
1182,   2,   1, 1.228490948677063  ,      3,     0,     1,    31,    1,     0,     0,      0,       0,        0,        0,         0,        0,         0,  233218.296875
1183,   2,   1, 0.7721989750862122 ,     10,     0,     2,    37,    1,     0,     1,      0,       0,        1,        0,         0,        0,         0,   79558.078125
1184,   2,   1, 1.3606311082839966 ,      5,     0,     1,    43,    0,     0,     1,      0,       0,        0,        0,         0,        0,         0,  163499.53125
1185,   2,   1, 0.7824695706367493 ,      6,     0,     3,    28,    1,     1,     1,      0,       0,        0,        0,         0,        1,         0,  163417.328125
1186,   3,   1, 0.7721989750862122 ,     11,     0,     1,    44,    2,     1,     1,      0,       0,        1,        0,         0,        1,         0,   85138.4140625
1187,   2,   1, 0.9638964533805847 ,      8,     0,     1,    31,    2,     0,     1,      0,       1,        0,        0,         0,        0,         0,  122106.2890625
1188,   3,   1, 0.3899990916252136 ,     13,     0,     4,    17,    0,     0,     1,      0,       0,        1,        0,         0,        0,         0,  215108.640625
1189,   8,   1, 0.9043391942977905 ,     15,     0,     1,    23,    3,     0,     1,      0,       1,        1,        0,         0,        0,         0,   68255.875
1190,   3,   1, 0.6405752897262573 ,      9,     0,     3,    22,    0,     0,     2,      0,       0,        1,        0,         0,        0,         0,  207002.625
1191,   2,   1, 0.8962159156799316 ,      5,     0,     2,    49,    0,     0,     1,      0,       0,        0,        0,         0,        0,         0,  150224.71875
1192,   2,   1, 0.7824695706367493 ,      6,     0,     1,    30,    3,     1,     2,      1,       2,        1,        1,         1,        1,         1,  126750.2734375
1193,   2,   1, 0.9392228126525879 ,      7,     0,     1,    42,    2,     0,     1,      0,       2,        1,        0,         0,        0,         0,   99099.0703125
1194,   2,   1, 1.3606311082839966 ,      5,     0,     1,    41,    1,     0,     0,      0,       0,        0,        0,         0,        0,         0,  152745.46875
1195,   2,   1, 0.9392228126525879 ,      7,     0,     2,    38,    2,     0,     0,      0,       0,        0,        0,         0,        0,         0,   42946.08984375
1196,   6,   1, 0.6405752897262573 ,      9,     0,     3,    28,    1,     0,     2,      1,       0,        1,        0,         0,        0,         1,   44981.59375
1197,  10,   1, 0.7721989750862122 ,     10,     0,     3,    27,    0,     0,     1,      1,       0,        0,        0,         0,        0,         1,  127964.6484375
1198,   3,   1, 0.9392228126525879 ,      7,     0,     1,    17,    0,     0,     1,      0,       0,        1,        0,         0,        0,         0,   56445.00390625
1199,   2,   1, 0.9392228126525879 ,      7,     0,     1,    45,    2,     0,     2,      0,       1,        1,        0,         0,        0,         0,   74963.453125
1200,   2,   1, 0.8323639631271362 ,     11,     0,     2,    38,    1,     0,     2,      0,       0,        1,        0,         0,        0,         0,   38245.96875
1201,   2,   1, 0.7824695706367493 ,      6,     0,     1,    31,    2,     0,     2,      0,       1,        1,        0,         0,        0,         0,  107804.4296875
1202,   2,   1, 1.3022165298461914 ,      4,     0,     1,    30,    1,     0,     0,      0,       1,        0,        0,         0,        0,         0,  159907.875
1203,   3,   1, 1.3022165298461914 ,      4,     1,     2,    41,    0,     0,     3,      2,       0,        0,        0,         0,        0,         2,   78235.484375
1204,   2,   1, 1.0389858484268188 ,      5,     1,     2,    18,    0,     0,     1,      0,       0,        1,        0,         0,        0,         0,  186988.03125
1205,   2,   1, 1.3022165298461914 ,      4,     1,     1,    22,    3,     1,     0,      0,       2,        0,        1,         0,        1,         0,   69003.8359375
1206,   5,   1, 1.0253525972366333 ,      7,     0,     2,    26,    0,     0,     2,      0,       0,        2,        0,         0,        0,         0,   97145.8671875
1207,   2,   1, 1.3022165298461914 ,      4,     0,     1,    28,    1,     0,     2,      0,       0,        2,        0,         0,        0,         0,   70488.8671875
1208,   2,   1, 1.3022165298461914 ,      4,     0,     1,    26,    1,     0,     1,      0,       0,        1,        0,         0,        0,         0,  139228.96875
1209,   2,   1, 1.0389858484268188 ,      5,     0,     1,    26,    2,     1,     3,      1,       1,        1,        0,         0,        1,         1,   41805.625
1210,   3,   1, 0.2828960418701172 ,     17,     0,     5,    32,    2,     0,     1,      0,       0,        1,        0,         0,        0,         0,   94410.078125
1211,   5,   1, 0.561409592628479  ,      9,     0,     2,    23,    1,     0,     3,      1,       1,        3,        0,         1,        0,         1,   66211.3515625
1212,   4,   1, 1.3022165298461914 ,      4,     0,     1,    45,    0,     0,     1,      0,       0,        0,        0,         0,        0,         0,  293466.53125
1213,   2,   1, 0.539659321308136  ,     11,     1,     2,    28,    1,     0,     2,      0,       1,        0,        0,         0,        0,         0,  160771.640625
1214,  14,   1, 0.21217961609363556,     16,     1,     4,    25,    1,     0,     3,      1,       1,        1,        0,         1,        0,         1,  201612.765625
1215,  16,   1, 0.21217961609363556,     17,     0,     4,    29,    2,     0,     0,      0,       2,        0,        0,         0,        0,         0,  246875.359375
1216,   2,   1, 1.0389858484268188 ,      5,     1,     1,    27,    3,     0,     1,      0,       1,        0,        0,         0,        0,         0,  303711.53125
1217,   3,   1, 0.5726845860481262 ,      8,     0,     1,    36,    0,     0,     3,      0,       0,        1,        0,         0,        0,         0,  515787.8125
1218,   2,   1, 1.5422899723052979 ,      6,     1,     1,    29,    2,     0,     2,      1,       2,        1,        0,         1,        0,         1,  106191.5078125
1219,   2,   1, 1.0253525972366333 ,      7,     0,     1,    39,    1,     0,     3,      0,       1,        1,        0,         0,        0,         0,  136762.546875
1220,   2,   1, 0.561409592628479  ,     10,     0,     2,    31,    0,     0,     5,      1,       0,        2,        0,         0,        0,         1,  198328.1875
1221,   3,   1, 0.6405752897262573 ,      9,     0,     2,    25,    1,     0,     1,      0,       1,        0,        0,         0,        0,         0,   80664.3984375
1222,   7,   1, 0.7824695706367493 ,      6,     0,     1,    26,    4,     1,     1,      0,       1,        1,        1,         0,        1,         0,   55720.95703125
1223,   2,   1, 0.9638964533805847 ,      8,     0,     1,    43,    2,     0,     1,      0,       0,        1,        0,         0,        0,         0,   86798.8984375
1224,   4,   1, 0.7824695706367493 ,      6,     0,     2,    23,    2,     0,     0,      0,       2,        0,        0,         0,        0,         0,  104140.1015625
1225,  12,   1, 0.9593892097473145 ,     17,     0,     3,    21,    2,     1,     1,      0,       2,        1,        1,         0,        1,         0,   35082.6484375
1226,   2,   1, 1.228490948677063  ,      3,     1,     1,    25,    1,     0,     2,      1,       0,        2,        0,         1,        0,         1,  238132.5
1227,   2,   1, 1.228490948677063  ,      3,     0,     1,    27,    1,     0,     0,      0,       1,        0,        0,         0,        0,         0,  210714.0625
1228,   2,   1, 0.7721989750862122 ,     10,     0,     2,    24,    2,     0,     2,      1,       1,        1,        0,         1,        0,         1,   50535.53125
1229,   2,   1, 0.7721989750862122 ,     10,     0,     2,    41,    3,     0,     3,      0,       2,        2,        0,         0,        0,         0,  135905.921875
1230,   5,   1, 0.9638964533805847 ,      8,     0,     2,    31,    2,     0,     1,      0,       1,        1,        0,         0,        0,         0,  101803.171875
1231,   2,   1, 0.6405752897262573 ,      9,     0,     1,    38,    2,     0,     4,      1,       1,        2,        0,         0,        0,         1,   90886.984375
1232,   5,   1, 0.7721989750862122 ,     10,     0,     1,    18,    2,     0,     0,      0,       2,        0,        0,         0,        0,         0,  102620.625
1233,  12,   1, 0.3899990916252136 ,     14,     0,     2,    26,    1,     1,     2,      0,       1,        2,        1,         0,        1,         0,  115364.109375
1234,   2,   1, 0.9638964533805847 ,      8,     0,     2,    42,    1,     0,     0,      0,       0,        0,        0,         0,        0,         0,   85984.9609375
1235,   2,   1, 0.3899990916252136 ,     13,     0,     2,    36,    3,     0,     2,      0,       1,        2,        0,         0,        0,         0,  241346.890625
1236,   2,   1, 0.6682977676391602 ,     12,     0,     2,    40,    1,     1,     3,      0,       1,        2,        1,         0,        1,         0,   58678.72265625
1237,   2,   1, 0.7824695706367493 ,      6,     0,     1,    28,    2,     1,     4,      1,       0,        3,        0,         1,        1,         1,   78021.3359375
1238,   2,   1, 0.7824695706367493 ,      6,     0,     1,    31,    3,     1,     2,      0,       1,        2,        0,         0,        1,         0,   81608.046875
1239,   2,   1, 0.8962159156799316 ,      5,     0,     2,    42,    1,     1,     1,      1,       1,        0,        1,         0,        1,         1,   90661.7109375
1240,   2,   1, 0.7824695706367493 ,      6,     0,     1,    37,    1,     0,     4,      2,       0,        3,        0,         2,        0,         2,  106124.65625
1241,  14,   1, 1.0473780632019043 ,     18,     1,     5,    39,    2,     1,     2,      2,       1,        1,        1,         1,        1,         2,   80406.8359375
1242,   5,   1, 0.6405752897262573 ,      9,     0,     2,    39,    2,     0,     3,      0,       1,        2,        0,         0,        0,         0,   74997.328125
1243,   2,   1, 1.3606311082839966 ,      4,     0,     1,    38,    0,     0,     1,      0,       0,        0,        0,         0,        0,         0,  146710.75
1244,   2,   1, 0.8962159156799316 ,      5,     0,     1,    37,    1,     0,     1,      0,       1,        1,        0,         0,        0,         0,  105545.046875
1245,   2,   1, 0.6806346774101257 ,     14,     0,     4,    29,    1,     0,     3,      1,       1,        0,        0,         0,        0,         1,   80396.9140625
1246,   7,   1, 0.6405752897262573 ,      9,     0,     2,    24,    1,     0,     1,      0,       0,        1,        0,         0,        0,         0,  112437.4296875
1247,   2,   1, 0.7824695706367493 ,      6,     0,     1,    49,    0,     0,     2,      0,       0,        1,        0,         0,        0,         0,  131947.78125
1248,   2,   1, 0.9392228126525879 ,      7,     0,     2,    28,    1,     0,     3,      0,       0,        2,        0,         0,        0,         0,  133584.859375
1249,   2,   1, 1.3606311082839966 ,      5,     0,     2,    24,    0,     0,     3,      2,       0,        2,        0,         2,        0,         2,  152142.109375
1250,   2,   1, 1.228490948677063  ,      3,     0,     1,    30,    1,     0,     0,      0,       0,        0,        0,         0,        0,         0,  118119.5625
1251,   2,   1, 0.7824695706367493 ,      6,     0,     1,    25,    2,     0,     2,      0,       1,        1,        0,         0,        0,         0,  178664.75
1252,   2,   1, 0.8962159156799316 ,      5,     0,     1,    25,    3,     0,     0,      0,       2,        0,        0,         0,        0,         0,  130013.859375
1253,   3,   1, 0.8962159156799316 ,      5,     0,     1,    20,    1,     0,     0,      0,       0,        0,        0,         0,        0,         0,  129372.125
1254,   3,   1, 0.8962159156799316 ,      7,     0,     1,    15,    0,     0,     1,      0,       0,        1,        0,         0,        0,         0,  118139.703125
1255,   3,   1, 0.8962159156799316 ,      5,     0,     1,    22,    0,     0,     2,      0,       0,        2,        0,         0,        0,         0,  108319.203125
1256,   2,   1, 0.8962159156799316 ,      5,     0,     1,    24,    1,     0,     2,      0,       1,        0,        0,         0,        0,         0,   75449.4140625
1257,   2,   1, 0.6405752897262573 ,      9,     0,     1,    30,    3,     1,     2,      0,       2,        0,        0,         0,        1,         0,   53256.625
1258,   2,   1, 0.8962159156799316 ,      6,     0,     1,    27,    2,     0,     2,      0,       1,        1,        0,         0,        0,         0,  129642.2890625
1259,   2,   1, 1.3606311082839966 ,      4,     0,     2,    41,    0,     0,     1,      1,       0,        0,        0,         0,        0,         1,   88207.15625
1260,   2,   1, 0.6405752897262573 ,      9,     0,     2,    22,    2,     1,     1,      0,       1,        1,        0,         0,        1,         0,   46996.2890625
1261,   2,   1, 0.8962159156799316 ,      5,     0,     1,    41,    0,     0,     3,      1,       0,        1,        0,         0,        0,         1,   97041.453125
1262,   2,   1, 0.7721989750862122 ,     10,     0,     1,    43,    1,     0,     3,      1,       1,        0,        0,         0,        0,         1,   46106.44921875
1263,   2,   1, 1.228490948677063  ,      3,     0,     1,    46,    0,     0,     1,      0,       0,        0,        0,         0,        0,         0,   80258.640625
1264,  19,   1, 1.0473780632019043 ,     21,     0,     4,    20,    1,     0,     2,      1,       1,        1,        0,         0,        0,         1,   35562.265625
1265,   2,   1, 0.8962159156799316 ,      5,     0,     1,    41,    3,     0,     0,      0,       1,        0,        0,         0,        0,         0,   90298.4609375
1266,   2,   1, 0.7824695706367493 ,      6,     0,     1,    25,    2,     0,     1,      0,       0,        1,        0,         0,        0,         0,  113266.75
1267,   2,   1, 0.9392228126525879 ,      7,     0,     1,    36,    2,     0,     1,      0,       0,        1,        0,         0,        0,         0,   80473.875
1268,   4,   0, 0.9139441847801208 ,      5,     1,     2,    33,    1,     0,     1,      0,       0,        0,        0,         0,        0,         0,  298318.28125
1269,   2,   0, 0.9139441847801208 ,      6,     1,     3,    26,    0,     0,     2,      0,       0,        2,        0,         0,        0,         0,  270097.90625
1270,   2,   0, 0.9139441847801208 ,      6,     0,     1,    33,    0,     0,     5,      0,       0,        2,        0,         0,        0,         0,  132837.578125
1271,   2,   0, 0.9139441847801208 ,      7,     1,     1,    26,    4,     0,     2,      0,       3,        1,        0,         0,        0,         0,  189928.03125
1272,   2,   0, 0.9139441847801208 ,      9,     0,     1,    47,    0,     0,     1,      0,       0,        0,        0,         0,        0,         0,  147727.59375
1273,   2,   0, 0.9139441847801208 ,      6,     0,     1,    40,    0,     0,     2,      1,       0,        1,        0,         0,        0,         1,  197737.609375
1274,   2,   0, 0.9139441847801208 ,      7,     1,     2,    20,    2,     1,     0,      0,       2,        0,        1,         0,        1,         0,  252881.390625
1275,   2,   0, 0.9139441847801208 ,      6,     1,     1,    35,    2,     0,     1,      0,       1,        1,        0,         0,        0,         0,  288229.4375
1276,   2,   0, 0.9139441847801208 ,      6,     1,     1,    27,    3,     0,     1,      0,       1,        1,        0,         0,        0,         0,  182134.0625
1277,   2,   0, 0.9139441847801208 ,      7,     0,     2,    31,    1,     0,     2,      0,       1,        1,        0,         0,        0,         0,  281286.75
1278,   9,   0, 0.9139441847801208 ,     11,     1,     3,    19,    0,     0,     2,      0,       0,        2,        0,         0,        0,         0,  223521.015625
1279,   2,   0, 0.9139441847801208 ,      7,     1,     1,    43,    3,     0,     0,      0,       1,        0,        0,         0,        0,         0,  463680.6875
1280,   2,   0, 0.9139441847801208 ,      4,     1,     2,    24,    0,     0,     1,      0,       0,        0,        0,         0,        0,         0,  289434.1875
1281,   2,   0, 0.9139441847801208 ,      5,     1,     1,    28,    0,     0,     2,      0,       0,        1,        0,         0,        0,         0,  510665.0625
1282,   2,   0, 0.9139441847801208 ,      5,     1,     1,    22,    2,     0,     1,      0,       1,        1,        0,         0,        0,         0,  278721.25
1283,   2,   0, 0.9139441847801208 ,      6,     1,     1,    23,    2,     0,     0,      0,       1,        0,        0,         0,        0,         0,  177650.015625
1284,   2,   0, 0.9139441847801208 ,     14,     1,     3,    29,    2,     0,     1,      0,       1,        1,        0,         0,        0,         0,  168872.390625
1285,   2,   0, 0.9139441847801208 ,      6,     0,     1,    26,    1,     1,     0,      0,       1,        0,        1,         0,        1,         0,  217954.921875
1286,   2,   0, 0.9139441847801208 ,      5,     1,     1,    22,    1,     0,     2,      0,       0,        1,        0,         0,        0,         0,  230011.203125
1287,   2,   0, 0.9139441847801208 ,      6,     0,     1,    19,    0,     0,     1,      0,       0,        1,        0,         0,        0,         0,  230886.734375
1288,   2,   0, 0.9139441847801208 ,      8,     1,     1,    23,    2,     0,     1,      0,       1,        1,        0,         0,        0,         0,  278416.375
1289,   3,   0, 0.9139441847801208 ,      6,     0,     1,    30,    3,     0,     1,      0,       1,        1,        0,         0,        0,         0,  202087.859375
1290,   2,   0, 0.9139441847801208 ,     10,     1,     2,    33,    2,     0,     1,      0,       0,        1,        0,         0,        0,         0,  251849.453125
1291,   1,   0, 0.9139441847801208 ,      1,     0,     1,    26,    0,     0,     1,      0,       0,        0,        0,         0,        0,         0,  481147.15625
1292,  12,   0, 0.9139441847801208 ,     12,     1,     2,    25,    0,     0,     1,      0,       0,        0,        0,         0,        0,         0,  315368.75
1293,   2,   0, 0.9139441847801208 ,      5,     0,     1,    34,    2,     0,     1,      0,       2,        1,        0,         0,        0,         0,  151971.0625
1294,   2,   0, 0.9139441847801208 ,      3,     0,     1,    27,    1,     0,     0,      0,       0,        0,        0,         0,        0,         0,  229593.0625
1295,   2,   0, 0.9139441847801208 ,      8,     0,     2,    40,    3,     0,     1,      0,       2,        0,        0,         0,        0,         0,  193289.328125
1296,   2,   0, 0.9139441847801208 ,      7,     1,     3,    36,    2,     0,     0,      0,       1,        0,        0,         0,        0,         0,  212587.15625
1297,   2,   0, 0.9139441847801208 ,      3,     0,     1,    18,    1,     0,     0,      0,       1,        0,        0,         0,        0,         0,  395008.25
1298,   2,   0, 0.9139441847801208 ,      3,     0,     1,    34,    0,     0,     1,      0,       0,        0,        0,         0,        0,         0,  342641.71875
1299,   2,   0, 0.9139441847801208 ,      3,     0,     1,    25,    0,     0,     1,      0,       0,        1,        0,         0,        0,         0,  278482.75
1300,   2,   0, 0.9139441847801208 ,      5,     0,     1,    33,    2,     0,     1,      0,       1,        0,        0,         0,        0,         0,  135922.28125
1301,   9,   0, 0.9139441847801208 ,     12,     1,     5,    29,    1,     0,     1,      0,       1,        0,        0,         0,        0,         0, 1025379.75
1302,   2,   0, 0.9139441847801208 ,      5,     1,     1,    26,    1,     0,     0,      0,       0,        0,        0,         0,        0,         0,  778968.625
1303,   2,   0, 0.9139441847801208 ,      8,     1,     2,    29,    0,     0,     1,      0,       0,        1,        0,         0,        0,         0, 1579510
1304,   2,   0, 0.9139441847801208 ,      6,     1,     2,    35,    1,     0,     1,      0,       0,        0,        0,         0,        0,         0, 1646387.625
1305,   2,   0, 0.9139441847801208 ,      4,     1,     1,    23,    1,     0,     0,      0,       1,        0,        0,         0,        0,         0,  431003.25
1306,   2,   0, 0.9139441847801208 ,      8,     0,     1,    35,    0,     0,     2,      0,       0,        1,        0,         0,        0,         0,   89234.46875
1307,   2,   0, 0.9139441847801208 ,     10,     1,     3,    31,    2,     0,     1,      0,       1,        0,        0,         0,        0,         0,  213999.953125
1308,   2,   0, 0.9139441847801208 ,      5,     0,     1,    24,    0,     0,     4,      1,       0,        2,        0,         1,        0,         1,  167655.375
1309,   2,   0, 0.9139441847801208 ,      2,     1,     1,    22,    1,     0,     0,      0,       1,        0,        0,         0,        0,         0,  631429.125
1310,   1,   0, 0.9139441847801208 ,      3,     1,     2,    27,    1,     0,     0,      0,       0,        0,        0,         0,        0,         0,  416965.09375
1311,   2,   0, 0.9139441847801208 ,      8,     1,     1,    32,    1,     0,     1,      0,       1,        1,        0,         0,        0,         0, 1287167.375
1312,   2,   0, 0.9139441847801208 ,      6,     1,     1,    36,    1,     0,     3,      0,       0,        2,        0,         0,        0,         0, 1080547.25
1313,   1,   0, 0.9139441847801208 ,      3,     0,     1,    30,    0,     0,     1,      0,       0,        1,        0,         0,        0,         0,  342554.15625
1314,   2,   0, 0.9139441847801208 ,      4,     1,     1,    29,    0,     0,     1,      0,       0,        1,        0,         0,        0,         0,  480840.3125
1315,   2,   0, 0.9139441847801208 ,      6,     1,     1,    24,    0,     0,     4,      0,       0,        2,        0,         0,        0,         0,  167287.796875
1316,   2,   0, 0.9139441847801208 ,      3,     0,     1,    22,    1,     0,     0,      0,       1,        0,        0,         0,        0,         0,  184169.609375
1317,   1,   0, 0.9139441847801208 ,      3,     1,     1,    27,    1,     0,     1,      0,       0,        0,        0,         0,        0,         0, 1180899.375
1318,   2,   0, 0.9139441847801208 ,      3,     1,     2,    29,    1,     0,     0,      0,       1,        0,        0,         0,        0,         0,  774900.8125
1319,   2,   0, 0.9139441847801208 ,      4,     1,     1,    18,    1,     0,     1,      0,       1,        1,        0,         0,        0,         0,  186399.640625
1320,   2,   0, 0.9139441847801208 ,      6,     0,     1,    28,    1,     0,     2,      0,       1,        1,        0,         0,        0,         0,  238883.375
1321,   2,   0, 0.9139441847801208 ,      6,     1,     1,    25,    1,     0,     1,      0,       1,        0,        0,         0,        0,         0,  245627.890625
1322,   2,   0, 0.9139441847801208 ,      4,     1,     1,    30,    0,     0,     2,      0,       0,        2,        0,         0,        0,         0,   85661.0390625
1323,   2,   0, 0.9139441847801208 ,     10,     0,     1,    49,    2,     0,     2,      0,       1,        0,        0,         0,        0,         0,  148938.171875
1324,   1,   0, 0.9139441847801208 ,      3,     1,     1,    35,    1,     1,     0,      0,       0,        0,        0,         0,        1,         0,  626767
1325,   1,   0, 0.9139441847801208 ,      7,     0,     2,    39,    1,     0,     0,      0,       0,        0,        0,         0,        0,         0,  186247.78125
1326,   2,   0, 0.9139441847801208 ,      7,     1,     3,    25,    0,     0,     1,      0,       0,        0,        0,         0,        0,         0,  563024.9375
1327,   2,   0, 0.9139441847801208 ,      8,     1,     1,    29,    1,     0,     2,      0,       0,        1,        0,         0,        0,         0,  199389.546875
1328,   8,   0, 0.9139441847801208 ,     10,     0,     3,    26,    2,     0,     0,      0,       1,        0,        0,         0,        0,         0,  248863.28125
1329,   2,   0, 0.9139441847801208 ,      6,     1,     2,    44,    0,     0,     1,      0,       0,        0,        0,         0,        0,         0,  977192.1875
1330,   2,   0, 0.9139441847801208 ,      5,     1,     1,    26,    2,     1,     2,      0,       0,        2,        0,         0,        1,         0, 1156957.875
1331,   7,   0, 0.9139441847801208 ,      8,     1,     4,    17,    0,     0,     1,      0,       0,        1,        0,         0,        0,         0,  544084.8125
1332,   2,   0, 0.9139441847801208 ,      6,     1,     1,    28,    1,     0,     2,      0,       0,        1,        0,         0,        0,         0,  429557.90625
1333,   2,   0, 0.9139441847801208 ,      3,     1,     1,    27,    0,     0,     1,      0,       0,        1,        0,         0,        0,         0,  730052.3125
1334,   4,   0, 0.9139441847801208 ,     14,     0,     4,    20,    1,     0,     0,      0,       1,        0,        0,         0,        0,         0,  484665.40625
1335,   3,   0, 0.9139441847801208 ,      4,     0,     2,    26,    1,     1,     0,      0,       1,        0,        1,         0,        1,         0,  431062.78125
1336,   5,   0, 0.9139441847801208 ,      7,     0,     2,    25,    2,     1,     2,      1,       1,        1,        0,         0,        0,         0,  143548.625
1337,   2,   0, 0.9139441847801208 ,      7,     0,     1,    35,    1,     0,     3,      0,       0,        2,        0,         0,        0,         0,  316029.75
1338,   2,   0, 0.9139441847801208 ,      7,     0,     2,    41,    2,     0,     1,      0,       2,        0,        0,         0,        0,         0,  201179.71875
1339,   2,   0, 0.9139441847801208 ,      4,     0,     1,    27,    1,     0,     2,      0,       0,        2,        0,         0,        0,         0,  149904.109375
1340,   2,   0, 0.9139441847801208 ,      4,     1,     1,    28,    2,     0,     2,      1,       1,        1,        0,         0,        0,         1,  280153.59375
1341,   2,   0, 0.9139441847801208 ,      4,     0,     1,    21,    1,     0,     1,      0,       1,        0,        0,         0,        0,         0,  214395.53125
1342,   2,   0, 0.9139441847801208 ,      3,     0,     1,    32,    1,     0,     1,      0,       0,        1,        0,         0,        0,         0,  292946.71875
1343,   4,   0, 0.9139441847801208 ,     14,     0,     4,    20,    1,     0,     0,      0,       1,        0,        0,         0,        0,         0,  115347.2890625
1344,   1,   0, 0.9139441847801208 ,      1,     1,     1,    29,    1,     0,     0,      0,       0,        0,        0,         0,        0,         0, 3850815.5
1345,   2,   0, 0.9139441847801208 ,      3,     0,     1,    18,    1,     0,     0,      0,       1,        0,        0,         0,        0,         0,  106752.75
1346,   2,   0, 0.9139441847801208 ,      4,     0,     1,    26,    2,     0,     1,      0,       1,        0,        0,         0,        0,         0,  418294.25
1347,   2,   0, 0.9139441847801208 ,      4,     1,     2,    29,    1,     0,     0,      0,       0,        0,        0,         0,        0,         0,  513148.28125
1348,   4,   0, 0.9139441847801208 ,     14,     1,     3,    22,    1,     0,     0,      0,       1,        0,        0,         0,        0,         0,  158132.546875
1349,   2,   0, 0.9139441847801208 ,     11,     1,     1,    31,    0,     0,     4,      0,       0,        2,        0,         0,        0,         0,  205924.5
1350,   3,   0, 0.9139441847801208 ,      9,     0,     3,    30,    2,     0,     1,      0,       0,        0,        0,         0,        0,         0,  275533.03125
1351,   2,   0, 0.9139441847801208 ,      3,     0,     1,    23,    0,     0,     1,      0,       0,        1,        0,         0,        0,         0,  294240.78125
1352,   2,   0, 0.9139441847801208 ,      3,     0,     1,    17,    0,     0,     1,      0,       0,        1,        0,         0,        0,         0,  186346.671875
1353,   2,   0, 0.9139441847801208 ,     10,     0,     2,    26,    2,     0,     1,      0,       0,        1,        0,         0,        0,         0,  135142.046875
1354,   2,   0, 0.9139441847801208 ,      6,     0,     2,    25,    1,     0,     0,      0,       1,        0,        0,         0,        0,         0,  124472.1484375
1355,   2,   0, 0.9139441847801208 ,     11,     1,     2,    32,    3,     0,     2,      0,       1,        2,        0,         0,        0,         0,  281965.1875
1356,   2,   0, 0.9139441847801208 ,     10,     1,     1,    37,    2,     0,     1,      0,       1,        0,        0,         0,        0,         0,  207367.75
1357,   2,   0, 0.9139441847801208 ,     10,     1,     1,    27,    1,     0,     3,      0,       0,        1,        0,         0,        0,         0,  215491.40625
1358,   6,   0, 0.9139441847801208 ,      9,     1,     2,    19,    1,     0,     0,      0,       1,        0,        0,         0,        0,         0,  227734.890625
1359,   2,   0, 0.9139441847801208 ,      9,     1,     3,    31,    2,     0,     1,      0,       1,        0,        0,         0,        0,         0,  699969.4375
1360,   2,   0, 0.9139441847801208 ,     13,     1,     1,    28,    3,     0,     0,      0,       0,        0,        0,         0,        0,         0,  398556.03125
1361,   2,   0, 0.9139441847801208 ,      6,     1,     1,    33,    2,     0,     2,      1,       1,        0,        0,         0,        0,         1,  302283.03125
1362,   2,   0, 0.9139441847801208 ,      5,     1,     1,    25,    1,     0,     1,      0,       1,        0,        0,         0,        0,         0,  355961.84375
1363,   2,   0, 0.9139441847801208 ,      5,     1,     1,    26,    2,     0,     0,      0,       2,        0,        0,         0,        0,         0,  391261.3125
1364,   1,   0, 0.9139441847801208 ,      4,     1,     2,    28,    2,     0,     0,      0,       0,        0,        0,         0,        0,         0,  518069.53125
1365,   2,   0, 0.9139441847801208 ,     10,     1,     1,    29,    1,     0,     4,      0,       0,        3,        0,         0,        0,         0,  262872.15625
1366,   2,   0, 0.9139441847801208 ,      5,     1,     1,    24,    1,     0,     2,      0,       0,        2,        0,         0,        0,         0,  281889.25
1367,  15,   0, 0.9139441847801208 ,     15,     1,     2,    20,    0,     0,     1,      0,       0,        1,        0,         0,        0,         0,  335337.4375
1368,   2,   0, 0.9139441847801208 ,      7,     1,     2,    30,    1,     0,     1,      0,       1,        0,        0,         0,        0,         0,  250297.453125
1369,   8,   0, 0.9139441847801208 ,      9,     0,     2,    20,    0,     0,     2,      0,       0,        2,        0,         0,        0,         0,  210022.671875
1370,   2,   0, 0.9139441847801208 ,      6,     1,     1,    27,    2,     0,     1,      0,       0,        1,        0,         0,        0,         0,  243981.484375
1371,   2,   0, 0.9139441847801208 ,     10,     1,     1,    36,    3,     0,     1,      0,       1,        1,        0,         0,        0,         0,  110050.2734375
1372,   6,   0, 0.9139441847801208 ,      7,     1,     2,    30,    2,     2,     2,      1,       0,        1,        0,         1,        2,         1,  187431.34375
1373,   2,   0, 0.9139441847801208 ,      4,     1,     2,    28,    1,     0,     0,      0,       0,        0,        0,         0,        0,         0,  248751.15625
1374,   3,   0, 0.9139441847801208 ,      5,     0,     1,    24,    1,     0,     3,      0,       0,        2,        0,         0,        0,         0,  129222.4765625
1375,   2,   0, 0.9139441847801208 ,      5,     1,     1,    18,    2,     0,     0,      0,       2,        0,        0,         0,        0,         0,  271898.46875
1376,   4,   0, 0.9139441847801208 ,      6,     1,     2,    28,    1,     0,     0,      0,       0,        0,        0,         0,        0,         0,  431049.09375
1377,   2,   0, 0.9139441847801208 ,      2,     1,     1,    22,    1,     0,     0,      0,       1,        0,        0,         0,        0,         0,  929708.125
1378,   2,   0, 0.9139441847801208 ,      6,     1,     1,    24,    0,     0,     1,      0,       0,        1,        0,         0,        0,         0,  504521.375
1379,   9,   0, 0.9139441847801208 ,     11,     1,     3,    23,    1,     0,     0,      0,       1,        0,        0,         0,        0,         0,  351140.21875
1380,   2,   0, 0.9139441847801208 ,      5,     1,     2,    30,    1,     0,     3,      0,       1,        2,        0,         0,        0,         0, 1331850.5
1381,   2,   0, 0.9139441847801208 ,      5,     1,     1,    25,    0,     0,     4,      0,       0,        2,        0,         0,        0,         0, 1303632.875
1382,   2,   0, 0.9139441847801208 ,      6,     1,     1,    23,    1,     0,     1,      0,       1,        0,        0,         0,        0,         0,  138517.203125
1383,   2,   0, 0.6686842441558838 ,      3,     0,     1,    31,    1,     0,     2,      1,       0,        1,        0,         1,        0,         1,  307289.53125
1384,   2,   0, 0.6686842441558838 ,      6,     1,     1,    29,    0,     0,     3,      0,       0,        1,        0,         0,        0,         0,  207858.546875
1385,   3,   0, 0.6686842441558838 ,     13,     0,     2,    33,    1,     0,     3,      1,       0,        1,        0,         0,        0,         1,  112774.3671875
1386,   2,   0, 0.6686842441558838 ,      4,     1,     1,    31,    2,     1,     0,      0,       2,        0,        1,         0,        1,         0,  363569.4375
1387,   2,   0, 0.6686842441558838 ,      6,     0,     1,    25,    1,     0,     2,      0,       0,        2,        0,         0,        0,         0,   91896.3515625
1388,  13,   0, 0.6686842441558838 ,     22,     1,     4,    23,    0,     0,     1,      0,       0,        1,        0,         0,        0,         0,  258193.046875
1389,   2,   0, 0.6686842441558838 ,      4,     1,     1,    27,    0,     0,     1,      0,       0,        1,        0,         0,        0,         0,  268492.96875
1390,  11,   0, 0.6686842441558838 ,     14,     1,     2,    18,    1,     0,     0,      0,       1,        0,        0,         0,        0,         0,  232343.90625
1391,   1,   0, 0.6686842441558838 ,      2,     0,     1,    30,    2,     0,     1,      0,       1,        0,        0,         0,        0,         0, 1398496.125
1392,   2,   0, 0.6686842441558838 ,      5,     1,     1,    23,    1,     0,     0,      0,       1,        0,        0,         0,        0,         0,  384801.46875
1393,   2,   0, 0.6686842441558838 ,      4,     0,     1,    31,    1,     0,     2,      0,       0,        0,        0,         0,        0,         0,  222709.234375
1394,   2,   0, 0.6686842441558838 ,      6,     1,     2,    37,    0,     0,     3,      0,       0,        2,        0,         0,        0,         0,  163652.421875
1395,   2,   0, 0.6686842441558838 ,      8,     1,     2,    23,    2,     0,     0,      0,       1,        0,        0,         0,        0,         0,  143631.140625
1396,   2,   0, 0.6686842441558838 ,     32,     0,     7,    49,    1,     0,     0,      0,       0,        0,        0,         0,        0,         0,   73482.140625
1397,   1,   0, 0.6686842441558838 ,      1,     1,     1,    23,    1,     0,     0,      0,       1,        0,        0,         0,        0,         0,  264700.125
1398,  12,   0, 0.6686842441558838 ,     13,     0,     2,    22,    0,     0,     2,      0,       0,        2,        0,         0,        0,         0,  227038.34375
1399,   9,   0, 0.6686842441558838 ,      9,     0,     2,    21,    1,     0,     0,      0,       1,        0,        0,         0,        0,         0,  176875
1400,   2,   0, 0.6686842441558838 ,      9,     1,     1,    25,    0,     0,     2,      0,       0,        2,        0,         0,        0,         0,  102497.984375
1401,   2,   0, 0.6686842441558838 ,     10,     1,     2,    45,    3,     0,     0,      0,       1,        0,        0,         0,        0,         0,  187562.15625
1402,   2,   0, 0.6686842441558838 ,      8,     1,     2,    21,    2,     0,     1,      0,       2,        1,        0,         0,        0,         0,  313762.28125
1403,   5,   0, 0.6686842441558838 ,      8,     0,     2,    18,    0,     0,     1,      0,       0,        1,        0,         0,        0,         0,  136264.515625
1404,   8,   0, 0.6686842441558838 ,     11,     0,     3,    30,    1,     0,     1,      0,       1,        0,        0,         0,        0,         0,  133809.078125
1405,   2,   0, 0.6686842441558838 ,      6,     0,     1,    30,    0,     0,     3,      0,       0,        2,        0,         0,        0,         0,  108920.9140625
1406,   1,   0, 0.6686842441558838 ,      1,     0,     1,    17,    1,     0,     0,      0,       1,        0,        0,         0,        0,         0,  366844.8125
1407,   2,   0, 0.6686842441558838 ,      9,     0,     2,    35,    3,     0,     0,      0,       1,        0,        0,         0,        0,         0,  145713.328125
1408,   2,   0, 0.6686842441558838 ,      9,     0,     3,    45,    1,     0,     3,      0,       0,        2,        0,         0,        0,         0,  155477.078125
1409,   2,   0, 0.6686842441558838 ,      6,     0,     1,    28,    1,     0,     4,      0,       1,        1,        0,         0,        0,         0,  132565.609375
1410,   1,   0, 0.6686842441558838 ,      5,     1,     1,    27,    1,     0,     2,      0,       0,        1,        0,         0,        0,         0,  211477.203125
1411,   3,   0, 0.6686842441558838 ,      4,     0,     2,    28,    1,     1,     1,      0,       0,        0,        0,         0,        1,         0,  305171.125
1412,   2,   0, 0.6686842441558838 ,      8,     1,     1,    34,    2,     0,     2,      0,       1,        0,        0,         0,        0,         0,  251716.875
1413,   2,   0, 0.6686842441558838 ,      4,     0,     1,    21,    1,     0,     2,      0,       1,        2,        0,         0,        0,         0,  188966.546875
1414,   2,   0, 0.6686842441558838 ,      5,     0,     1,    25,    1,     0,     0,      0,       1,        0,        0,         0,        0,         0,  364408.84375
1415,   2,   0, 0.6686842441558838 ,      9,     1,     1,    30,    1,     0,     4,      1,       1,        2,        0,         0,        0,         1,  155557.1875
1416,   2,   0, 0.6686842441558838 ,     10,     1,     2,    35,    1,     0,     3,      1,       0,        1,        0,         1,        0,         1,  166995.171875
1417,   2,   0, 0.6686842441558838 ,      6,     1,     2,    25,    0,     0,     2,      0,       0,        2,        0,         0,        0,         0,  224320.015625
1418,   2,   0, 0.6686842441558838 ,      4,     1,     1,    32,    3,     0,     1,      0,       0,        1,        0,         0,        0,         0,  200206.015625
1419,   2,   0, 0.6686842441558838 ,      8,     1,     1,    30,    2,     0,     1,      0,       1,        0,        0,         0,        0,         0,   92016
1420,   1,   0, 0.6686842441558838 ,      4,     0,     1,    26,    5,     1,     2,      0,       2,        1,        0,         0,        1,         0,  135509.71875
1421,   2,   0, 0.6686842441558838 ,      5,     0,     1,    35,    1,     0,     1,      0,       0,        1,        0,         0,        0,         0,  104614.03125
1422,   2,   0, 0.6686842441558838 ,      6,     0,     1,    27,    2,     0,     2,      0,       1,        1,        0,         0,        0,         0,  150922.953125
1423,   2,   0, 0.6686842441558838 ,      9,     0,     1,    37,    1,     0,     2,      0,       1,        0,        0,         0,        0,         0,  138374.578125
1424,   2,   0, 0.6686842441558838 ,      6,     1,     1,    38,    1,     0,     0,      0,       0,        0,        0,         0,        0,         0,  249174.3125
1425,   1,   0, 0.6686842441558838 ,      5,     1,     1,    30,    1,     0,     1,      0,       0,        0,        0,         0,        0,         0,  224984.546875
1426,   2,   0, 0.6686842441558838 ,      9,     1,     2,    24,    1,     0,     2,      0,       1,        1,        0,         0,        0,         0,  441612.59375
1427,   2,   0, 0.6686842441558838 ,      3,     0,     1,    22,    1,     0,     1,      0,       1,        1,        0,         0,        0,         0,  349155.34375
1428,   2,   0, 0.6686842441558838 ,      5,     1,     1,    22,    1,     0,     0,      0,       1,        0,        0,         0,        0,         0,  311036.03125
1429,   2,   0, 0.6686842441558838 ,      6,     0,     1,    42,    1,     0,     3,      1,       1,        1,        0,         0,        0,         1,  193592.171875
1430,   3,   0, 0.6686842441558838 ,     10,     0,     3,    31,    4,     0,     1,      0,       1,        1,        0,         0,        0,         0,  184740.28125
1431,   2,   0, 0.6686842441558838 ,      6,     0,     1,    26,    0,     0,     4,      0,       0,        1,        0,         0,        0,         0,  173061.90625
1432,   1,   0, 0.6686842441558838 ,      2,     0,     1,    30,    2,     1,     2,      0,       1,        0,        0,         0,        1,         0,  734182.5625
1433,   1,   0, 0.6686842441558838 ,      3,     0,     1,    27,    1,     0,     2,      0,       1,        1,        0,         0,        0,         0,  226595.828125
1434,   2,   0, 0.6686842441558838 ,      3,     0,     1,    27,    0,     0,     2,      1,       0,        1,        0,         1,        0,         1,  368449.09375
1435,   1,   0, 0.6686842441558838 ,      2,     0,     1,    20,    0,     0,     1,      0,       0,        1,        0,         0,        0,         0,  444264.78125
1436,   1,   0, 0.6686842441558838 ,      1,     0,     1,    19,    1,     1,     0,      0,       1,        0,        1,         0,        1,         0,  915553.125
1437,   2,   0, 0.6686842441558838 ,     11,     1,     1,    34,    1,     0,     3,      1,       1,        1,        0,         1,        0,         1,  238423.234375
1438,   4,   0, 0.6686842441558838 ,      7,     1,     1,    28,    1,     0,     3,      0,       0,        1,        0,         0,        0,         0,  194145.671875
1439,   2,   0, 0.6686842441558838 ,      4,     1,     1,    24,    1,     0,     1,      0,       1,        0,        0,         0,        0,         0,  304122
1440,   2,   0, 0.6686842441558838 ,      9,     1,     1,    30,    2,     0,     3,      0,       0,        2,        0,         0,        0,         0,  401516.9375
1441,   2,   0, 0.6686842441558838 ,      3,     0,     1,    24,    0,     0,     1,      0,       0,        1,        0,         0,        0,         0,  218072.453125
1442,   3,   0, 0.6686842441558838 ,     10,     1,     2,    20,    0,     0,     2,      0,       0,        2,        0,         0,        0,         0,  204103.90625
1443,   2,   0, 0.6686842441558838 ,      9,     0,     1,    34,    3,     0,     1,      0,       2,        0,        0,         0,        0,         0,  143943.484375
1444,   2,   0, 0.6686842441558838 ,      5,     1,     1,    43,    1,     0,     1,      0,       0,        0,        0,         0,        0,         0,  130293.75
1445,   2,   0, 0.6686842441558838 ,      5,     1,     1,    27,    0,     0,     2,      0,       0,        2,        0,         0,        0,         0,  132965.53125
1446,   2,   0, 0.6686842441558838 ,     12,     1,     3,    43,    0,     0,     4,      0,       0,        2,        0,         0,        0,         0,  286780.9375
1447,   1,   0, 0.6686842441558838 ,      1,     0,     1,    31,    1,     0,     2,      0,       0,        0,        0,         0,        0,         0,  378410.53125
1448,   1,   0, 0.6686842441558838 ,      6,     0,     1,    39,    1,     0,     1,      0,       0,        0,        0,         0,        0,         0,  119363.3828125
1449,   2,   0, 0.6686842441558838 ,      6,     1,     2,    20,    0,     0,     1,      0,       0,        1,        0,         0,        0,         0,  234223.796875
1450,   3,   0, 0.6686842441558838 ,     13,     0,     3,    23,    1,     0,     1,      0,       1,        1,        0,         0,        0,         0,  100654.359375
1451,   2,   0, 0.6686842441558838 ,      4,     0,     1,    25,    2,     0,     2,      1,       1,        1,        0,         1,        0,         1,  161040.09375
1452,   2,   0, 0.6686842441558838 ,      4,     0,     1,    17,    1,     0,     0,      0,       1,        0,        0,         0,        0,         0,  149579.71875
1453,   2,   0, 0.6686842441558838 ,      2,     0,     1,    45,    0,     0,     1,      0,       0,        0,        0,         0,        0,         0,   92962.890625
1454,   1,   0, 0.6686842441558838 ,      3,     1,     1,    15,    0,     0,     1,      0,       0,        1,        0,         0,        0,         0,  141126.203125
1455,   2,   0, 0.6686842441558838 ,      6,     0,     1,    30,    2,     0,     2,      0,       0,        2,        0,         0,        0,         0,   65009.69140625
1456,   3,   0, 0.6686842441558838 ,      8,     0,     2,    40,    2,     0,     2,      0,       1,        1,        0,         0,        0,         0,  120773.46875
1457,   4,   0, 0.6686842441558838 ,      6,     1,     2,    17,    0,     0,     1,      0,       0,        1,        0,         0,        0,         0,  225649.25
1458,   5,   0, 0.6686842441558838 ,      8,     1,     3,    17,    1,     0,     0,      0,       1,        0,        0,         0,        0,         0,  386412.40625
1459,   1,   0, 0.6686842441558838 ,      5,     0,     2,    45,    3,     0,     0,      0,       1,        0,        0,         0,        0,         0,   96706.40625
1460,   3,   0, 0.6686842441558838 ,     12,     0,     5,    21,    1,     0,     1,      0,       0,        1,        0,         0,        0,         0,  170645.15625
1461,   2,   0, 0.6686842441558838 ,      6,     0,     1,    25,    0,     0,     2,      0,       0,        1,        0,         0,        0,         0,  222254.703125
1462,   2,   0, 0.6686842441558838 ,      2,     1,     1,    24,    2,     1,     0,      0,       0,        0,        0,         0,        1,         0,  516593
1463,   2,   0, 0.6686842441558838 ,     21,     0,     3,    34,    2,     0,     1,      1,       1,        0,        0,         0,        0,         1,   75461.1484375
1464,   8,   0, 0.6686842441558838 ,     10,     0,     1,    22,    1,     0,     0,      0,       1,        0,        0,         0,        0,         0,  178092.1875
1465,  11,   0, 0.6686842441558838 ,     14,     1,     3,    26,    0,     0,     2,      0,       0,        0,        0,         0,        0,         0,  117760.7890625
1466,   3,   0, 0.6686842441558838 ,      8,     1,     1,    34,    1,     0,     4,      0,       1,        2,        0,         0,        0,         0,  224855.015625
1467,  19,   0, 0.6686842441558838 ,     21,     0,     3,    27,    3,     2,     0,      0,       1,        0,        0,         0,        2,         0,  130333.5390625
1468,   4,   0, 0.6686842441558838 ,      6,     1,     1,    20,    1,     0,     1,      1,       1,        1,        0,         1,        0,         1,  271491.65625
1469,   4,   0, 0.6686842441558838 ,      5,     0,     1,    21,    1,     0,     1,      0,       1,        1,        0,         0,        0,         0,  111829.3359375
1470,   2,   0, 0.6686842441558838 ,      7,     0,     1,    25,    4,     0,     0,      0,       2,        0,        0,         0,        0,         0,  143714.671875
1471,   6,   0, 0.6686842441558838 ,     16,     1,     4,    27,    1,     1,     1,      0,       0,        0,        0,         0,        1,         0,  202658.984375
1472,  10,   0, 0.6686842441558838 ,     19,     0,     3,    20,    3,     1,     0,      0,       3,        0,        1,         0,        1,         0,  161270.34375
1473,   2,   0, 0.6686842441558838 ,      5,     0,     2,    22,    2,     0,     0,      0,       2,        0,        0,         0,        0,         0,  192239.5625
1474,   2,   0, 0.6686842441558838 ,      6,     0,     1,    31,    3,     1,     1,      0,       2,        0,        0,         0,        1,         0,  116327.4453125
1475,   2,   0, 0.6686842441558838 ,      6,     1,     1,    31,    2,     0,     1,      0,       1,        0,        0,         0,        0,         0,  365770.28125
1476,   4,   0, 0.6686842441558838 ,      6,     0,     2,    17,    0,     0,     1,      0,       0,        1,        0,         0,        0,         0,  180920.6875
1477,   2,   0, 0.6686842441558838 ,     10,     1,     2,    33,    2,     0,     2,      0,       1,        1,        0,         0,        0,         0,  100078.5078125
1478,   2,   0, 0.6686842441558838 ,     13,     1,     4,    32,    1,     0,     1,      1,       0,        0,        0,         0,        0,         1,  177191.28125
1479,   2,   0, 0.6686842441558838 ,      9,     1,     2,    28,    2,     0,     1,      0,       0,        0,        0,         0,        0,         0,  268623.03125
1480,   2,   0, 0.6686842441558838 ,      2,     0,     1,    25,    1,     0,     1,      1,       0,        0,        0,         0,        0,         1,  101747.6640625
1481,   2,   0, 0.6686842441558838 ,      8,     1,     1,    19,    2,     0,     0,      0,       2,        0,        0,         0,        0,         0,  168430.09375
1482,   1,   0, 0.6686842441558838 ,      4,     1,     1,    25,    1,     1,     2,      0,       1,        1,        1,         0,        1,         0,  242664.171875
1483,   2,   0, 0.6686842441558838 ,      8,     1,     2,    25,    3,     0,     3,      0,       1,        2,        0,         0,        0,         0,  107912.671875
1484,   2,   0, 0.6686842441558838 ,      5,     1,     1,    18,    0,     0,     1,      0,       0,        1,        0,         0,        0,         0,  242417.703125
1485,   2,   0, 0.6686842441558838 ,     11,     1,     2,    31,    1,     0,     1,      0,       0,        0,        0,         0,        0,         0,  235832.75
1486,   2,   0, 0.6686842441558838 ,      6,     1,     1,    24,    2,     0,     0,      0,       1,        0,        0,         0,        0,         0,  174114.09375
1487,   2,   0, 0.6686842441558838 ,      3,     0,     1,    26,    1,     0,     2,      0,       1,        1,        0,         0,        0,         0,  284620.375
1488,   7,   0, 0.6686842441558838 ,      9,     1,     2,    21,    0,     0,     2,      0,       0,        1,        0,         0,        0,         0,  110465.9609375
1489,   1,   0, 0.6686842441558838 ,      7,     0,     3,    45,    1,     0,     1,      0,       0,        1,        0,         0,        0,         0,  139000.265625
1490,   2,   0, 0.6686842441558838 ,      5,     1,     1,    38,    0,     0,     1,      0,       0,        0,        0,         0,        0,         0,  261985.71875
1491,   7,   0, 0.6686842441558838 ,     10,     0,     2,    20,    2,     0,     0,      0,       1,        0,        0,         0,        0,         0,  511130.40625
1492,   5,   0, 0.6686842441558838 ,      7,     1,     2,    22,    1,     0,     1,      0,       1,        1,        0,         0,        0,         0,   54364.23046875
1493,   4,   0, 0.6686842441558838 ,      9,     0,     3,    27,    1,     0,     1,      0,       0,        1,        0,         0,        0,         0,  101789.0546875
1494,   2,   0, 0.6686842441558838 ,      6,     0,     1,    30,    1,     0,     2,      0,       1,        1,        0,         0,        0,         0,   93537.0234375
1495,   6,   0, 0.6686842441558838 ,      9,     0,     2,    21,    2,     0,     0,      0,       2,        0,        0,         0,        0,         0,  187920.34375
1496,   2,   0, 0.6686842441558838 ,      4,     0,     1,    30,    2,     2,     2,      0,       0,        2,        0,         0,        2,         0,   67036.640625
1497,   2,   0, 0.6686842441558838 ,      5,     1,     1,    18,    1,     0,     1,      0,       1,        1,        0,         0,        0,         0,  125683.6015625
1498,   2,   0, 0.6686842441558838 ,      4,     0,     1,    25,    0,     0,     1,      0,       0,        1,        0,         0,        0,         0,   71939.2578125
1499,   2,   0, 0.6686842441558838 ,      7,     0,     1,    29,    2,     0,     2,      0,       1,        1,        0,         0,        0,         0,  130410.640625
1500,   2,   0, 0.6686842441558838 ,      5,     1,     1,    21,    0,     0,     1,      0,       0,        1,        0,         0,        0,         0,  172355.296875
1501,   2,   0, 0.6686842441558838 ,      7,     1,     1,    20,    2,     1,     1,      0,       1,        1,        1,         0,        1,         0,  250495.375
1502,   2,   0, 0.6686842441558838 ,      7,     0,     1,    35,    0,     0,     1,      0,       0,        0,        0,         0,        0,         0,   60962.65625
1503,   5,   0, 0.6686842441558838 ,     13,     0,     4,    25,    3,     1,     1,      0,       2,        0,        0,         0,        1,         0,   82693.765625
1504,   2,   0, 0.6686842441558838 ,      8,     1,     1,    30,    1,     0,     2,      0,       0,        0,        0,         0,        0,         0,  119951.6796875
1505,  15,   0, 0.6686842441558838 ,     18,     0,     5,    15,    0,     0,     1,      0,       0,        1,        0,         0,        0,         0,   85362.828125
1506,   3,   0, 0.6686842441558838 ,      4,     0,     2,    28,    2,     0,     1,      0,       1,        0,        0,         0,        0,         0,  108517.90625
1507,   3,   0, 0.6686842441558838 ,      3,     1,     2,    25,    0,     0,     1,      0,       0,        1,        0,         0,        0,         0,  226002.046875
1508,   2,   0, 0.6686842441558838 ,      5,     0,     1,    28,    2,     0,     2,      0,       1,        1,        0,         0,        0,         0,  144845.21875
1509,   2,   0, 0.6686842441558838 ,      4,     1,     1,    18,    1,     0,     1,      0,       1,        1,        0,         0,        0,         0,  244849.9375
1510,   2,   0, 0.6686842441558838 ,      6,     1,     1,    19,    1,     0,     1,      0,       1,        1,        0,         0,        0,         0,  144743.3125
1511,   2,   0, 0.6686842441558838 ,     12,     1,     1,    28,    1,     0,     2,      0,       0,        1,        0,         0,        0,         0,  121295.3125
1512,   2,   0, 0.6686842441558838 ,      5,     1,     1,    18,    2,     0,     0,      0,       2,        0,        0,         0,        0,         0,  179401.515625
1513,   6,   0, 0.6686842441558838 ,      8,     0,     3,    18,    0,     0,     1,      0,       0,        1,        0,         0,        0,         0,  208011.09375
1514,   2,   0, 0.6686842441558838 ,      7,     1,     2,    24,    2,     0,     1,      0,       1,        1,        0,         0,        0,         0,   89294.9375
1515,   5,   0, 0.6686842441558838 ,      9,     1,     2,    21,    1,     0,     0,      0,       1,        0,        0,         0,        0,         0,  284850.15625
1516,   9,   0, 0.6686842441558838 ,     15,     1,     3,    29,    3,     0,     2,      0,       2,        1,        0,         0,        0,         0,  258178.9375
1517,   2,   0, 0.6686842441558838 ,      4,     0,     1,    22,    2,     0,     0,      0,       1,        0,        0,         0,        0,         0,  200771.5625
1518,   2,   0, 0.6686842441558838 ,      7,     1,     2,    32,    0,     0,     2,      0,       0,        1,        0,         0,        0,         0,  273857.0625
1519,   8,   0, 0.6686842441558838 ,     13,     1,     3,    37,    3,     1,     0,      0,       0,        0,        0,         0,        1,         0,  221972.15625
1520,   9,   0, 0.6686842441558838 ,     15,     1,     2,    37,    2,     0,     0,      0,       1,        0,        0,         0,        0,         0,   97417.8828125
1521,   2,   0, 0.6686842441558838 ,      6,     1,     1,    21,    0,     0,     1,      0,       0,        1,        0,         0,        0,         0,  239116.328125
1522,   2,   0, 0.6686842441558838 ,      9,     1,     2,    35,    1,     0,     1,      0,       1,        0,        0,         0,        0,         0,  446064.21875
1523,   2,   1, 1.3431661128997803 ,      3,     0,     1,    30,    2,     2,     4,      2,       0,        2,        0,         1,        2,         2,  186817.421875
1524,   2,   1, 1.3431661128997803 ,      6,     0,     1,    25,    3,     0,     0,      0,       1,        0,        0,         0,        0,         0,  132080.3125
1525,   2,   1, 1.3431661128997803 ,     15,     0,     2,    36,    2,     0,     0,      0,       1,        0,        0,         0,        0,         0,   69415.3046875
1526,   2,   1, 1.3431661128997803 ,     11,     1,     3,    28,    3,     0,     0,      0,       2,        0,        0,         0,        0,         0,  136023.21875
1527,   2,   1, 1.3431661128997803 ,      3,     0,     1,    20,    0,     0,     1,      0,       0,        1,        0,         0,        0,         0,  185348.921875
1528,   4,   1, 1.3431661128997803 ,     12,     1,     2,    19,    0,     0,     1,      0,       0,        1,        0,         0,        0,         0,  165720.484375
1529,   2,   1, 1.3431661128997803 ,      7,     1,     1,    23,    2,     0,     1,      0,       1,        1,        0,         0,        0,         0,  216245.875
1530,   6,   1, 1.3431661128997803 ,      7,     0,     2,    15,    0,     0,     1,      0,       0,        1,        0,         0,        0,         0,   94908.6875
1531,   2,   1, 1.3431661128997803 ,      5,     1,     1,    15,    2,     0,     1,      0,       1,        1,        0,         0,        0,         0,  292419.125
1532,   2,   1, 1.3431661128997803 ,      4,     0,     1,    28,    1,     0,     4,      3,       1,        2,        0,         1,        0,         3,  190329.984375
1533,   2,   1, 1.3431661128997803 ,     17,     0,     3,    48,    1,     1,     0,      0,       0,        0,        0,         0,        1,         0,   90609.015625
1534,   2,   1, 1.3431661128997803 ,      6,     0,     1,    22,    0,     0,     3,      0,       0,        2,        0,         0,        0,         0,   45013.42578125
1535,  10,   1, 1.3431661128997803 ,     11,     0,     4,    18,    0,     0,     1,      0,       0,        1,        0,         0,        0,         0,  192410.0625
1536,   2,   1, 1.3431661128997803 ,      5,     0,     1,    30,    0,     0,     3,      0,       0,        2,        0,         0,        0,         0,   49489.98828125
1537,   2,   1, 1.3431661128997803 ,      2,     0,     1,    29,    1,     0,     2,      1,       0,        1,        0,         1,        0,         1,   99604.734375
1538,   2,   1, 1.3431661128997803 ,      7,     0,     1,    19,    2,     0,     1,      0,       1,        1,        0,         0,        0,         0,   52775.4296875
1539,   4,   1, 1.3431661128997803 ,      6,     0,     2,    25,    1,     0,     3,      2,       1,        3,        0,         2,        0,         2,   95205.1953125
1540,   1,   1, 1.3431661128997803 ,      1,     0,     1,    45,    1,     0,     0,      0,       0,        0,        0,         0,        0,         0,  263482.90625
1541,   2,   1, 1.3431661128997803 ,      4,     0,     1,    37,    0,     0,     1,      0,       0,        0,        0,         0,        0,         0,  136215.125
1542,   2,   1, 1.3431661128997803 ,      6,     0,     2,    44,    1,     0,     0,      0,       0,        0,        0,         0,        0,         0,  124261.5859375
1543,   7,   1, 1.3431661128997803 ,     10,     0,     2,    29,    1,     1,     3,      1,       0,        1,        0,         0,        1,         1,   89512.984375
1544,   2,   1, 1.3431661128997803 ,      8,     0,     1,    42,    2,     0,     0,      0,       1,        0,        0,         0,        0,         0,   57616.4921875
1545,   2,   1, 1.3580591678619385 ,      7,     1,     1,    42,    3,     0,     0,      0,       1,        0,        0,         0,        0,         0,  169185.078125
1546,   3,   1, 1.3580591678619385 ,      8,     1,     2,    19,    0,     0,     1,      0,       0,        0,        0,         0,        0,         0,  214479.1875
1547,   2,   1, 1.3580591678619385 ,      9,     0,     2,    41,    3,     0,     1,      1,       2,        0,        0,         0,        0,         1,  192781.1875
1548,   7,   1, 1.3580591678619385 ,     19,     0,     2,    18,    1,     0,     1,      0,       1,        1,        0,         0,        0,         0,  131687.6875
1549,   2,   1, 1.3580591678619385 ,     11,     1,     2,    28,    2,     1,     2,      0,       0,        2,        0,         0,        1,         0,  271907.1875
1550,   2,   1, 1.3580591678619385 ,      5,     0,     1,    41,    1,     0,     1,      0,       1,        0,        0,         0,        0,         0,  299843.5
1551,   4,   1, 1.3580591678619385 ,     20,     0,     7,    26,    0,     0,     3,      0,       0,        1,        0,         0,        0,         0,  164318.921875
1552,   2,   1, 1.3580591678619385 ,      7,     0,     1,    22,    1,     0,     1,      0,       1,        1,        0,         0,        0,         0,  180971.21875
1553,   2,   1, 1.3580591678619385 ,      3,     0,     1,    26,    3,     1,     0,      0,       1,        0,        0,         0,        1,         0,  380311.59375
1554,   9,   1, 1.3580591678619385 ,     12,     0,     2,    24,    2,     1,     3,      0,       2,        1,        1,         0,        1,         0,   69011.3671875
1555,   6,   1, 1.3580591678619385 ,     10,     0,     2,    31,    0,     0,     4,      0,       0,        1,        0,         0,        0,         0,   66513.4296875
1556,   1,   1, 1.3580591678619385 ,      4,     0,     1,    48,    0,     0,     1,      0,       0,        0,        0,         0,        0,         0,  136107.609375
1557,   2,   1, 1.3580591678619385 ,      5,     0,     1,    40,    1,     0,     0,      0,       0,        0,        0,         0,        0,         0,  140925.4375
1558,   2,   1, 1.3580591678619385 ,      6,     0,     2,    24,    2,     1,     2,      0,       1,        1,        0,         0,        1,         0,  121531.5546875
1559,   2,   1, 1.3580591678619385 ,     12,     0,     1,    32,    3,     0,     1,      0,       1,        1,        0,         0,        0,         0,   88762.7265625
1560,   9,   1, 1.3580591678619385 ,     14,     0,     2,    35,    3,     0,     0,      0,       1,        0,        0,         0,        0,         0,   66334.7578125
1561,   2,   1, 1.3580591678619385 ,      8,     0,     1,    41,    2,     1,     3,      0,       0,        1,        0,         0,        1,         0,   39497.6328125
1562,   9,   1, 1.3580591678619385 ,     11,     0,     1,    26,    0,     0,     4,      0,       0,        2,        0,         0,        0,         0,   87608.984375
1563,   2,   1, 1.3580591678619385 ,      4,     1,     1,    22,    0,     0,     2,      0,       0,        2,        0,         0,        0,         0,  121486.015625
1564,   2,   1, 1.3580591678619385 ,      3,     0,     1,    18,    0,     0,     1,      0,       0,        1,        0,         0,        0,         0,  155723.140625
1565,   2,   1, 1.3580591678619385 ,      6,     1,     2,    28,    1,     0,     0,      0,       0,        0,        0,         0,        0,         0,  184174.796875
1566,   3,   1, 1.3580591678619385 ,      8,     0,     2,    19,    1,     0,     1,      1,       1,        1,        0,         1,        0,         1,  170159.9375
1567,   1,   1, 1.3580591678619385 ,      2,     0,     1,    33,    2,     0,     1,      0,       0,        1,        0,         0,        0,         0,  268824.84375
1568,   2,   1, 1.3580591678619385 ,     11,     0,     1,    40,    2,     0,     2,      0,       1,        1,        0,         0,        0,         0,   84092.015625
1569,   2,   1, 1.3580591678619385 ,      8,     1,     1,    25,    3,     0,     2,      0,       2,        0,        0,         0,        0,         0,  132134.09375
1570,   2,   1, 1.3580591678619385 ,     12,     1,     2,    41,    3,     1,     2,      0,       1,        0,        0,         0,        0,         0,  213907.296875
1571,   2,   1, 1.3580591678619385 ,     10,     0,     3,    45,    0,     0,     1,      0,       0,        0,        0,         0,        0,         0,  194409.921875
1572,   3,   1, 1.3580591678619385 ,      3,     1,     2,    23,    1,     0,     1,      0,       1,        1,        0,         0,        0,         0,  354024.34375
1573,   2,   1, 1.3431661128997803 ,     16,     0,     2,    45,    2,     0,     2,      0,       0,        1,        0,         0,        0,         0,  129023.734375
1574,   3,   1, 1.3431661128997803 ,      4,     0,     1,    30,    2,     2,     1,      0,       1,        0,        1,         0,        2,         0,  214679.546875
1575,   2,   1, 1.3431661128997803 ,      6,     1,     1,    30,    1,     0,     2,      0,       0,        1,        0,         0,        0,         0,  157390.3125
1576,   2,   1, 1.3431661128997803 ,      3,     1,     1,    27,    0,     0,     2,      1,       0,        1,        0,         0,        0,         1,   66186.8046875
1577,   2,   1, 1.3431661128997803 ,      5,     0,     1,    46,    1,     0,     1,      0,       1,        0,        0,         0,        0,         0,  222263.25
1578,   2,   1, 1.3431661128997803 ,      5,     0,     1,    33,    1,     0,     2,      0,       0,        1,        0,         0,        0,         0,  140284.84375
1579,   2,   1, 1.3431661128997803 ,      4,     1,     1,    20,    0,     0,     1,      0,       0,        1,        0,         0,        0,         0,  247531.78125
1580,   2,   1, 1.3431661128997803 ,      3,     1,     1,    18,    1,     0,     0,      0,       1,        0,        0,         0,        0,         0,  163719.828125
1581,   4,   1, 1.3431661128997803 ,      4,     0,     2,    48,    1,     0,     1,      0,       0,        0,        0,         0,        0,         0,  229749.65625
1582,   2,   1, 1.3431661128997803 ,      2,     0,     1,    20,    1,     1,     0,      0,       1,        0,        1,         0,        1,         0,  252544.15625
1583,   3,   1, 1.3580591678619385 ,      4,     0,     1,    44,    1,     0,     0,      0,       0,        0,        0,         0,        0,         0,  132872.53125
1584,   3,   1, 1.3580591678619385 ,      7,     0,     1,    25,    1,     0,     2,      0,       1,        0,        0,         0,        0,         0,   73008.640625
1585,   2,   1, 1.3580591678619385 ,      5,     0,     1,    42,    1,     0,     0,      0,       0,        0,        0,         0,        0,         0,  151608.53125
1586,   2,   1, 1.3580591678619385 ,      3,     0,     1,    22,    0,     0,     1,      0,       0,        1,        0,         0,        0,         0,  248745.390625
1587,   2,   1, 1.3580591678619385 ,      5,     0,     1,    23,    1,     0,     2,      0,       0,        2,        0,         0,        0,         0,  112255.046875
1588,   2,   1, 1.3580591678619385 ,      3,     0,     1,    17,    0,     0,     1,      0,       0,        1,        0,         0,        0,         0,  118239.4765625
1589,   2,   1, 1.3580591678619385 ,      5,     0,     1,    29,    0,     0,     4,      1,       0,        1,        0,         0,        0,         1,  117415.5
1590,   2,   1, 1.3580591678619385 ,      3,     0,     1,    25,    1,     0,     1,      0,       1,        0,        0,         0,        0,         0,  170218.25
1591,   1,   1, 1.3580591678619385 ,      2,     0,     1,    22,    3,     0,     1,      0,       2,        0,        0,         0,        0,         0,   82281.1171875
1592,   2,   1, 1.3580591678619385 ,      4,     0,     1,    25,    0,     0,     3,      0,       0,        2,        0,         0,        0,         0,  153844.78125
1593,   1,   1, 1.3580591678619385 ,      6,     0,     1,    37,    1,     0,     1,      0,       0,        0,        0,         0,        0,         0,  106396.0390625
1594,  14,   1, 1.3580591678619385 ,     15,     0,     8,    27,    1,     0,     1,      0,       0,        1,        0,         0,        0,         0,   86510.2421875
1595,   6,   1, 1.3580591678619385 ,     12,     1,     3,    25,    2,     0,     0,      0,       1,        0,        0,         0,        0,         0,  230408.859375
1596,   2,   1, 1.3580591678619385 ,      8,     1,     1,    26,    2,     0,     1,      0,       2,        0,        0,         0,        0,         0,  124859.3515625
1597,   4,   1, 1.3580591678619385 ,      7,     0,     1,    18,    2,     0,     0,      0,       2,        0,        0,         0,        0,         0,  205148.15625
1598,  10,   1, 1.3580591678619385 ,      8,     0,     3,    18,    0,     0,     1,      0,       0,        1,        0,         0,        0,         0,  220908.359375
1599,   2,   1, 1.3580591678619385 ,     11,     1,     2,    31,    2,     1,     4,      2,       0,        2,        0,         1,        1,         2,  334219.15625
1600,   8,   1, 1.3580591678619385 ,     10,     1,     3,    18,    1,     0,     0,      0,       1,        0,        0,         0,        0,         0,  152939.484375
1601,   2,   1, 1.3580591678619385 ,      7,     0,     1,    27,    1,     0,     2,      0,       0,        1,        0,         0,        0,         0,  120293.0625
1602,   8,   1, 1.3580591678619385 ,     17,     0,     6,    32,    2,     0,     1,      0,       1,        0,        0,         0,        0,         0,  108916.953125
1603,   8,   1, 1.3580591678619385 ,      9,     1,     2,    24,    1,     0,     0,      0,       1,        0,        0,         0,        0,         0,  235608.421875
1604,   2,   1, 1.3580591678619385 ,      3,     1,     1,    28,    2,     0,     1,      0,       0,        1,        0,         0,        0,         0,  131197.46875
1605,   4,   1, 1.3580591678619385 ,     12,     0,     3,    21,    0,     0,     1,      0,       0,        1,        0,         0,        0,         0,  111086.7265625
1606,   2,   1, 1.3431661128997803 ,     10,     0,     2,    22,    2,     0,     1,      0,       2,        0,        0,         0,        0,         0,   56228.1953125
1607,  13,   1, 1.3431661128997803 ,     11,     1,     2,    32,    1,     0,     1,      0,       1,        0,        0,         0,        0,         0,  103803.65625
1608,   3,   1, 1.3431661128997803 ,     16,     0,     3,    25,    0,     0,     2,      0,       0,        2,        0,         0,        0,         0,   94224.3046875
1609,   4,   1, 1.3431661128997803 ,      9,     0,     2,    30,    3,     1,     2,      1,       3,        0,        1,         0,        1,         1,  189139.40625
1610,  14,   1, 1.3431661128997803 ,     14,     0,     3,    46,    1,     1,     2,      0,       0,        1,        0,         0,        1,         0,  147420.765625
1611,   2,   1, 1.3431661128997803 ,     13,     0,     3,    38,    1,     0,     2,      0,       1,        0,        0,         0,        0,         0,   63079.640625
1612,   2,   1, 1.3431661128997803 ,      4,     0,     1,    30,    4,     0,     1,      0,       2,        0,        0,         0,        0,         0,  129890.75
1613,   3,   1, 1.3431661128997803 ,     10,     0,     2,    27,    3,     1,     0,      0,       2,        0,        1,         0,        1,         0,  127145.9765625
1614,  10,   1, 1.3431661128997803 ,     10,     0,     1,    23,    2,     0,     3,      0,       1,        2,        0,         0,        0,         0,   94714.953125
1615,   7,   1, 1.3431661128997803 ,      9,     0,     2,    35,    1,     0,     2,      0,       1,        0,        0,         0,        0,         0,   95946.640625
1616,   2,   1, 1.3431661128997803 ,      4,     0,     1,    33,    0,     0,     2,      1,       0,        2,        0,         1,        0,         1,  260086.234375
1617,   2,   1, 1.3431661128997803 ,      5,     0,     1,    28,    1,     0,     2,      0,       1,        1,        0,         0,        0,         0,  127828.7734375
1618,   2,   1, 1.3431661128997803 ,      4,     0,     1,    25,    1,     0,     1,      0,       1,        0,        0,         0,        0,         0,  168529.328125
1619,   2,   1, 1.3580591678619385 ,      9,     1,     2,    31,    1,     0,     0,      0,       1,        0,        0,         0,        0,         0,  103596.90625
1620,   2,   1, 1.3580591678619385 ,      5,     0,     1,    19,    2,     0,     0,      0,       1,        0,        0,         0,        0,         0,  193665.546875
1621,   2,   1, 1.3580591678619385 ,      5,     0,     1,    35,    1,     0,     1,      0,       0,        0,        0,         0,        0,         0,  156661.65625
1622,   9,   1, 1.3580591678619385 ,     16,     0,     5,    17,    1,     0,     2,      0,       1,        1,        0,         0,        0,         0,  134039.984375
1623,   2,   1, 1.3580591678619385 ,      6,     0,     1,    32,    1,     0,     2,      0,       0,        1,        0,         0,        0,         0,  174056.65625
1624,   2,   1, 1.3580591678619385 ,      8,     0,     3,    33,    0,     0,     1,      0,       0,        1,        0,         0,        0,         0,   98691.34375
1625,   2,   1, 1.3580591678619385 ,      6,     0,     1,    30,    5,     2,     1,      0,       2,        1,        1,         0,        2,         0,   92256.2734375
1626,   2,   1, 1.3580591678619385 ,     13,     0,     2,    30,    2,     0,     1,      0,       2,        0,        0,         0,        0,         0,  111894.4140625
1627,   2,   1, 1.3580591678619385 ,      8,     0,     1,    41,    2,     0,     2,      0,       0,        2,        0,         0,        0,         0,   57548.71875
1628,   8,   1, 1.3580591678619385 ,     13,     0,     2,    25,    2,     0,     1,      0,       1,        0,        0,         0,        0,         0,   93206.15625
1629,   2,   1, 1.3580591678619385 ,      4,     0,     1,    26,    1,     0,     1,      0,       1,        1,        0,         0,        0,         0,  156572.9375
1630,  11,   1, 1.3431661128997803 ,     13,     0,     2,    20,    1,     0,     0,      0,       1,        0,        0,         0,        0,         0,   41868.578125
1631,   4,   1, 1.3431661128997803 ,      8,     0,     3,    20,    0,     0,     1,      0,       0,        1,        0,         0,        0,         0,   56847.69140625
1632,   5,   1, 1.3431661128997803 ,     15,     0,     3,    27,    2,     0,     1,      0,       2,        0,        0,         0,        0,         0,   34006.88671875
1633,   3,   1, 1.3431661128997803 ,     20,     0,     3,    21,    1,     1,     1,      0,       1,        1,        1,         0,        1,         0,   31899.5625
1634,   7,   1, 1.3431661128997803 ,     11,     0,     2,    29,    1,     1,     2,      0,       0,        1,        0,         0,        1,         0,   35758.7421875
1635,   8,   1, 1.3431661128997803 ,     10,     0,     2,    21,    2,     0,     0,      0,       1,        0,        0,         0,        0,         0,   29522.31640625
1636,   2,   1, 1.3431661128997803 ,     13,     0,     3,    32,    3,     0,     0,      0,       1,        0,        0,         0,        0,         0,   31543.55859375
1637,   7,   1, 1.3431661128997803 ,     10,     0,     3,    44,    3,     1,     1,      0,       2,        0,        1,         0,        1,         0,   91611.546875
1638,   8,   1, 1.3431661128997803 ,     16,     0,     4,    29,    2,     0,     2,      1,       1,        1,        0,         0,        0,         1,   73350.5625
1639,   4,   1, 1.3431661128997803 ,     22,     0,     4,    31,    2,     0,     2,      0,       1,        1,        0,         0,        0,         0,   45643.1953125
1640,   9,   1, 1.342151403427124  ,     13,     0,     3,    35,    2,     1,     0,      0,       2,        0,        1,         0,        1,         0,  106203.8828125
1641,   2,   1, 1.342151403427124  ,      9,     0,     1,    34,    2,     0,     1,      0,       2,        0,        0,         0,        0,         0,  176666.65625
1642,   2,   1, 1.342151403427124  ,      6,     1,     1,    19,    2,     1,     0,      0,       2,        0,        1,         0,        1,         0,  111401.9765625
1643,   2,   1, 1.342151403427124  ,      7,     1,     1,    24,    1,     0,     0,      0,       0,        0,        0,         0,        0,         0,  164100.03125
1644,   9,   1, 1.342151403427124  ,     10,     0,     2,    30,    3,     0,     1,      0,       1,        1,        0,         0,        0,         0,  111660.125
1645,   2,   1, 1.342151403427124  ,      7,     1,     1,    35,    3,     1,     2,      1,       0,        1,        0,         0,        1,         1,   87373.8359375
1646,   2,   1, 1.342151403427124  ,      3,     1,     1,    40,    0,     0,     2,      0,       0,        0,        0,         0,        0,         0,   69101.9375
1647,   4,   1, 1.342151403427124  ,      7,     0,     1,    40,    0,     0,     2,      0,       0,        1,        0,         0,        0,         0,   91117.234375
1648,   2,   1, 1.342151403427124  ,      7,     0,     1,    31,    1,     0,     2,      0,       0,        1,        0,         0,        0,         0,  112412.4140625
1649,   2,   1, 1.342151403427124  ,      7,     0,     1,    39,    3,     1,     1,      0,       2,        0,        1,         0,        1,         0,  185258.234375
1650,   2,   1, 1.342151403427124  ,      7,     0,     1,    39,    2,     0,     2,      0,       1,        1,        0,         0,        0,         0,   64072.50390625
1651,   2,   1, 1.342151403427124  ,      9,     1,     1,    27,    0,     0,     1,      0,       0,        1,        0,         0,        0,         0,  133318.5
1652,   2,   1, 1.342151403427124  ,      4,     0,     1,    34,    4,     1,     1,      1,       2,        0,        0,         0,        1,         1,  278068.21875
1653,   3,   1, 1.342151403427124  ,      5,     0,     1,    45,    1,     1,     0,      0,       0,        0,        0,         0,        1,         0,  145418.15625
1654,   2,   1, 1.342151403427124  ,      6,     0,     1,    23,    2,     0,     2,      0,       2,        0,        0,         0,        0,         0,  215835.421875
1655,   2,   1, 1.342151403427124  ,      3,     0,     1,    18,    1,     0,     0,      0,       1,        0,        0,         0,        0,         0,  217485.0625
1656,   2,   1, 1.342151403427124  ,      5,     0,     1,    29,    2,     0,     2,      0,       1,        1,        0,         0,        0,         0,   86250.09375
1657,   2,   1, 1.342151403427124  ,      4,     1,     1,    17,    0,     0,     2,      0,       0,        2,        0,         0,        0,         0,   72686.6875
1658,   2,   1, 1.3580591678619385 ,      4,     1,     1,    21,    1,     1,     2,      1,       0,        1,        0,         0,        1,         1,  139916.1875
1659,   2,   1, 1.3580591678619385 ,      6,     0,     1,    27,    2,     0,     1,      0,       2,        0,        0,         0,        0,         0,  146384.828125
1660,   2,   1, 1.3580591678619385 ,      8,     0,     1,    30,    1,     0,     2,      0,       0,        1,        0,         0,        0,         0,  131950.984375
1661,   2,   1, 1.3580591678619385 ,      3,     0,     1,    21,    1,     0,     0,      0,       1,        0,        0,         0,        0,         0,  129838.2109375
1662,   2,   1, 1.3580591678619385 ,      5,     1,     1,    32,    2,     0,     1,      0,       1,        0,        0,         0,        0,         0,  167741.71875
1663,   2,   1, 1.3580591678619385 ,      8,     0,     2,    35,    0,     0,     2,      0,       0,        1,        0,         0,        0,         0,   99341.046875
1664,   2,   1, 1.3580591678619385 ,      6,     0,     1,    28,    1,     0,     2,      0,       1,        0,        0,         0,        0,         0,  128409.5546875
1665,   2,   1, 1.3580591678619385 ,      5,     0,     1,    35,    1,     0,     2,      0,       0,        1,        0,         0,        0,         0,   84331.625
1666,   2,   1, 1.3580591678619385 ,      2,     0,     1,    20,    0,     0,     1,      1,       0,        1,        0,         1,        0,         1,  382190.65625
1667,   2,   1, 1.3580591678619385 ,      2,     0,     1,    31,    0,     0,     1,      0,       0,        0,        0,         0,        0,         0,  196906.84375
1668,   2,   1, 1.3580591678619385 ,      3,     0,     1,    23,    0,     0,     1,      0,       0,        1,        0,         0,        0,         0,  148882.328125
1669,   2,   1, 1.3580591678619385 ,      6,     0,     1,    33,    0,     0,     1,      0,       0,        1,        0,         0,        0,         0,   88905.78125
1670,   2,   1, 1.3580591678619385 ,      4,     1,     1,    27,    1,     0,     2,      0,       1,        1,        0,         0,        0,         0,  315667.0625
1671,   7,   1, 1.342151403427124  ,     15,     0,     3,    37,    4,     0,     2,      0,       3,        2,        0,         0,        0,         0,   92116.7109375
1672,   2,   1, 1.342151403427124  ,      5,     0,     1,    30,    2,     0,     1,      0,       2,        0,        0,         0,        0,         0,   51060.65234375
1673,   2,   1, 1.342151403427124  ,      6,     1,     1,    38,    3,     2,     1,      0,       2,        0,        1,         0,        2,         0,  150350.015625
1674,   2,   1, 1.342151403427124  ,      6,     1,     2,    18,    1,     0,     1,      0,       1,        1,        0,         0,        0,         0,   95106.8515625
1675,   2,   1, 1.342151403427124  ,      7,     1,     2,    38,    4,     2,     0,      0,       2,        0,        1,         0,        2,         0,  178862.71875
1676,   2,   1, 1.342151403427124  ,      4,     0,     1,    42,    1,     0,     1,      0,       0,        0,        0,         0,        0,         0,  138515.5
1677,   2,   1, 1.342151403427124  ,      6,     0,     1,    28,    1,     0,     3,      1,       1,        1,        0,         1,        0,         1,   76804.921875
1678,   2,   1, 1.342151403427124  ,      4,     0,     1,    38,    0,     0,     1,      0,       0,        0,        0,         0,        0,         0,  174950.65625
1679,   2,   1, 1.342151403427124  ,      6,     1,     1,    23,    3,     0,     1,      0,       1,        1,        0,         0,        0,         0,   98033.875
1680,   2,   1, 1.3431661128997803 ,      7,     0,     1,    34,    0,     0,     4,      1,       0,        2,        0,         1,        0,         1,  187532.390625
1681,   2,   1, 1.3431661128997803 ,     10,     0,     2,    31,    3,     1,     3,      1,       2,        2,        1,         1,        1,         1,   82174
1682,   2,   1, 1.3431661128997803 ,      6,     0,     2,    27,    2,     0,     1,      0,       0,        1,        0,         0,        0,         0,   74995.890625
1683,   2,   1, 1.3431661128997803 ,     10,     0,     2,    20,    1,     0,     1,      0,       1,        0,        0,         0,        0,         0,   70247.359375
1684,   2,   1, 1.3431661128997803 ,      9,     0,     2,    22,    3,     0,     0,      0,       2,        0,        0,         0,        0,         0,   89976.375
1685,   2,   1, 1.3431661128997803 ,      9,     1,     1,    28,    3,     1,     2,      1,       0,        2,        0,         1,        1,         1,  184901.78125
1686,   7,   1, 1.3431661128997803 ,     10,     0,     2,    35,    1,     0,     1,      0,       1,        0,        0,         0,        0,         0,   70951.7734375
1687,   1,   0, 0.6686842441558838 ,      5,     0,     1,    35,    3,     0,     0,      0,       2,        0,        0,         0,        0,         0,   62457.5859375
1688,   3,   0, 0.6686842441558838 ,     12,     0,     4,    29,    3,     1,     1,      0,       1,        0,        1,         0,        1,         0,   65466.73828125
1689,   2,   0, 0.6686842441558838 ,      2,     0,     1,    20,    1,     1,     0,      0,       1,        0,        1,         0,        1,         0,  228112.46875
1690,   7,   0, 0.6686842441558838 ,      8,     0,     1,    35,    0,     0,     2,      0,       0,        1,        0,         0,        0,         0,   43361.546875
1691,   2,   0, 0.6686842441558838 ,      4,     0,     1,    22,    2,     1,     1,      0,       1,        1,        1,         0,        1,         0,   51875.53125
1692,   2,   1, 1.3431661128997803 ,      7,     0,     1,    30,    2,     0,     1,      0,       1,        0,        0,         0,        0,         0,  116798.3125
1693,   2,   1, 1.3431661128997803 ,      7,     0,     1,    37,    0,     0,     3,      0,       0,        0,        0,         0,        0,         0,   88281.0859375
1694,   2,   1, 1.3431661128997803 ,      4,     0,     1,    20,    0,     0,     1,      0,       0,        1,        0,         0,        0,         0,   62143.33203125
1695,   2,   1, 1.3431661128997803 ,      5,     0,     1,    32,    1,     0,     2,      2,       0,        0,        0,         0,        0,         2,   47068.890625
1696,   2,   1, 1.3431661128997803 ,      4,     0,     1,    40,    1,     0,     2,      2,       0,        0,        0,         0,        0,         2,   44370.50390625
1697,   2,   1, 1.3431661128997803 ,      6,     0,     1,    37,    2,     0,     1,      0,       1,        0,        0,         0,        0,         0,   46911.27734375
1698,   2,   1, 1.342151403427124  ,     10,     0,     2,    33,    2,     0,     2,      0,       0,        2,        0,         0,        0,         0,   33112.15625
1699,   2,   1, 1.342151403427124  ,      6,     0,     1,    41,    2,     0,     0,      0,       1,        0,        0,         0,        0,         0,  154287.8125
1700,   2,   1, 1.342151403427124  ,      8,     0,     1,    37,    2,     0,     2,      0,       1,        1,        0,         0,        0,         0,  106956.390625
1701,   2,   1, 1.342151403427124  ,     12,     0,     2,    45,    0,     0,     2,      1,       0,        0,        0,         0,        0,         1,   45918.76171875
1702,   2,   1, 1.342151403427124  ,      6,     0,     3,    27,    2,     0,     0,      0,       0,        0,        0,         0,        0,         0,  151736.109375
1703,   2,   1, 1.342151403427124  ,      8,     0,     1,    39,    3,     0,     1,      0,       2,        0,        0,         0,        0,         0,   52439.32421875
1704,   2,   1, 1.342151403427124  ,      8,     0,     2,    43,    4,     0,     0,      0,       1,        0,        0,         0,        0,         0,  133562.421875
1705,   2,   1, 1.342151403427124  ,      4,     0,     1,    30,    1,     0,     2,      0,       1,        0,        0,         0,        0,         0,   47580.25390625
1706,   2,   1, 1.342151403427124  ,      6,     0,     1,    39,    3,     1,     2,      0,       1,        1,        0,         0,        1,         0,  104522.375
1707,   2,   1, 1.342151403427124  ,      3,     1,     1,    28,    2,     1,     2,      0,       0,        1,        0,         0,        1,         0,   95782.8515625
1708,   2,   1, 1.342151403427124  ,      7,     0,     2,    32,    0,     0,     2,      0,       0,        0,        0,         0,        0,         0,  133268.40625
1709,   2,   1, 1.342151403427124  ,     12,     0,     4,    39,    2,     0,     1,      0,       1,        1,        0,         0,        0,         0,   44447.01953125
1710,   8,   1, 1.342151403427124  ,     14,     0,     2,    38,    1,     0,     2,      0,       0,        1,        0,         0,        0,         0,   78898.1640625
1711,   2,   1, 1.342151403427124  ,      3,     1,     1,    25,    1,     1,     1,      0,       0,        1,        0,         0,        1,         0,   77324.0390625
1712,   8,   1, 1.3431661128997803 ,     11,     0,     3,    24,    0,     0,     3,      0,       0,        3,        0,         0,        0,         0,   59751.11328125
1713,   2,   1, 1.3431661128997803 ,      7,     0,     2,    27,    1,     0,     1,      0,       1,        0,        0,         0,        0,         0,  130837.1640625
1714,   2,   1, 1.3431661128997803 ,      9,     0,     1,    29,    3,     0,     3,      0,       2,        1,        0,         0,        0,         0,   72370.59375
1715,   2,   1, 1.3431661128997803 ,      4,     0,     1,    41,    0,     0,     3,      0,       0,        1,        0,         0,        0,         0,  151054.671875
1716,   2,   1, 1.3431661128997803 ,      3,     0,     1,    25,    3,     3,     1,      0,       0,        0,        0,         0,        3,         0,  144611.78125
1717,   2,   1, 1.3431661128997803 ,      5,     0,     1,    38,    0,     0,     4,      1,       0,        2,        0,         0,        0,         1,  111883.703125
1718,   2,   1, 1.3431661128997803 ,      4,     0,     1,    31,    3,     1,     0,      0,       1,        0,        0,         0,        1,         0,  140503.59375
1719,   2,   1, 1.3431661128997803 ,      6,     0,     1,    26,    2,     0,     1,      0,       1,        1,        0,         0,        0,         0,   78554.6953125
1720,   2,   1, 1.3431661128997803 ,      5,     0,     1,    43,    0,     0,     3,      0,       0,        1,        0,         0,        0,         0,   85992.25
1721,   2,   1, 1.3431661128997803 ,      2,     0,     1,    23,    2,     2,     0,      0,       2,        0,        2,         0,        2,         0,  185663.640625
1722,   7,   1, 1.342151403427124  ,      8,     0,     2,    16,    1,     0,     0,      0,       1,        0,        0,         0,        0,         0,   73125.625
1723,   2,   1, 1.342151403427124  ,      9,     0,     1,    38,    1,     0,     3,      0,       0,        2,        0,         0,        0,         0,   89724.5078125
1724,   3,   1, 1.342151403427124  ,      6,     0,     2,    23,    2,     0,     2,      0,       1,        1,        0,         0,        0,         0,  152622.59375
1725,   2,   1, 1.342151403427124  ,      4,     0,     1,    22,    0,     0,     3,      1,       0,        2,        0,         0,        0,         1,   56346.12890625
1726,   2,   1, 1.342151403427124  ,      6,     0,     1,    30,    2,     0,     2,      0,       1,        1,        0,         0,        0,         0,   26575.849609375
1727,   2,   1, 1.342151403427124  ,      3,     1,     1,    19,    1,     0,     0,      0,       1,        0,        0,         0,        0,         0,  232606.625
1728,   6,   1, 1.342151403427124  ,     12,     0,     1,    34,    3,     0,     1,      0,       1,        0,        0,         0,        0,         0,   31630.009765625
1729,   4,   1, 1.342151403427124  ,      7,     0,     1,    29,    1,     0,     3,      0,       0,        3,        0,         0,        0,         0,  171161.421875
1730,   2,   1, 1.342151403427124  ,      5,     1,     1,    27,    2,     0,     1,      0,       1,        1,        0,         0,        0,         0,   72046.1484375
1731,   2,   1, 1.342151403427124  ,      5,     0,     1,    42,    0,     0,     1,      0,       0,        0,        0,         0,        0,         0,  272410.875
1732,   2,   1, 1.342151403427124  ,      2,     0,     1,    40,    1,     0,     0,      0,       0,        0,        0,         0,        0,         0,   85658.03125
1733,   6,   1, 1.342151403427124  ,      6,     0,     3,    37,    0,     0,     5,      5,       0,        2,        0,         2,        0,         5,   73417.2734375
1734,   2,   1, 1.342151403427124  ,      3,     0,     1,    25,    1,     0,     0,      0,       1,        0,        0,         0,        0,         0,  142658.765625
1735,   2,   1, 1.3431661128997803 ,      7,     0,     1,    34,    2,     0,     1,      0,       1,        1,        0,         0,        0,         0,   70186.703125
1736,   2,   1, 1.3431661128997803 ,      8,     0,     1,    37,    2,     0,     2,      0,       2,        1,        0,         0,        0,         0,   28302.203125
1737,   3,   1, 1.3431661128997803 ,      7,     0,     2,    35,    1,     0,     1,      0,       1,        1,        0,         0,        0,         0,   27656.666015625
1738,   2,   1, 1.3431661128997803 ,      5,     0,     1,    45,    0,     0,     1,      0,       0,        0,        0,         0,        0,         0,  105085.140625
1739,   2,   1, 1.3431661128997803 ,      3,     0,     1,    22,    1,     0,     2,      0,       1,        1,        0,         0,        0,         0,   53070.32421875
1740,   2,   1, 1.3431661128997803 ,      3,     0,     1,    18,    1,     0,     1,      1,       1,        1,        0,         1,        0,         1,   45123.84375
1741,   5,   1, 1.3431661128997803 ,      8,     0,     2,    46,    1,     0,     1,      0,       0,        0,        0,         0,        0,         0,   79486.75
1742,   2,   0, 0.9770834445953369 ,      4,     1,     1,    34,    1,     0,     1,      0,       0,        0,        0,         0,        0,         0,  318399.03125
1743,   2,   0, 0.9770834445953369 ,      5,     1,     1,    28,    1,     0,     2,      0,       1,        1,        0,         0,        0,         0,  196897.265625
1744,   2,   0, 0.9770834445953369 ,      7,     0,     1,    44,    0,     0,     2,      0,       0,        1,        0,         0,        0,         0,   98090.0546875
1745,   2,   0, 0.9770834445953369 ,      8,     0,     1,    34,    1,     0,     5,      0,       1,        2,        0,         0,        0,         0,  118780.828125
1746,   2,   0, 0.9770834445953369 ,      7,     1,     1,    27,    3,     0,     2,      0,       3,        0,        0,         0,        0,         0,  306581.25
1747,   2,   0, 0.9770834445953369 ,      2,     0,     1,    41,    0,     0,     2,      1,       0,        1,        0,         0,        0,         1,  374675.40625
1748,   2,   0, 0.9770834445953369 ,      7,     1,     2,    22,    2,     1,     0,      0,       1,        0,        0,         0,        1,         0,  212484.359375
1749,   2,   0, 0.9770834445953369 ,      3,     1,     1,    20,    1,     0,     0,      0,       1,        0,        0,         0,        0,         0,  205005.9375
1750,   2,   0, 0.9770834445953369 ,      4,     0,     1,    29,    4,     1,     0,      0,       3,        0,        1,         0,        1,         0,  129610
1751,   2,   0, 0.9770834445953369 ,      6,     1,     1,    37,    2,     0,     1,      0,       1,        1,        0,         0,        0,         0,  226614.5
1752,   2,   0, 0.9770834445953369 ,      7,     1,     1,    28,    3,     0,     1,      0,       1,        1,        0,         0,        0,         0,  142487.75
1753,   2,   0, 0.9770834445953369 ,      9,     1,     2,    20,    1,     0,     1,      0,       1,        1,        0,         0,        0,         0,  261454.3125
1754,   8,   0, 0.9770834445953369 ,      9,     0,     2,    16,    1,     1,     0,      0,       1,        0,        1,         0,        1,         0,  570645
1755,   2,   0, 0.9770834445953369 ,      2,     1,     1,    21,    0,     0,     1,      0,       0,        0,        0,         0,        0,         0,  338482.5
1756,   2,   0, 0.9770834445953369 ,      7,     1,     3,    25,    0,     0,     3,      1,       0,        1,        0,         0,        0,         1,  144769.984375
1757,   2,   0, 0.9770834445953369 ,      7,     1,     1,    29,    1,     0,     2,      0,       1,        1,        0,         0,        0,         0,  379186.25
1758,   2,   0, 0.9770834445953369 ,      7,     1,     1,    24,    2,     0,     1,      0,       1,        1,        0,         0,        0,         0,  174120.609375
1759,   2,   0, 0.9770834445953369 ,      6,     1,     1,    24,    3,     0,     1,      0,       2,        0,        0,         0,        0,         0,  168256.53125
1760,   2,   0, 0.9770834445953369 ,     13,     1,     2,    30,    2,     0,     1,      0,       0,        1,        0,         0,        0,         0,  168060.921875
1761,   2,   0, 0.9770834445953369 ,      5,     1,     1,    24,    1,     0,     2,      0,       0,        1,        0,         0,        0,         0,  372901.0625
1762,   5,   0, 0.9770834445953369 ,     12,     1,     3,    28,    0,     0,     4,      0,       0,        2,        0,         0,        0,         0,  202729.5
1763,   5,   0, 0.9770834445953369 ,      6,     1,     3,    22,    1,     0,     0,      0,       1,        0,        0,         0,        0,         0,  274128.03125
1764,   2,   0, 0.9770834445953369 ,      8,     1,     1,    27,    3,     0,     1,      0,       2,        0,        0,         0,        0,         0,  269604.8125
1765,   2,   0, 0.9770834445953369 ,      7,     0,     2,    28,    2,     1,     2,      1,       0,        2,        0,         1,        1,         1,  177724.75
1766,   2,   0, 0.9770834445953369 ,      7,     0,     2,    29,    2,     0,     2,      1,       1,        1,        0,         0,        0,         1,  151401.25
1767,   2,   0, 0.9770834445953369 ,     10,     1,     2,    35,    3,     0,     2,      0,       1,        2,        0,         0,        0,         0,  219769.40625
1768,  15,   0, 0.9770834445953369 ,     16,     0,     4,    19,    2,     0,     0,      0,       2,        0,        0,         0,        0,         0,  116228.640625
1769,   1,   0, 0.9770834445953369 ,      1,     0,     1,    27,    0,     0,     1,      0,       0,        0,        0,         0,        0,         0,  552655
1770,   2,   0, 0.9770834445953369 ,      5,     0,     1,    36,    4,     2,     2,      0,       3,        1,        2,         0,        2,         0,  112201.9609375
1771,   2,   0, 0.9770834445953369 ,      8,     0,     2,    42,    2,     0,     1,      0,       1,        0,        0,         0,        0,         0,  193338.375
1772,   6,   0, 0.9770834445953369 ,      7,     0,     3,    27,    0,     0,     1,      0,       0,        1,        0,         0,        0,         0,  184880.515625
1773,   7,   0, 0.9770834445953369 ,     11,     0,     4,    24,    1,     0,     1,      0,       0,        1,        0,         0,        0,         0,  154655.5625
1774,   2,   0, 0.9770834445953369 ,      3,     0,     1,    21,    1,     0,     0,      0,       1,        0,        0,         0,        0,         0,  453491.34375
1775,   2,   0, 0.9770834445953369 ,      3,     0,     1,    36,    0,     0,     1,      0,       0,        0,        0,         0,        0,         0,  375339.40625
1776,   2,   0, 0.9770834445953369 ,      5,     0,     1,    35,    2,     0,     1,      0,       1,        0,        0,         0,        0,         0,  122790.390625
1777,   2,   0, 0.9770834445953369 ,      5,     0,     1,    30,    1,     0,     3,      0,       0,        2,        0,         0,        0,         0,  241643.40625
1778,   9,   0, 0.9770834445953369 ,      9,     1,     3,    30,    1,     0,     1,      0,       1,        0,        0,         0,        0,         0, 1197074.125
1779,   2,   0, 0.9770834445953369 ,      4,     1,     1,    34,    1,     0,     0,      0,       0,        0,        0,         0,        0,         0,  620736.625
1780,   2,   0, 0.9770834445953369 ,     11,     1,     3,    29,    0,     0,     1,      0,       0,        0,        0,         0,        0,         0,  999303.75
1781,   2,   0, 0.9770834445953369 ,      7,     1,     1,    27,    0,     0,     4,      0,       0,        2,        0,         0,        0,         0,  154013.984375
1782,   2,   0, 0.9770834445953369 ,      8,     0,     1,    36,    0,     0,     4,      0,       0,        2,        0,         0,        0,         0,   77086.4609375
1783,   2,   0, 0.9770834445953369 ,      4,     0,     1,    26,    0,     0,     3,      1,       0,        2,        0,         1,        0,         1,  138982.71875
1784,   2,   0, 0.9770834445953369 ,      2,     1,     1,    23,    1,     0,     0,      0,       0,        0,        0,         0,        0,         0, 1063095.75
1785,   1,   0, 0.9770834445953369 ,      2,     1,     2,    28,    1,     0,     0,      0,       0,        0,        0,         0,        0,         0,  633982.5
1786,   2,   0, 0.9770834445953369 ,      7,     1,     2,    33,    1,     0,     1,      0,       1,        1,        0,         0,        0,         0, 1210608.625
1787,   2,   0, 0.9770834445953369 ,      6,     1,     1,    37,    1,     0,     2,      0,       0,        2,        0,         0,        0,         0, 1104912.125
1788,   2,   0, 0.9770834445953369 ,      5,     1,     1,    26,    1,     0,     2,      0,       1,        2,        0,         0,        0,         0, 1663946
1789,   1,   0, 0.9770834445953369 ,      3,     0,     1,    31,    1,     0,     1,      0,       0,        1,        0,         0,        0,         0,  299801.21875
1790,   2,   0, 0.9770834445953369 ,      4,     1,     2,    30,    1,     0,     2,      0,       0,        2,        0,         0,        0,         0,  317418.5625
1791,   2,   0, 0.9770834445953369 ,      6,     1,     1,    25,    0,     0,     4,      0,       0,        1,        0,         0,        0,         0,  189270.390625
1792,   2,   0, 0.9770834445953369 ,      3,     0,     1,    23,    1,     0,     0,      0,       1,        0,        0,         0,        0,         0,  211446.921875
1793,   1,   0, 0.9770834445953369 ,      3,     1,     1,    28,    1,     0,     1,      0,       0,        0,        0,         0,        0,         0, 1053249.375
1794,   2,   0, 0.9770834445953369 ,      6,     1,     1,    19,    1,     0,     2,      0,       1,        2,        0,         0,        0,         0,  113428.0859375
1795,   2,   0, 0.9770834445953369 ,      6,     1,     1,    26,    1,     0,     1,      0,       1,        0,        0,         0,        0,         0,  232658.046875
1796,   2,   0, 0.9770834445953369 ,      4,     1,     1,    31,    0,     0,     2,      0,       0,        2,        0,         0,        0,         0,   99864.265625
1797,   2,   0, 0.9770834445953369 ,      7,     0,     2,    21,    0,     0,     1,      0,       0,        1,        0,         0,        0,         0,  303728.71875
1798,   8,   0, 0.9770834445953369 ,      8,     1,     4,    17,    0,     0,     1,      1,       0,        1,        0,         1,        0,         1,  360208.9375
1799,   8,   0, 0.9770834445953369 ,      9,     0,     2,    27,    2,     0,     0,      0,       1,        0,        0,         0,        0,         0,  293281.0625
1800,   2,   0, 0.9770834445953369 ,      5,     1,     1,    27,    1,     1,     2,      0,       0,        1,        0,         0,        1,         0, 1014896.3125
1801,   8,   0, 0.9770834445953369 ,     11,     1,     3,    17,    0,     0,     1,      0,       0,        1,        0,         0,        0,         0,  725448.25
1802,   2,   0, 0.9770834445953369 ,      6,     1,     3,    42,    1,     0,     0,      0,       0,        0,        0,         0,        0,         0,  736859.6875
1803,   2,   0, 0.9770834445953369 ,      5,     1,     1,    29,    1,     0,     2,      0,       0,        1,        0,         0,        0,         0,  420639.09375
1804,   2,   0, 0.9770834445953369 ,      3,     1,     1,    28,    0,     0,     1,      0,       0,        1,        0,         0,        0,         0,  526706.875
1805,   2,   0, 0.9770834445953369 ,     17,     1,     3,    46,    1,     0,     0,      0,       0,        0,        0,         0,        0,         0,  334847.5625
1806,  18,   0, 0.9770834445953369 ,     19,     1,     6,    24,    1,     0,     0,      0,       1,        0,        0,         0,        0,         0,  182653.734375
1807,   3,   0, 0.9770834445953369 ,      4,     0,     2,    27,    1,     1,     0,      0,       1,        0,        1,         0,        1,         0,  444642.5
1808,   5,   0, 0.9770834445953369 ,      7,     0,     2,    26,    1,     0,     2,      1,       1,        0,        0,         0,        0,         0,  157919.578125
1809,   2,   0, 0.9770834445953369 ,      7,     0,     1,    36,    1,     0,     3,      0,       0,        2,        0,         0,        0,         0,  244676.046875
1810,   5,   0, 0.9770834445953369 ,      8,     0,     2,    29,    1,     0,     2,      0,       1,        1,        0,         0,        0,         0,  216835.65625
1811,   2,   0, 0.9770834445953369 ,      3,     1,     1,    29,    1,     0,     0,      0,       1,        0,        0,         0,        0,         0,  230871.046875
1812,   2,   0, 0.9770834445953369 ,      4,     1,     1,    30,    3,     0,     1,      1,       1,        0,        0,         0,        0,         1,  271055.5
1813,   2,   0, 0.9770834445953369 ,      5,     0,     1,    22,    1,     0,     2,      0,       1,        1,        0,         0,        0,         0,  159014.703125
1814,   2,   0, 0.9770834445953369 ,      4,     0,     1,    33,    2,     0,     1,      0,       1,        1,        0,         0,        0,         0,  219871.546875
1815,   1,   0, 0.9770834445953369 ,      1,     1,     1,    31,    1,     0,     0,      0,       0,        0,        0,         0,        0,         0, 3002955.75
1816,   2,   0, 0.9770834445953369 ,      4,     0,     1,    27,    2,     0,     1,      0,       0,        0,        0,         0,        0,         0,  331834.6875
1817,   2,   0, 0.9770834445953369 ,     10,     1,     1,    22,    2,     0,     3,      0,       2,        2,        0,         0,        0,         0,  117470.578125
1818,   2,   0, 0.9770834445953369 ,      3,     0,     1,    24,    0,     0,     1,      0,       0,        1,        0,         0,        0,         0,  188336.5
1819,   2,   0, 0.9770834445953369 ,      3,     0,     1,    20,    0,     0,     1,      0,       0,        1,        0,         0,        0,         0,  207843.234375
1820,   2,   0, 0.9770834445953369 ,      4,     1,     1,    33,    2,     0,     0,      0,       1,        0,        0,         0,        0,         0,  200383.84375
1821,   6,   0, 0.9770834445953369 ,      7,     0,     2,    24,    1,     0,     0,      0,       1,        0,        0,         0,        0,         0,  172528.65625
1822,   2,   0, 0.9770834445953369 ,     11,     1,     3,    39,    3,     0,     1,      0,       1,        0,        0,         0,        0,         0,  176983.78125
1823,   2,   0, 0.9770834445953369 ,     10,     1,     1,    29,    2,     0,     2,      0,       1,        0,        0,         0,        0,         0,  219288.03125
1824,   2,   0, 0.9770834445953369 ,      9,     1,     1,    29,    3,     0,     0,      0,       0,        0,        0,         0,        0,         0,  280044.09375
1825,   2,   0, 0.9770834445953369 ,      5,     1,     1,    26,    2,     0,     0,      0,       2,        0,        0,         0,        0,         0,  857829.875
1826,   1,   0, 0.9770834445953369 ,      7,     1,     3,    30,    2,     0,     0,      0,       0,        0,        0,         0,        0,         0,  298226.25
1827,   2,   0, 0.9770834445953369 ,      9,     1,     1,    30,    0,     0,     4,      0,       0,        2,        0,         0,        0,         0,  281604.4375
1828,   2,   0, 0.9770834445953369 ,      5,     1,     1,    25,    1,     0,     2,      0,       0,        2,        0,         0,        0,         0,  624152.3125
1829,   2,   0, 0.9770834445953369 ,      4,     1,     1,    29,    2,     0,     1,      0,       1,        0,        0,         0,        0,         0,  245464.15625
1830,   6,   0, 0.9770834445953369 ,      8,     1,     3,    19,    0,     0,     1,      0,       0,        1,        0,         0,        0,         0,  486528.09375
1831,   2,   0, 0.9770834445953369 ,      7,     1,     2,    32,    1,     0,     1,      0,       0,        0,        0,         0,        0,         0,  289975.34375
1832,   2,   0, 0.9770834445953369 ,      8,     1,     5,    24,    1,     0,     0,      0,       1,        0,        0,         0,        0,         0,  313795.5625
1833,   2,   0, 0.9770834445953369 ,      6,     0,     1,    27,    1,     0,     3,      0,       0,        1,        0,         0,        0,         0,  139906.875
1834,   2,   0, 0.9770834445953369 ,      6,     1,     1,    29,    2,     0,     1,      0,       0,        1,        0,         0,        0,         0,  270865.75
1835,   2,   0, 0.9770834445953369 ,     10,     1,     2,    37,    3,     0,     0,      0,       1,        0,        0,         0,        0,         0,  153022.265625
1836,   2,   0, 0.9770834445953369 ,      5,     1,     2,    43,    1,     0,     0,      0,       1,        0,        0,         0,        0,         0,  306860.6875
1837,   2,   0, 0.9770834445953369 ,      3,     1,     2,    29,    1,     0,     0,      0,       0,        0,        0,         0,        0,         0,  368466.375
1838,   3,   0, 0.9770834445953369 ,      5,     0,     1,    25,    1,     0,     2,      0,       0,        1,        0,         0,        0,         0,  141318.375
1839,   2,   0, 0.9770834445953369 ,      5,     1,     1,    19,    2,     0,     0,      0,       2,        0,        0,         0,        0,         0,  215790.546875
1840,   2,   0, 0.9770834445953369 ,      6,     1,     2,    31,    1,     0,     0,      0,       1,        0,        0,         0,        0,         0,  381247.46875
1841,   2,   0, 0.9770834445953369 ,      2,     1,     1,    23,    1,     0,     0,      0,       0,        0,        0,         0,        0,         0,  609515.25
1842,   2,   0, 0.9770834445953369 ,      5,     1,     1,    24,    1,     0,     1,      0,       1,        0,        0,         0,        0,         0,  413756.59375
1843,  10,   0, 0.9770834445953369 ,     11,     1,     4,    19,    1,     0,     0,      0,       1,        0,        0,         0,        0,         0,  295481.5625
1844,   2,   0, 0.9770834445953369 ,      5,     1,     2,    31,    1,     0,     3,      0,       1,        2,        0,         0,        0,         0, 1101821.75
1845,   2,   0, 0.9770834445953369 ,      5,     1,     1,    26,    0,     0,     3,      0,       0,        1,        0,         0,        0,         0, 1041802.8125
1846,   2,   0, 0.9770834445953369 ,      5,     1,     1,    24,    1,     0,     1,      0,       1,        0,        0,         0,        0,         0,  184999.828125
1847,   2,   0, 0.8021734952926636 ,      8,     0,     1,    32,    2,     0,     1,      0,       1,        0,        0,         0,        0,         0,  108833.8984375
1848,   8,   0, 0.8021734952926636 ,     10,     1,     1,    18,    0,     0,     1,      0,       0,        1,        0,         0,        0,         0,  154832.3125
1849,   2,   0, 0.8021734952926636 ,      3,     1,     1,    17,    0,     0,     1,      0,       0,        1,        0,         0,        0,         0,  684926.8125
1850,   2,   0, 0.8021734952926636 ,     21,     1,     5,    32,    1,     0,     4,      0,       0,        2,        0,         0,        0,         0,  246250.03125
1851,   2,   0, 0.8021734952926636 ,      5,     1,     1,    28,    0,     0,     2,      0,       0,        2,        0,         0,        0,         0,  259318.84375
1852,   1,   0, 0.8021734952926636 ,      3,     0,     1,    31,    2,     1,     1,      0,       1,        1,        1,         0,        1,         0,  438657.375
1853,   2,   0, 0.8021734952926636 ,      6,     1,     1,    23,    1,     0,     1,      0,       1,        1,        0,         0,        0,         0,  189322.265625
1854,   2,   0, 0.8021734952926636 ,      2,     0,     1,    32,    1,     0,     1,      0,       0,        0,        0,         0,        0,         0,  208126.796875
1855,   2,   0, 0.8021734952926636 ,      2,     0,     1,    24,    2,     0,     0,      0,       1,        0,        0,         0,        0,         0,  517785.15625
1856,   2,   0, 0.8021734952926636 ,      5,     1,     1,    23,    3,     0,     0,      0,       1,        0,        0,         0,        0,         0,  287303.40625
1857,   2,   0, 0.8021734952926636 ,      6,     0,     4,    22,    1,     0,     2,      1,       0,        2,        0,         1,        0,         1,  128300.9375
1858,   7,   0, 0.8021734952926636 ,     31,     0,     6,    31,    0,     0,     4,      0,       0,        3,        0,         0,        0,         0,   92809.25
1859,   1,   0, 0.8021734952926636 ,      1,     1,     1,    24,    1,     0,     0,      0,       1,        0,        0,         0,        0,         0,  401765.5625
1860,   6,   0, 0.8021734952926636 ,     14,     0,     4,    23,    2,     0,     0,      0,       2,        0,        0,         0,        0,         0,   82278.234375
1861,  11,   0, 0.8021734952926636 ,     13,     0,     2,    21,    0,     0,     2,      0,       0,        2,        0,         0,        0,         0,  108482.8046875
1862,   2,   0, 0.8021734952926636 ,     11,     0,     2,    31,    2,     1,     1,      0,       2,        0,        1,         0,        1,         0,  168143.734375
1863,   2,   0, 0.8021734952926636 ,      8,     1,     1,    26,    0,     0,     2,      0,       0,        2,        0,         0,        0,         0,  119530.25
1864,   2,   0, 0.8021734952926636 ,     15,     0,     5,    42,    1,     0,     0,      0,       0,        0,        0,         0,        0,         0,  157203.96875
1865,   2,   0, 0.8021734952926636 ,     13,     0,     2,    36,    4,     0,     1,      0,       2,        1,        0,         0,        0,         0,   96576.328125
1866,   3,   0, 0.8021734952926636 ,      9,     0,     3,    22,    0,     0,     1,      0,       0,        1,        0,         0,        0,         0,  124297.140625
1867,   2,   0, 0.8021734952926636 ,      6,     0,     1,    29,    1,     0,     3,      0,       1,        1,        0,         0,        0,         0,  137767.921875
1868,   5,   0, 0.8021734952926636 ,     11,     1,     2,    19,    1,     0,     0,      0,       1,        0,        0,         0,        0,         0,   96438.21875
1869,   1,   0, 0.8021734952926636 ,      4,     1,     3,    29,    1,     0,     1,      0,       0,        0,        0,         0,        0,         0,  299508.96875
1870,   2,   0, 0.8021734952926636 ,     12,     1,     2,    32,    3,     0,     1,      0,       2,        0,        0,         0,        0,         0,  108572.7734375
1871,   2,   0, 0.8021734952926636 ,      8,     0,     3,    39,    1,     0,     0,      0,       0,        0,        0,         0,        0,         0,  178534.53125
1872,   2,   0, 0.8021734952926636 ,      6,     0,     2,    32,    1,     0,     1,      0,       0,        0,        0,         0,        0,         0,  211641.296875
1873,   2,   0, 0.8021734952926636 ,     11,     1,     2,    35,    4,     0,     2,      0,       3,        0,        0,         0,        0,         0,  197957.984375
1874,   2,   0, 0.8021734952926636 ,      4,     0,     1,    24,    2,     0,     1,      1,       1,        0,        0,         0,        0,         1,  156305.71875
1875,   2,   0, 0.8021734952926636 ,     12,     0,     3,    23,    1,     0,     3,      0,       1,        1,        0,         0,        0,         0,   93471.0859375
1876,   2,   0, 0.8021734952926636 ,      6,     0,     1,    26,    1,     0,     1,      0,       1,        1,        0,         0,        0,         0,  232512.484375
1877,   2,   0, 0.8021734952926636 ,      9,     0,     1,    31,    1,     0,     3,      0,       1,        1,        0,         0,        0,         0,  239621.578125
1878,   2,   0, 0.8021734952926636 ,      5,     1,     1,    26,    0,     0,     2,      1,       0,        1,        0,         1,        0,         1,  335577.875
1879,   2,   0, 0.8021734952926636 ,      6,     1,     1,    34,    2,     0,     3,      1,       1,        2,        0,         0,        0,         1,  150255.046875
1880,   2,   0, 0.8021734952926636 ,      8,     1,     1,    31,    2,     0,     2,      0,       1,        1,        0,         0,        0,         0,  123727.4375
1881,   3,   0, 0.8021734952926636 ,     11,     1,     4,    28,    1,     0,     0,      0,       0,        0,        0,         0,        0,         0,  263236.75
1882,   2,   0, 0.8021734952926636 ,      9,     0,     2,    32,    2,     0,     2,      0,       1,        1,        0,         0,        0,         0,  179068.578125
1883,   2,   0, 0.8021734952926636 ,      7,     1,     1,    21,    4,     0,     0,      0,       1,        0,        0,         0,        0,         0,  122633.3515625
1884,   2,   0, 0.8021734952926636 ,      5,     1,     1,    32,    2,     0,     1,      0,       1,        1,        0,         0,        0,         0,  103935.359375
1885,   1,   0, 0.8021734952926636 ,      4,     0,     1,    27,    4,     1,     2,      0,       2,        0,        0,         0,        1,         0,  171446.625
1886,   2,   0, 0.8021734952926636 ,      6,     0,     1,    28,    2,     0,     2,      0,       1,        0,        0,         0,        0,         0,  155352
1887,   2,   0, 0.8021734952926636 ,      8,     1,     1,    44,    1,     0,     2,      0,       1,        0,        0,         0,        0,         0,  132829.5625
1888,   2,   0, 0.8021734952926636 ,      6,     1,     1,    39,    1,     0,     0,      0,       0,        0,        0,         0,        0,         0,  207563.453125
1889,   1,   0, 0.8021734952926636 ,      5,     1,     2,    27,    1,     0,     1,      0,       1,        1,        0,         0,        0,         0,  155155.34375
1890,   2,   0, 0.8021734952926636 ,      4,     0,     2,    40,    1,     0,     1,      1,       0,        1,        0,         1,        0,         1,  307212.03125
1891,   2,   0, 0.8021734952926636 ,      7,     1,     3,    24,    1,     0,     2,      0,       1,        1,        0,         0,        0,         0,  113731.296875
1892,   2,   0, 0.8021734952926636 ,      5,     1,     1,    23,    1,     0,     0,      0,       1,        0,        0,         0,        0,         0,  331036.65625
1893,   2,   0, 0.8021734952926636 ,      6,     0,     1,    44,    1,     0,     3,      1,       0,        1,        0,         0,        0,         1,  148032.40625
1894,   2,   0, 0.8021734952926636 ,      4,     0,     1,    37,    0,     0,     1,      0,       0,        0,        0,         0,        0,         0,  225363.03125
1895,   9,   0, 0.8021734952926636 ,     12,     0,     3,    16,    0,     0,     1,      0,       0,        1,        0,         0,        0,         0,  112925.0390625
1896,   2,   0, 0.8021734952926636 ,      8,     0,     1,    27,    1,     0,     3,      0,       1,        1,        0,         0,        0,         0,  124334.515625
1897,   1,   0, 0.8021734952926636 ,      2,     0,     1,    31,    1,     0,     2,      0,       0,        0,        0,         0,        0,         0,  274097.34375
1898,   1,   0, 0.8021734952926636 ,      3,     0,     1,    28,    1,     0,     2,      0,       1,        1,        0,         0,        0,         0,  225030.921875
1899,   1,   0, 0.8021734952926636 ,      1,     0,     1,    30,    0,     0,     4,      0,       0,        2,        0,         0,        0,         0,  519120.96875
1900,   2,   0, 0.8021734952926636 ,     12,     1,     1,    35,    1,     0,     2,      1,       0,        1,        0,         1,        0,         1,  201649.078125
1901,   2,   0, 0.8021734952926636 ,      2,     0,     1,    23,    0,     0,     1,      0,       0,        1,        0,         0,        0,         0,  345249.25
1902,  10,   0, 0.8021734952926636 ,     11,     1,     2,    20,    1,     0,     0,      0,       1,        0,        0,         0,        0,         0,  111718.703125
1903,   2,   0, 0.8021734952926636 ,      4,     1,     1,    25,    1,     0,     1,      0,       0,        0,        0,         0,        0,         0,  183186.390625
1904,   1,   0, 0.8021734952926636 ,      8,     1,     3,    32,    2,     0,     1,      0,       1,        0,        0,         0,        0,         0,  100590.1328125
1905,   8,   0, 0.8021734952926636 ,     13,     1,     2,    42,    0,     0,     1,      0,       0,        0,        0,         0,        0,         0,  148141.5625
1906,   2,   0, 0.8021734952926636 ,      3,     0,     1,    25,    0,     0,     1,      0,       0,        1,        0,         0,        0,         0,  265352.65625
1907,   9,   0, 0.8021734952926636 ,     13,     0,     2,    27,    2,     0,     1,      0,       1,        1,        0,         0,        0,         0,  115311.484375
1908,   2,   0, 0.8021734952926636 ,     15,     1,     2,    36,    2,     0,     1,      0,       1,        0,        0,         0,        0,         0,  123235.640625
1909,   2,   0, 0.8021734952926636 ,      4,     1,     1,    44,    1,     0,     0,      0,       0,        0,        0,         0,        0,         0,  200318.1875
1910,   1,   0, 0.8021734952926636 ,      5,     1,     1,    32,    1,     0,     3,      1,       0,        0,        0,         0,        0,         1,  187617.671875
1911,   2,   0, 0.8021734952926636 ,      4,     1,     1,    28,    0,     0,     2,      0,       0,        2,        0,         0,        0,         0,  172870.390625
1912,   2,   0, 0.8021734952926636 ,      3,     0,     1,    21,    1,     0,     0,      0,       1,        0,        0,         0,        0,         0,  336098.5
1913,   2,   0, 0.8021734952926636 ,      4,     0,     1,    21,    1,     0,     0,      0,       1,        0,        0,         0,        0,         0,  115741.4453125
1914,   1,   0, 0.8021734952926636 ,      5,     0,     1,    40,    1,     0,     1,      0,       0,        0,        0,         0,        0,         0,  251368.296875
1915,   1,   0, 0.8021734952926636 ,      3,     1,     1,    37,    1,     0,     0,      0,       0,        0,        0,         0,        0,         0,  320732.75
1916,   3,   0, 0.8021734952926636 ,     14,     0,     4,    25,    2,     0,     0,      0,       2,        0,        0,         0,        0,         0,  108176.046875
1917,   5,   0, 0.8021734952926636 ,      5,     1,     2,    17,    0,     0,     1,      0,       0,        0,        0,         0,        0,         0,  176047.140625
1918,   2,   0, 0.8021734952926636 ,     12,     1,     1,    38,    3,     0,     0,      0,       2,        0,        0,         0,        0,         0,  145449.59375
1919,   2,   0, 0.8021734952926636 ,      5,     0,     1,    29,    1,     0,     2,      0,       0,        1,        0,         0,        0,         0,  140200.5625
1920,   2,   0, 0.8021734952926636 ,      8,     1,     3,    36,    3,     0,     0,      0,       1,        0,        0,         0,        0,         0,  132584.40625
1921,   2,   0, 0.8021734952926636 ,      3,     0,     1,    46,    0,     0,     1,      0,       0,        0,        0,         0,        0,         0,   53811.41796875
1922,   4,   0, 0.8021734952926636 ,     12,     1,     2,    19,    0,     0,     1,      0,       0,        1,        0,         0,        0,         0,   59311.609375
1923,   2,   0, 0.8021734952926636 ,      8,     0,     1,    31,    2,     0,     3,      0,       0,        3,        0,         0,        0,         0,   46184.0703125
1924,   4,   0, 0.8021734952926636 ,      8,     0,     2,    41,    2,     0,     2,      0,       0,        1,        0,         0,        0,         0,   98298.09375
1925,   6,   0, 0.8021734952926636 ,      7,     1,     2,    21,    1,     0,     1,      0,       1,        1,        0,         0,        0,         0,  122786.8125
1926,   2,   0, 0.8021734952926636 ,     15,     1,     2,    41,    1,     0,     1,      0,       0,        0,        0,         0,        0,         0,  200530.6875
1927,   1,   0, 0.8021734952926636 ,      3,     0,     1,    46,    2,     0,     0,      0,       1,        0,        0,         0,        0,         0,   94329.1171875
1928,   8,   0, 0.8021734952926636 ,     14,     0,     5,    16,    1,     0,     0,      0,       1,        0,        0,         0,        0,         0,  155052.921875
1929,   2,   0, 0.8021734952926636 ,      4,     0,     1,    26,    0,     0,     2,      0,       0,        2,        0,         0,        0,         0,  199282.765625
1930,   2,   0, 0.8021734952926636 ,      2,     1,     1,    25,    2,     1,     0,      0,       1,        0,        1,         0,        1,         0,  263075.15625
1931,   7,   0, 0.8021734952926636 ,      8,     1,     2,    23,    1,     0,     0,      0,       1,        0,        0,         0,        0,         0,   94723.78125
1932,   2,   0, 0.8021734952926636 ,     21,     0,     3,    35,    2,     0,     1,      1,       1,        0,        0,         0,        0,         1,   86451.5234375
1933,   4,   0, 0.8021734952926636 ,      6,     0,     1,    24,    1,     0,     0,      0,       1,        0,        0,         0,        0,         0,  162394.234375
1934,  10,   0, 0.8021734952926636 ,     13,     1,     3,    33,    2,     0,     0,      0,       1,        0,        0,         0,        0,         0,  124061.8046875
1935,   8,   0, 0.8021734952926636 ,      9,     0,     3,    22,    1,     0,     0,      0,       0,        0,        0,         0,        0,         0,  119729.8046875
1936,   2,   0, 0.8021734952926636 ,      9,     1,     1,    35,    1,     0,     4,      0,       1,        1,        0,         0,        0,         0,  128016.4453125
1937,   2,   0, 0.8021734952926636 ,      6,     1,     1,    21,    1,     0,     1,      1,       1,        1,        0,         1,        0,         1,  136437.859375
1938,   3,   0, 0.8021734952926636 ,      5,     0,     1,    22,    1,     0,     1,      0,       1,        0,        0,         0,        0,         0,  106278.0234375
1939,   2,   0, 0.8021734952926636 ,      7,     0,     1,    26,    4,     0,     0,      0,       2,        0,        0,         0,        0,         0,  139301.859375
1940,   2,   0, 0.8021734952926636 ,     14,     1,     3,    48,    1,     0,     0,      0,       0,        0,        0,         0,        0,         0,  217603.703125
1941,   2,   0, 0.8021734952926636 ,     10,     0,     4,    37,    0,     0,     1,      0,       0,        1,        0,         0,        0,         0,  112164.171875
1942,   2,   0, 0.8021734952926636 ,      6,     0,     1,    32,    3,     1,     1,      0,       2,        0,        0,         0,        1,         0,  106297.7890625
1943,   8,   0, 0.8021734952926636 ,      9,     1,     2,    26,    1,     1,     2,      1,       0,        1,        0,         0,        1,         1,  248919.53125
1944,   2,   0, 0.8021734952926636 ,      5,     0,     1,    46,    0,     0,     1,      0,       0,        0,        0,         0,        0,         0,   67330.3203125
1945,   2,   0, 0.8021734952926636 ,      6,     1,     1,    29,    2,     0,     2,      0,       1,        1,        0,         0,        0,         0,   89669.4375
1946,   2,   0, 0.8021734952926636 ,      2,     0,     1,    26,    1,     0,     0,      0,       0,        0,        0,         0,        0,         0,  136492.265625
1947,   8,   0, 0.8021734952926636 ,     14,     0,     5,    30,    0,     0,     1,      0,       0,        0,        0,         0,        0,         0,   78226.5859375
1948,   2,   0, 0.8021734952926636 ,      6,     1,     1,    26,    2,     0,     3,      0,       1,        1,        0,         0,        0,         0,  100413.28125
1949,   2,   0, 0.8021734952926636 ,      5,     1,     1,    27,    1,     0,     0,      0,       1,        0,        0,         0,        0,         0,  372282.9375
1950,   5,   0, 0.8021734952926636 ,      5,     1,     2,    18,    0,     0,     1,      0,       0,        1,        0,         0,        0,         0,  205805.15625
1951,   2,   0, 0.8021734952926636 ,      4,     1,     1,    28,    1,     0,     3,      0,       1,        1,        0,         0,        0,         0,  131841.890625
1952,   2,   0, 0.8021734952926636 ,      8,     0,     2,    34,    0,     0,     3,      0,       0,        2,        0,         0,        0,         0,  134084.53125
1953,   1,   0, 0.8021734952926636 ,      8,     0,     3,    46,    1,     0,     1,      0,       0,        0,        0,         0,        0,         0,  102679.1171875
1954,   2,   0, 0.8021734952926636 ,      7,     0,     2,    30,    1,     0,     0,      0,       1,        0,        0,         0,        0,         0,  375165.9375
1955,   2,   0, 0.8021734952926636 ,      6,     1,     2,    16,    0,     0,     1,      0,       0,        1,        0,         0,        0,         0,  342090.5625
1956,   2,   0, 0.8021734952926636 ,     11,     1,     3,    25,    1,     0,     1,      0,       1,        1,        0,         0,        0,         0,  279108.375
1957,   2,   0, 0.8021734952926636 ,      7,     1,     2,    30,    2,     1,     1,      0,       1,        1,        0,         0,        1,         0,  475038.25
1958,   2,   0, 0.8021734952926636 ,      6,     1,     1,    22,    2,     0,     1,      1,       2,        1,        0,         1,        0,         1,   96662.59375
1959,   6,   0, 0.8021734952926636 ,      8,     1,     2,    23,    1,     0,     2,      1,       0,        2,        0,         1,        0,         1,   56081.92578125
1960,   2,   0, 0.8021734952926636 ,      8,     0,     2,    39,    0,     0,     2,      0,       0,        2,        0,         0,        0,         0,  142637.265625
1961,   4,   0, 0.8021734952926636 ,     10,     0,     3,    28,    1,     0,     1,      0,       0,        1,        0,         0,        0,         0,  336143.59375
1962,   2,   0, 0.8021734952926636 ,      6,     0,     1,    34,    1,     0,     2,      0,       1,        1,        0,         0,        0,         0,   70583.8984375
1963,   2,   0, 0.8021734952926636 ,     10,     1,     1,    45,    1,     0,     2,      0,       1,        0,        0,         0,        0,         0,  131332.125
1964,   6,   0, 0.8021734952926636 ,      9,     0,     2,    22,    3,     0,     0,      0,       2,        0,        0,         0,        0,         0,  176990.40625
1965,   2,   0, 0.8021734952926636 ,      4,     0,     1,    31,    2,     2,     3,      1,       0,        3,        0,         1,        2,         1,  129320.1640625
1966,   2,   0, 0.8021734952926636 ,      5,     1,     1,    19,    1,     0,     1,      0,       1,        1,        0,         0,        0,         0,  107727.234375
1967,   2,   0, 0.8021734952926636 ,      4,     0,     1,    26,    0,     0,     1,      0,       0,        1,        0,         0,        0,         0,   33472.7265625
1968,   8,   0, 0.8021734952926636 ,      9,     0,     2,    15,    1,     0,     0,      0,       1,        0,        0,         0,        0,         0,   81379.2265625
1969,   2,   0, 0.8021734952926636 ,      7,     1,     1,    22,    4,     3,     0,      0,       2,        0,        1,         0,        2,         0,  218526.53125
1970,   2,   0, 0.8021734952926636 ,      7,     0,     1,    36,    0,     0,     1,      0,       0,        0,        0,         0,        0,         0,   82962.0546875
1971,   2,   0, 0.8021734952926636 ,      5,     1,     1,    22,    1,     1,     3,      2,       0,        2,        0,         1,        1,         2,   81755.765625
1972,   9,   0, 0.8021734952926636 ,     13,     1,     4,    34,    1,     1,     1,      0,       1,        1,        1,         0,        1,         0,   61143.65234375
1973,   5,   0, 0.8021734952926636 ,      4,     0,     1,    20,    1,     0,     0,      0,       1,        0,        0,         0,        0,         0,   40201.80859375
1974,   2,   0, 0.8021734952926636 ,      9,     1,     1,    31,    1,     0,     2,      0,       0,        1,        0,         0,        0,         0,   74871.90625
1975,   2,   0, 0.8021734952926636 ,      4,     1,     1,    33,    0,     0,     3,      0,       0,        1,        0,         0,        0,         0,   89961.71875
1976,   9,   0, 0.8021734952926636 ,     14,     0,     4,    34,    2,     0,     2,      0,       1,        1,        0,         0,        0,         0,   81850.9765625
1977,   3,   0, 0.8021734952926636 ,      5,     0,     2,    29,    2,     0,     1,      0,       1,        0,        0,         0,        0,         0,   80184.6796875
1978,   2,   0, 0.8021734952926636 ,      3,     0,     1,    26,    0,     0,     2,      1,       0,        2,        0,         1,        0,         1,   94141.3046875
1979,   2,   0, 0.8021734952926636 ,      5,     0,     1,    30,    3,     0,     0,      0,       1,        0,        0,         0,        0,         0,   95484.609375
1980,   2,   0, 0.8021734952926636 ,      7,     1,     1,    20,    1,     0,     1,      0,       1,        1,        0,         0,        0,         0,   82053.4296875
1981,   2,   0, 0.8021734952926636 ,      9,     1,     1,    29,    1,     0,     2,      0,       0,        1,        0,         0,        0,         0,  130913.9609375
1982,   1,   0, 0.8021734952926636 ,      7,     0,     1,    42,    4,     1,     0,      0,       2,        0,        0,         0,        1,         0,   50099.23046875
1983,   2,   0, 0.8021734952926636 ,      8,     0,     3,    27,    1,     0,     0,      0,       0,        0,        0,         0,        0,         0,  118116.46875
1984,   2,   0, 0.8021734952926636 ,      8,     1,     1,    25,    2,     0,     2,      0,       1,        1,        0,         0,        0,         0,  123957.4921875
1985,   2,   0, 0.8021734952926636 ,      6,     1,     1,    25,    2,     0,     1,      0,       2,        1,        0,         0,        0,         0,  355611.21875
1986,   7,   0, 0.8021734952926636 ,     12,     1,     2,    30,    3,     0,     2,      0,       2,        0,        0,         0,        0,         0,  286853
1987,   2,   0, 0.8021734952926636 ,      8,     1,     2,    34,    0,     0,     2,      0,       0,        1,        0,         0,        0,         0,  213595.671875
1988,   2,   0, 0.8021734952926636 ,      7,     1,     1,    37,    2,     0,     0,      0,       0,        0,        0,         0,        0,         0,  164978.390625
1989,   8,   0, 0.8021734952926636 ,     13,     1,     2,    38,    3,     0,     0,      0,       0,        0,        0,         0,        0,         0,  135622.078125
1990,   2,   0, 0.8021734952926636 ,      4,     0,     1,    30,    2,     0,     1,      0,       1,        1,        0,         0,        0,         0,   76571.0703125
1991,   2,   0, 0.8021734952926636 ,      5,     1,     1,    23,    0,     0,     1,      0,       0,        1,        0,         0,        0,         0,  272926.59375
1992,   2,   0, 0.8021734952926636 ,     10,     1,     1,    37,    1,     0,     1,      0,       1,        0,        0,         0,        0,         0,  388471.96875
1993,   2,   1, 1.165061593055725  ,      8,     0,     1,    27,    4,     0,     0,      0,       2,        0,        0,         0,        0,         0,   72807.3671875
1994,   7,   1, 1.165061593055725  ,     15,     0,     2,    29,    3,     1,     1,      0,       2,        0,        1,         0,        1,         0,   51316.890625
1995,   2,   1, 1.165061593055725  ,      3,     0,     1,    21,    0,     0,     1,      0,       0,        1,        0,         0,        0,         0,  225559.015625
1996,   2,   1, 1.165061593055725  ,     10,     1,     1,    42,    1,     0,     2,      0,       1,        0,        0,         0,        0,         0,  202160.390625
1997,   2,   1, 1.165061593055725  ,      6,     1,     1,    24,    2,     0,     1,      0,       1,        1,        0,         0,        0,         0,  259472.671875
1998,   7,   1, 1.165061593055725  ,      7,     0,     2,    31,    2,     2,     0,      0,       2,        0,        2,         0,        2,         0,  155804.671875
1999,   2,   1, 1.165061593055725  ,      4,     1,     1,    18,    2,     0,     1,      0,       1,        0,        0,         0,        0,         0,  274821.4375
2000,   2,   1, 1.165061593055725  ,      4,     0,     1,    40,    1,     0,     2,      0,       0,        0,        0,         0,        0,         0,  111520.3046875
2001,  15,   1, 1.165061593055725  ,     22,     0,     6,    23,    1,     1,     1,      0,       1,        1,        1,         0,        1,         0,  218474.640625
2002,   4,   1, 1.165061593055725  ,     18,     0,     3,    15,    0,     0,     1,      1,       0,        1,        0,         1,        0,         1,   83521.875
2003,   2,   1, 1.165061593055725  ,      4,     0,     1,    43,    4,     2,     0,      0,       2,        0,        1,         0,        2,         0,  214252.3125
2004,  13,   1, 1.165061593055725  ,     17,     0,     2,    30,    3,     0,     0,      0,       2,        0,        0,         0,        0,         0,   80226.84375
2005,   5,   1, 1.165061593055725  ,     15,     0,     3,    34,    1,     0,     1,      1,       0,        0,        0,         0,        0,         1,  108111.9140625
2006,   2,   1, 1.165061593055725  ,      7,     0,     1,    24,    0,     0,     4,      0,       0,        3,        0,         0,        0,         0,   48917.8515625
2007,   2,   1, 1.165061593055725  ,      5,     0,     1,    32,    0,     0,     3,      0,       0,        1,        0,         0,        0,         0,   50972.8515625
2008,   2,   1, 1.165061593055725  ,      3,     0,     1,    46,    0,     0,     2,      0,       0,        0,        0,         0,        0,         0,  106942.3125
2009,   2,   1, 1.165061593055725  ,      8,     0,     1,    21,    2,     0,     1,      0,       1,        1,        0,         0,        0,         0,   33820.578125
2010,   1,   1, 1.165061593055725  ,      3,     0,     1,    47,    2,     1,     0,      0,       0,        0,        0,         0,        1,         0,   28312.2109375
2011,   2,   1, 1.165061593055725  ,      4,     0,     1,    47,    0,     0,     1,      0,       0,        0,        0,         0,        0,         0,  109747.984375
2012,   2,   1, 1.165061593055725  ,      5,     0,     1,    45,    3,     2,     0,      0,       1,        0,        1,         0,        2,         0,  112678.375
2013,   2,   1, 1.165061593055725  ,     10,     0,     2,    40,    2,     0,     2,      0,       1,        0,        0,         0,        0,         0,   45471.4453125
2014,   2,   1, 1.165061593055725  ,      3,     0,     1,    28,    2,     1,     1,      0,       2,        0,        1,         0,        1,         0,   82923.671875
2015,   2,   1, 1.165061593055725  ,      9,     0,     2,    44,    1,     0,     0,      0,       1,        0,        0,         0,        0,         0,   68411.203125
2016,   2,   1, 1.165061593055725  ,      7,     0,     2,    22,    2,     0,     0,      0,       2,        0,        0,         0,        0,         0,  236971.859375
2017,   2,   1, 1.165061593055725  ,      7,     0,     2,    27,    2,     0,     2,      0,       0,        2,        0,         0,        0,         0,  133862.875
2018,   2,   1, 1.165061593055725  ,      3,     0,     1,    15,    1,     0,     0,      0,       1,        0,        0,         0,        0,         0,  303290
2019,   2,   1, 1.165061593055725  ,      8,     1,     1,    43,    3,     0,     1,      0,       1,        1,        0,         0,        0,         0,  117735.734375
2020,   2,   1, 1.165061593055725  ,      9,     1,     2,    19,    0,     0,     1,      0,       0,        0,        0,         0,        0,         0,  143831.078125
2021,   2,   1, 1.165061593055725  ,     10,     0,     3,    42,    3,     0,     1,      1,       2,        0,        0,         0,        0,         1,  209995.40625
2022,   6,   1, 1.165061593055725  ,     14,     0,     4,    19,    1,     0,     1,      0,       1,        0,        0,         0,        0,         0,  224923.484375
2023,   2,   1, 1.165061593055725  ,      9,     1,     1,    26,    3,     0,     1,      0,       1,        1,        0,         0,        0,         0,  158080.28125
2024,   2,   1, 1.165061593055725  ,      6,     0,     1,    42,    1,     0,     1,      0,       0,        0,        0,         0,        0,         0,  295309.90625
2025,   8,   1, 1.165061593055725  ,     20,     0,     6,    29,    1,     0,     2,      0,       0,        1,        0,         0,        0,         0,   91004.265625
2026,   2,   1, 1.165061593055725  ,      5,     0,     1,    23,    1,     0,     1,      0,       1,        1,        0,         0,        0,         0,  292901.71875
2027,   2,   1, 1.165061593055725  ,      3,     0,     1,    27,    2,     1,     0,      0,       0,        0,        0,         0,        1,         0,  249165.75
2028,   2,   1, 1.165061593055725  ,      7,     0,     1,    23,    2,     0,     0,      0,       1,        0,        0,         0,        0,         0,  179094.796875
2029,   7,   1, 1.165061593055725  ,     17,     0,     5,    25,    2,     1,     3,      0,       2,        1,        1,         0,        1,         0,   58067.09375
2030,   6,   1, 1.165061593055725  ,     10,     0,     2,    32,    0,     0,     3,      0,       0,        1,        0,         0,        0,         0,  144211.21875
2031,   2,   1, 1.165061593055725  ,      7,     0,     2,    26,    2,     1,     1,      0,       1,        1,        0,         0,        1,         0,  132131.484375
2032,   4,   1, 1.165061593055725  ,      6,     1,     2,    30,    3,     1,     1,      1,       2,        0,        0,         0,        1,         1,   97865.9609375
2033,   2,   1, 1.165061593055725  ,     10,     0,     1,    34,    3,     0,     1,      0,       1,        1,        0,         0,        0,         0,   99389.1484375
2034,   2,   1, 1.165061593055725  ,      9,     0,     1,    42,    3,     1,     2,      0,       1,        1,        0,         0,        1,         0,   52359.16796875
2035,   8,   1, 1.165061593055725  ,     10,     0,     1,    27,    0,     0,     3,      0,       0,        2,        0,         0,        0,         0,   85612.0703125
2036,   2,   1, 1.165061593055725  ,      4,     1,     1,    23,    0,     0,     2,      0,       0,        2,        0,         0,        0,         0,  188880.234375
2037,   2,   1, 1.165061593055725  ,      4,     0,     1,    19,    1,     1,     2,      0,       1,        2,        1,         0,        1,         0,   62365.39453125
2038,   3,   1, 1.165061593055725  ,      8,     0,     2,    24,    3,     0,     1,      0,       1,        1,        0,         0,        0,         0,   68668.25
2039,   3,   1, 1.165061593055725  ,      4,     0,     1,    20,    1,     1,     1,      0,       1,        1,        1,         0,        1,         0,   90593.2421875
2040,   2,   1, 1.165061593055725  ,      8,     0,     1,    43,    3,     0,     1,      0,       2,        0,        0,         0,        0,         0,  105476.125
2041,   2,   1, 1.165061593055725  ,      9,     0,     2,    43,    1,     0,     1,      0,       0,        0,        0,         0,        0,         0,  122478.09375
2042,   1,   1, 1.165061593055725  ,      2,     0,     1,    35,    2,     0,     1,      0,       0,        1,        0,         0,        0,         0,  238362.515625
2043,   3,   1, 1.165061593055725  ,      9,     0,     2,    16,    1,     0,     0,      0,       1,        0,        0,         0,        0,         0,  112592.3671875
2044,   2,   1, 1.165061593055725  ,     11,     0,     1,    41,    2,     0,     2,      0,       1,        1,        0,         0,        0,         0,   92123.3671875
2045,   2,   1, 1.165061593055725  ,     10,     0,     3,    38,    1,     0,     0,      0,       1,        0,        0,         0,        0,         0,   89630.96875
2046,   2,   1, 1.165061593055725  ,      8,     1,     1,    27,    3,     0,     2,      0,       2,        0,        0,         0,        0,         0,  136847.328125
2047,   2,   1, 1.165061593055725  ,      9,     0,     2,    42,    4,     0,     0,      0,       2,        0,        0,         0,        0,         0,  147403.8125
2048,   2,   1, 1.165061593055725  ,      9,     1,     1,    42,    3,     1,     2,      0,       1,        0,        0,         0,        0,         0,  169457.03125
2049,   3,   1, 1.165061593055725  ,      7,     0,     2,    18,    0,     0,     3,      0,       0,        3,        0,         0,        0,         0,  131473.140625
2050,   7,   1, 1.165061593055725  ,     12,     0,     1,    46,    2,     1,     1,      1,       1,        1,        1,         1,        1,         1,  110042.6640625
2051,   2,   1, 1.165061593055725  ,      5,     1,     2,    19,    0,     0,     1,      0,       0,        1,        0,         0,        0,         0,  123011.5234375
2052,   2,   1, 1.165061593055725  ,      7,     0,     1,    37,    2,     0,     1,      0,       1,        0,        0,         0,        0,         0,  104164.453125
2053,   2,   1, 1.165061593055725  ,      8,     0,     1,    46,    2,     0,     2,      1,       0,        1,        0,         1,        0,         1,  150985.875
2054,   2,   1, 1.165061593055725  ,      3,     1,     1,    18,    0,     0,     1,      0,       0,        1,        0,         0,        0,         0,  238834.203125
2055,   2,   1, 1.165061593055725  ,      3,     1,     1,    18,    1,     0,     0,      0,       1,        0,        0,         0,        0,         0,   66712.890625
2056,   2,   1, 1.165061593055725  ,      3,     0,     1,    28,    0,     0,     2,      1,       0,        1,        0,         1,        0,         1,  111036.1484375
2057,   2,   1, 1.165061593055725  ,      4,     0,     1,    47,    1,     0,     0,      0,       1,        0,        0,         0,        0,         0,  179615.203125
2058,   2,   1, 1.165061593055725  ,      5,     0,     1,    34,    1,     0,     2,      0,       0,        1,        0,         0,        0,         0,  124410.125
2059,   2,   1, 1.165061593055725  ,      4,     1,     1,    21,    0,     0,     1,      0,       0,        1,        0,         0,        0,         0,  123461.171875
2060,   2,   1, 1.165061593055725  ,      5,     1,     2,    48,    1,     0,     2,      0,       1,        0,        0,         0,        0,         0,   92286.4921875
2061,   2,   1, 1.165061593055725  ,      4,     0,     2,    44,    1,     1,     0,      0,       0,        0,        0,         0,        1,         0,  166073.46875
2062,   4,   1, 1.165061593055725  ,      6,     0,     1,    36,    0,     0,     2,      0,       0,        1,        0,         0,        0,         0,   74256.8125
2063,   2,   1, 1.165061593055725  ,      3,     0,     1,    21,    1,     1,     1,      0,       1,        1,        1,         0,        1,         0,  105879.1015625
2064,   2,   1, 1.165061593055725  ,      5,     0,     1,    26,    1,     0,     2,      0,       1,        0,        0,         0,        0,         0,   61581.1015625
2065,   4,   1, 1.165061593055725  ,      5,     0,     1,    20,    2,     0,     0,      0,       2,        0,        0,         0,        0,         0,   62789.73828125
2066,   1,   1, 1.165061593055725  ,      5,     0,     2,    42,    1,     0,     1,      0,       1,        1,        0,         0,        0,         0,   73452.4296875
2067,   2,   1, 1.165061593055725  ,      5,     0,     1,    43,    1,     0,     0,      0,       0,        0,        0,         0,        0,         0,  116938.546875
2068,   2,   1, 1.165061593055725  ,      4,     0,     1,    23,    1,     0,     1,      0,       1,        1,        0,         0,        0,         0,  214485.921875
2069,   2,   1, 1.165061593055725  ,      3,     0,     1,    18,    1,     1,     1,      0,       0,        1,        0,         0,        1,         0,   46882.234375
2070,   2,   1, 1.165061593055725  ,      5,     0,     1,    30,    1,     0,     2,      0,       0,        1,        0,         0,        0,         0,   97396.3515625
2071,   2,   1, 1.165061593055725  ,      3,     0,     1,    22,    0,     0,     1,      0,       0,        1,        0,         0,        0,         0,  260353.25
2072,   2,   1, 1.165061593055725  ,      5,     0,     1,    26,    1,     0,     3,      0,       1,        1,        0,         0,        0,         0,   80815.78125
2073,   2,   1, 1.165061593055725  ,      4,     0,     1,    26,    1,     0,     2,      0,       1,        1,        0,         0,        0,         0,   98796.515625
2074,   2,   1, 1.165061593055725  ,      4,     0,     1,    33,    0,     0,     3,      1,       0,        2,        0,         1,        0,         1,   43999.4375
2075,   3,   1, 1.165061593055725  ,     15,     0,     3,    43,    3,     0,     1,      0,       2,        0,        0,         0,        0,         0,  108234.6796875
2076,   2,   1, 1.165061593055725  ,      4,     0,     1,    24,    1,     0,     1,      0,       1,        1,        0,         0,        0,         0,  119257.3125
2077,   2,   1, 1.165061593055725  ,     22,     0,     5,    46,    0,     0,     3,      0,       0,        1,        0,         0,        0,         0,  104546.3046875
2078,   1,   1, 1.165061593055725  ,      6,     0,     1,    38,    1,     0,     2,      0,       0,        1,        0,         0,        0,         0,  179953.375
2079,   2,   1, 1.165061593055725  ,      7,     0,     2,    48,    1,     0,     2,      0,       0,        1,        0,         0,        0,         0,  173830.234375
2080,   2,   1, 1.165061593055725  ,      9,     1,     2,    30,    3,     0,     0,      0,       1,        0,        0,         0,        0,         0,  225991.03125
2081,   3,   1, 1.165061593055725  ,      7,     0,     1,    19,    2,     0,     0,      0,       2,        0,        0,         0,        0,         0,  145860.875
2082,   7,   1, 1.165061593055725  ,     12,     0,     2,    36,    1,     0,     2,      0,       1,        1,        0,         0,        0,         0,  124266.8671875
2083,   2,   1, 1.165061593055725  ,     11,     1,     2,    24,    0,     0,     2,      0,       0,        1,        0,         0,        0,         0,  181924.09375
2084,   3,   1, 1.165061593055725  ,      6,     0,     1,    24,    2,     0,     1,      1,       2,        0,        0,         0,        0,         1,  123667.25
2085,   2,   1, 1.165061593055725  ,      3,     0,     1,    48,    0,     0,     1,      0,       0,        0,        0,         0,        0,         0,  196925.875
2086,   7,   1, 1.165061593055725  ,      9,     0,     3,    19,    1,     0,     0,      0,       1,        0,        0,         0,        0,         0,  118685.53125
2087,   2,   1, 1.165061593055725  ,      6,     0,     2,    28,    1,     0,     0,      0,       0,        0,        0,         0,        0,         0,  143014.546875
2088,   8,   1, 1.165061593055725  ,      9,     0,     1,    25,    1,     0,     4,      0,       1,        2,        0,         0,        0,         0,  105143.8203125
2089,   2,   1, 1.165061593055725  ,      6,     0,     1,    39,    2,     0,     1,      0,       1,        0,        0,         0,        0,         0,   80398.3671875
2090,   3,   1, 1.165061593055725  ,     16,     0,     2,    40,    1,     0,     3,      0,       0,        1,        0,         0,        0,         0,  104507.3046875
2091,   2,   1, 1.165061593055725  ,      6,     0,     2,    44,    1,     0,     0,      0,       0,        0,        0,         0,        0,         0,  827391.8125
2092,   3,   1, 1.165061593055725  ,      9,     0,     2,    26,    1,     1,     0,      0,       1,        0,        1,         0,        1,         0,   98507.6796875
2093,   2,   1, 1.165061593055725  ,      3,     0,     1,    26,    3,     0,     0,      0,       2,        0,        0,         0,        0,         0,  209885.609375
2094,   3,   1, 1.165061593055725  ,     11,     0,     2,    20,    2,     0,     0,      0,       2,        0,        0,         0,        0,         0,   84876.4296875
2095,   6,   1, 1.165061593055725  ,      9,     1,     2,    25,    2,     1,     0,      0,       2,        0,        1,         0,        1,         0,  178922.28125
2096,   4,   1, 1.165061593055725  ,      9,     0,     2,    20,    1,     0,     0,      0,       1,        0,        0,         0,        0,         0,  104945.546875
2097,   2,   1, 1.165061593055725  ,      4,     1,     1,    29,    1,     0,     1,      0,       1,        1,        0,         0,        0,         0,  137052.015625
2098,   5,   1, 1.165061593055725  ,     12,     0,     2,    25,    2,     0,     2,      0,       2,        1,        0,         0,        0,         0,   86964.5078125
2099,   2,   1, 1.165061593055725  ,     11,     1,     2,    27,    2,     0,     4,      1,       1,        1,        0,         1,        0,         1,   83770.84375
2100,   2,   1, 1.165061593055725  ,     15,     0,     3,    49,    2,     0,     0,      0,       0,        0,        0,         0,        0,         0,  109053.625
2101,   4,   1, 1.165061593055725  ,      9,     0,     2,    34,    3,     1,     2,      1,       2,        0,        1,         0,        1,         1,  120372.3359375
2102,   9,   1, 1.165061593055725  ,     12,     0,     4,    18,    1,     0,     0,      0,       1,        0,        0,         0,        0,         0,  258844.390625
2103,  12,   1, 1.165061593055725  ,     12,     0,     2,    36,    0,     0,     2,      0,       0,        1,        0,         0,        0,         0,   80788.0546875
2104,   2,   1, 1.165061593055725  ,     15,     0,     3,    39,    1,     0,     3,      0,       1,        1,        0,         0,        0,         0,   61151.6484375
2105,   2,   1, 1.165061593055725  ,      4,     0,     1,    31,    3,     0,     1,      0,       2,        0,        0,         0,        0,         0,   95600.984375
2106,   2,   1, 1.165061593055725  ,      7,     0,     1,    28,    1,     0,     0,      0,       1,        0,        0,         0,        0,         0,  105431.5546875
2107,   8,   1, 1.165061593055725  ,      8,     0,     1,    24,    2,     0,     3,      0,       1,        1,        0,         0,        0,         0,   84930.296875
2108,   7,   1, 1.165061593055725  ,     10,     0,     2,    36,    1,     0,     2,      0,       1,        1,        0,         0,        0,         0,  151618.359375
2109,   2,   1, 1.165061593055725  ,      4,     0,     1,    34,    0,     0,     1,      0,       0,        1,        0,         0,        0,         0,  128856.625
2110,   7,   1, 1.165061593055725  ,      9,     0,     2,    27,    1,     1,     2,      0,       1,        1,        1,         0,        1,         0,   96165.671875
2111,   3,   1, 1.165061593055725  ,     13,     0,     1,    28,    1,     0,     1,      0,       0,        1,        0,         0,        0,         0,   73266.0625
2112,   9,   1, 1.165061593055725  ,      9,     0,     1,    18,    0,     0,     1,      0,       0,        1,        0,         0,        0,         0,   68397.328125
2113,   4,   1, 1.165061593055725  ,      5,     0,     2,    40,    1,     0,     0,      0,       0,        0,        0,         0,        0,         0,  122092.078125
2114,   2,   1, 1.165061593055725  ,     10,     0,     1,    36,    3,     0,     1,      0,       1,        1,        0,         0,        0,         0,   92782.046875
2115,   2,   1, 1.165061593055725  ,      3,     0,     1,    17,    0,     0,     1,      0,       0,        1,        0,         0,        0,         0,   59672.421875
2116,   2,   1, 1.165061593055725  ,      6,     0,     2,    35,    2,     1,     1,      0,       1,        1,        0,         0,        1,         0,  105881.1640625
2117,   2,   1, 1.165061593055725  ,      3,     0,     1,    26,    1,     0,     1,      0,       0,        0,        0,         0,        0,         0,  238836.296875
2118,   2,   1, 1.165061593055725  ,      9,     0,     1,    32,    1,     0,     1,      0,       1,        1,        0,         0,        0,         0,  153554.125
2119,   2,   1, 1.165061593055725  ,      5,     0,     1,    20,    2,     0,     1,      0,       1,        1,        0,         0,        0,         0,  187798.4375
2120,   6,   1, 1.165061593055725  ,     10,     0,     3,    28,    2,     0,     2,      0,       1,        1,        0,         0,        0,         0, 1570641
2121,   2,   1, 1.165061593055725  ,      5,     0,     1,    36,    1,     0,     1,      0,       0,        0,        0,         0,        0,         0,  137066.953125
2122,   4,   1, 1.165061593055725  ,     16,     0,     2,    24,    1,     0,     0,      0,       1,        0,        0,         0,        0,         0,   90875.4765625
2123,   2,   1, 1.165061593055725  ,      6,     0,     1,    33,    1,     0,     2,      0,       0,        1,        0,         0,        0,         0,  160973.28125
2124,   5,   1, 1.165061593055725  ,      7,     0,     2,    22,    0,     0,     1,      0,       0,        1,        0,         0,        0,         0,   67590.828125
2125,   2,   1, 1.165061593055725  ,      6,     0,     1,    31,    5,     2,     1,      0,       2,        1,        1,         0,        2,         0,   82278.0078125
2126,   2,   1, 1.165061593055725  ,     12,     0,     2,    31,    2,     0,     2,      1,       1,        0,        0,         0,        0,         1,   79508.34375
2127,   2,   1, 1.165061593055725  ,      8,     0,     1,    42,    2,     0,     2,      0,       0,        1,        0,         0,        0,         0,   78685.59375
2128,   8,   1, 1.165061593055725  ,     13,     0,     2,    26,    3,     0,     1,      0,       2,        0,        0,         0,        0,         0,   40084.875
2129,  14,   1, 1.165061593055725  ,     17,     0,     5,    22,    1,     0,     0,      0,       1,        0,        0,         0,        0,         0,   46189.80078125
2130,   2,   1, 1.165061593055725  ,      4,     0,     1,    27,    1,     0,     1,      0,       1,        0,        0,         0,        0,         0,  112085.171875
2131,   2,   1, 1.165061593055725  ,     14,     0,     2,    30,    5,     1,     0,      0,       3,        0,        1,         0,        1,         0,   29777.662109375
2132,   5,   1, 1.165061593055725  ,     16,     0,     3,    25,    2,     0,     1,      0,       1,        0,        0,         0,        0,         0,   26558.193359375
2133,   3,   1, 1.165061593055725  ,     19,     0,     4,    22,    0,     0,     2,      1,       0,        1,        0,         0,        0,         1,   31751.984375
2134,   2,   1, 1.165061593055725  ,     13,     0,     3,    33,    3,     0,     0,      0,       1,        0,        0,         0,        0,         0,   49637.359375
2135,   3,   1, 1.165061593055725  ,     11,     0,     3,    43,    1,     1,     1,      0,       1,        0,        1,         0,        1,         0,   42581.921875
2136,   8,   1, 1.165061593055725  ,     13,     0,     3,    24,    0,     0,     3,      0,       0,        2,        0,         0,        0,         0,   79464.4296875
2137,  10,   1, 1.165061593055725  ,     16,     0,     4,    42,    0,     0,     2,      0,       0,        1,        0,         0,        0,         0,   39286.46484375
2138,   2,   1, 1.165061593055725  ,      9,     0,     3,    18,    1,     1,     0,      0,       1,        0,        1,         0,        1,         0,   41026.25
2139,   2,   1, 1.165061593055725  ,      3,     0,     1,    20,    1,     0,     0,      0,       1,        0,        0,         0,        0,         0,  601983.4375
2140,   6,   1, 1.165061593055725  ,     13,     0,     3,    30,    3,     1,     1,      0,       1,        1,        0,         0,        1,         0,   31541.03515625
2141,   2,   1, 1.165061593055725  ,     17,     0,     1,    31,    1,     0,     2,      0,       1,        1,        0,         0,        0,         0,   24761.97265625
2142,   7,   1, 1.165061593055725  ,     12,     0,     4,    45,    0,     0,     1,      0,       0,        0,        0,         0,        0,         0,   75243.7421875
2143,   8,   1, 1.165061593055725  ,     13,     0,     2,    32,    1,     0,     3,      0,       1,        0,        0,         0,        0,         0,   55944.2265625
2144,   2,   1, 1.165061593055725  ,     14,     0,     3,    39,    1,     0,     2,      0,       0,        2,        0,         0,        0,         0,   94200.2421875
2145,   2,   1, 1.165061593055725  ,     11,     0,     2,    37,    2,     1,     2,      1,       1,        1,        0,         0,        1,         1,   70039.3203125
2146,   2,   1, 1.165061593055725  ,      9,     0,     1,    35,    2,     0,     1,      0,       1,        0,        0,         0,        0,         0,  150688.375
2147,   2,   1, 1.165061593055725  ,      7,     1,     1,    20,    2,     1,     0,      0,       2,        0,        1,         0,        1,         0,   84332.046875
2148,   2,   1, 1.165061593055725  ,      9,     1,     1,    22,    1,     0,     2,      0,       1,        1,        0,         0,        0,         0,  197254.625
2149,   2,   1, 1.165061593055725  ,      9,     1,     1,    20,    1,     0,     2,      0,       0,        2,        0,         0,        0,         0,   70683.9609375
2150,   2,   1, 1.165061593055725  ,      9,     0,     1,    36,    2,     0,     2,      0,       0,        1,        0,         0,        0,         0,  108233.09375
2151,   2,   1, 1.165061593055725  ,      6,     1,     1,    39,    3,     1,     3,      1,       1,        2,        0,         0,        1,         1,   36213.484375
2152,   2,   1, 1.165061593055725  ,      3,     0,     1,    48,    2,     2,     1,      1,       0,        0,        0,         0,        2,         1,   79984.6953125
2153,   2,   1, 1.165061593055725  ,      8,     0,     2,    35,    3,     0,     1,      0,       2,        0,        0,         0,        0,         0,   78314.1875
2154,   2,   1, 1.165061593055725  ,      3,     1,     1,    48,    0,     0,     2,      1,       0,        0,        0,         0,        0,         1,  113415.0078125
2155,   5,   1, 1.165061593055725  ,      7,     0,     1,    33,    3,     2,     1,      1,       1,        1,        1,         1,        2,         1,  118389.8671875
2156,   3,   1, 1.165061593055725  ,      6,     0,     1,    41,    0,     0,     2,      0,       0,        1,        0,         0,        0,         0,   90497.875
2157,   2,   1, 1.165061593055725  ,      5,     0,     1,    32,    1,     1,     2,      0,       0,        1,        0,         0,        0,         0,   97694.703125
2158,   2,   1, 1.165061593055725  ,      6,     0,     1,    40,    3,     1,     1,      0,       1,        0,        0,         0,        1,         0,  159061.453125
2159,   2,   1, 1.165061593055725  ,      7,     0,     1,    40,    2,     0,     1,      0,       0,        1,        0,         0,        0,         0,   46027.28125
2160,   7,   1, 1.165061593055725  ,      8,     1,     2,    21,    1,     0,     0,      0,       1,        0,        0,         0,        0,         0,  147750.96875
2161,   2,   1, 1.165061593055725  ,      6,     0,     1,    35,    3,     0,     1,      1,       2,        0,        0,         0,        0,         1,   89678.9375
2162,   3,   1, 1.165061593055725  ,      7,     0,     1,    35,    1,     0,     0,      0,       1,        0,        0,         0,        0,         0,   74435.3046875
2163,   2,   1, 1.165061593055725  ,      8,     0,     2,    24,    2,     0,     1,      0,       2,        0,        0,         0,        0,         0,   94033.5703125
2164,   2,   1, 1.165061593055725  ,      6,     0,     1,    30,    2,     0,     1,      0,       1,        1,        0,         0,        0,         0,   60909.80078125
2165,   2,   1, 1.165061593055725  ,      5,     1,     1,    18,    1,     0,     2,      0,       1,        2,        0,         0,        0,         0,   60677.2109375
2166,   2,   1, 1.165061593055725  ,      8,     1,     2,    29,    1,     0,     0,      0,       0,        0,        0,         0,        0,         0,   92787.0390625
2167,   2,   1, 1.165061593055725  ,      7,     0,     2,    28,    2,     0,     1,      0,       1,        0,        0,         0,        0,         0,  139237.1875
2168,   2,   1, 1.165061593055725  ,      9,     0,     2,    31,    1,     0,     3,      0,       0,        2,        0,         0,        0,         0,  120255.4296875
2169,   2,   1, 1.165061593055725  ,      6,     0,     2,    22,    1,     0,     1,      0,       1,        1,        0,         0,        0,         0,   70137.359375
2170,   2,   1, 1.165061593055725  ,      5,     1,     1,    33,    2,     0,     1,      0,       1,        0,        0,         0,        0,         0,  127114.671875
2171,   2,   1, 1.165061593055725  ,      8,     0,     1,    23,    0,     0,     2,      0,       0,        1,        0,         0,        0,         0,   64044.51171875
2172,   2,   1, 1.165061593055725  ,      3,     0,     1,    28,    2,     1,     1,      1,       1,        0,        0,         0,        1,         1,  104209.2421875
2173,   2,   1, 1.165061593055725  ,      3,     0,     1,    24,    0,     0,     1,      0,       0,        1,        0,         0,        0,         0,  101966.46875
2174,   2,   1, 1.165061593055725  ,      6,     0,     1,    34,    0,     0,     2,      0,       0,        2,        0,         0,        0,         0,   76449.7734375
2175,   2,   1, 1.165061593055725  ,      4,     1,     2,    28,    0,     0,     1,      0,       0,        1,        0,         0,        0,         0,  153848.125
2176,   2,   1, 1.165061593055725  ,     12,     0,     2,    35,    2,     0,     2,      0,       1,        1,        0,         0,        0,         0,   51268.5625
2177,  14,   1, 1.165061593055725  ,     15,     0,     3,    45,    1,     0,     0,      0,       0,        0,        0,         0,        0,         0,   70124.6796875
2178,   2,   1, 1.165061593055725  ,      6,     1,     1,    31,    4,     1,     1,      0,       2,        0,        0,         0,        1,         0,   27308.927734375
2179,   2,   1, 1.165061593055725  ,      6,     1,     1,    39,    3,     2,     1,      0,       2,        0,        1,         0,        2,         0,   88583.2578125
2180,   2,   1, 1.165061593055725  ,      6,     1,     2,    20,    1,     0,     1,      0,       1,        1,        0,         0,        0,         0,   94075.3671875
2181,   6,   1, 1.165061593055725  ,      7,     0,     2,    33,    1,     1,     1,      0,       0,        1,        0,         0,        0,         0,  139614.734375
2182,   2,   1, 1.165061593055725  ,      4,     0,     1,    43,    1,     0,     0,      0,       0,        0,        0,         0,        0,         0,   81649.921875
2183,   3,   1, 1.165061593055725  ,     10,     0,     2,    25,    1,     0,     1,      0,       0,        1,        0,         0,        0,         0,   63385.19921875
2184,   5,   1, 1.165061593055725  ,     10,     0,     1,    37,    1,     0,     3,      0,       1,        1,        0,         0,        0,         0,   84849.6484375
2185,   2,   1, 1.165061593055725  ,      7,     0,     1,    29,    2,     0,     1,      0,       2,        0,        0,         0,        0,         0,   34958.8046875
2186,   2,   1, 1.165061593055725  ,      4,     0,     1,    39,    0,     0,     1,      0,       0,        0,        0,         0,        0,         0,  160873.5625
2187,  16,   1, 1.165061593055725  ,     21,     0,     6,    46,    1,     1,     0,      0,       0,        0,        0,         0,        1,         0,   54290.70703125
2188,   8,   1, 1.165061593055725  ,     10,     0,     2,    29,    0,     0,     2,      1,       0,        1,        0,         1,        0,         1,   58392.42578125
2189,   7,   1, 1.165061593055725  ,      8,     0,     2,    18,    0,     0,     1,      0,       0,        1,        0,         0,        0,         0,   70893.671875
2190,   7,   1, 1.165061593055725  ,     11,     0,     2,    19,    0,     0,     1,      0,       0,        1,        0,         0,        0,         0,   50903.359375
2191,   4,   1, 1.165061593055725  ,     14,     0,     2,    36,    1,     0,     2,      0,       0,        1,        0,         0,        0,         0,   68422.8203125
2192,   2,   1, 1.165061593055725  ,     12,     0,     2,    23,    4,     0,     0,      0,       3,        0,        0,         0,        0,         0,   62994.70703125
2193,   4,   1, 1.165061593055725  ,      6,     0,     1,    23,    1,     0,     1,      0,       1,        1,        0,         0,        0,         0,  278233.125
2194,   2,   1, 1.165061593055725  ,     13,     0,     3,    45,    0,     0,     3,      2,       0,        0,        0,         0,        0,         2,   52255.9765625
2195,   2,   1, 1.165061593055725  ,     11,     1,     2,    25,    3,     0,     0,      0,       1,        0,        0,         0,        0,         0,  112750.21875
2196,   1,   0, 0.8021734952926636 ,      5,     0,     1,    36,    3,     0,     0,      0,       2,        0,        0,         0,        0,         0,   45268.0234375
2197,   3,   0, 0.8021734952926636 ,      7,     0,     2,    43,    2,     0,     0,      0,       0,        0,        0,         0,        0,         0,  101504.1015625
2198,   2,   0, 0.8021734952926636 ,      3,     0,     1,    29,    0,     0,     2,      2,       0,        2,        0,         2,        0,         2,   78042.9609375
2199,   3,   0, 0.8021734952926636 ,      4,     0,     2,    36,    1,     0,     0,      0,       1,        0,        0,         0,        0,         0,   74457.7578125
2200,   1,   0, 0.8021734952926636 ,      2,     0,     1,    21,    2,     1,     0,      0,       2,        0,        1,         0,        1,         0,  109511.6015625
2201,   1,   0, 0.8021734952926636 ,      3,     0,     1,    31,    3,     0,     0,      0,       1,        0,        0,         0,        0,         0,   70821.859375
2202,   1,   0, 0.8021734952926636 ,      7,     0,     1,    36,    0,     0,     3,      0,       0,        2,        0,         0,        0,         0,   37804.86328125
2203,   2,   0, 0.8021734952926636 ,      4,     0,     1,    27,    2,     1,     1,      0,       1,        1,        1,         0,        1,         0,   68541.984375
2204,   1,   1, 1.165061593055725  ,      1,     0,     1,    37,    1,     0,     0,      0,       0,        0,        0,         0,        0,         0,  108789.4921875
2205,   2,   1, 1.165061593055725  ,      7,     0,     2,    32,    3,     1,     0,      0,       2,        0,        1,         0,        1,         0,   63718.4609375
2206,   4,   1, 1.165061593055725  ,      5,     0,     3,    22,    0,     0,     1,      0,       0,        1,        0,         0,        0,         0,   51604.328125
2207,   2,   1, 1.165061593055725  ,      6,     0,     1,    33,    1,     0,     1,      0,       0,        1,        0,         0,        0,         0,   41081.1796875
2208,   2,   1, 1.165061593055725  ,      5,     0,     1,    32,    2,     0,     1,      0,       0,        1,        0,         0,        0,         0,   44080.80078125
2209,   2,   1, 1.165061593055725  ,      6,     0,     1,    38,    2,     1,     1,      0,       1,        1,        1,         0,        1,         0,   48643.484375
2210,   2,   1, 1.165061593055725  ,      7,     0,     1,    35,    2,     1,     2,      0,       1,        0,        0,         0,        1,         0,   49461.28125
2211,   8,   1, 1.165061593055725  ,      9,     0,     2,    26,    0,     0,     2,      0,       0,        2,        0,         0,        0,         0,   66703.609375
2212,   2,   1, 1.165061593055725  ,      4,     0,     1,    42,    2,     0,     0,      0,       1,        0,        0,         0,        0,         0,  125220.1875
2213,   5,   1, 1.165061593055725  ,      9,     0,     1,    27,    2,     0,     2,      0,       1,        1,        0,         0,        0,         0,   45729.4609375
2214,   2,   1, 1.165061593055725  ,      7,     0,     1,    38,    1,     0,     3,      1,       1,        0,        0,         0,        0,         1,   83190.6640625
2215,   5,   1, 1.165061593055725  ,     11,     0,     2,    30,    2,     0,     1,      0,       2,        0,        0,         0,        0,         0,   42127.27734375
2216,   2,   1, 1.165061593055725  ,      5,     0,     1,    29,    2,     0,     1,      0,       1,        0,        0,         0,        0,         0,  112350.0234375
2217,   2,   1, 1.165061593055725  ,      4,     0,     1,    31,    1,     0,     2,      0,       0,        1,        0,         0,        0,         0,   52671.6328125
2218,   6,   1, 1.165061593055725  ,      9,     0,     2,    34,    3,     1,     0,      0,       2,        0,        1,         0,        1,         0,   62702.83984375
2219,   7,   1, 1.165061593055725  ,     13,     0,     2,    31,    3,     0,     1,      0,       1,        1,        0,         0,        0,         0,   58206.9375
2220,   2,   1, 1.165061593055725  ,      3,     1,     1,    26,    2,     1,     1,      0,       2,        1,        1,         0,        1,         0,   66464.328125
2221,  12,   1, 1.165061593055725  ,     14,     0,     4,    32,    0,     0,     4,      0,       0,        2,        0,         0,        0,         0,   66749.2890625
2222,   2,   1, 1.165061593055725  ,     11,     0,     1,    30,    4,     0,     2,      0,       3,        1,        0,         0,        0,         0,   54691.890625
2223,   2,   1, 1.165061593055725  ,      5,     0,     1,    29,    3,     0,     0,      0,       1,        0,        0,         0,        0,         0,   97216.7109375
2224,   2,   1, 1.165061593055725  ,      3,     1,     1,    26,    1,     0,     0,      0,       1,        0,        0,         0,        0,         0,  238921.421875
2225,   2,   1, 1.165061593055725  ,      3,     0,     1,    26,    3,     3,     0,      0,       0,        0,        0,         0,        3,         0,  222950.390625
2226,   2,   1, 1.165061593055725  ,      5,     0,     1,    39,    0,     0,     4,      1,       0,        1,        0,         0,        0,         1,  102195.4375
2227,   2,   1, 1.165061593055725  ,      4,     0,     1,    32,    3,     1,     0,      0,       1,        0,        0,         0,        1,         0,  131325.265625
2228,   2,   1, 1.165061593055725  ,      4,     0,     1,    27,    2,     0,     1,      0,       1,        0,        0,         0,        0,         0,  117950.578125
2229,   2,   1, 1.165061593055725  ,      4,     0,     1,    23,    1,     0,     0,      0,       1,        0,        0,         0,        0,         0,  133730.859375
2230,   2,   1, 1.165061593055725  ,      3,     0,     1,    24,    2,     2,     1,      0,       1,        1,        1,         0,        2,         0,  136248.15625
2231,   3,   1, 1.165061593055725  ,      6,     0,     1,    16,    1,     0,     0,      0,       1,        0,        0,         0,        0,         0,  124005.1640625
2232,   2,   1, 1.165061593055725  ,     10,     1,     1,    40,    1,     0,     3,      0,       0,        2,        0,         0,        0,         0,   56561.58203125
2233,   2,   1, 1.165061593055725  ,      7,     0,     2,    37,    0,     0,     1,      1,       0,        1,        0,         1,        0,         1,   61411.3671875
2234,   2,   1, 1.165061593055725  ,      3,     0,     1,    19,    0,     0,     1,      0,       0,        1,        0,         0,        0,         0,   74066.171875
2235,   2,   1, 1.165061593055725  ,      4,     0,     1,    24,    0,     0,     2,      0,       0,        2,        0,         0,        0,         0,   62385.59375
2236,   2,   1, 1.165061593055725  ,      6,     0,     1,    31,    2,     0,     2,      0,       1,        1,        0,         0,        0,         0,   38621.53125
2237,   2,   1, 1.165061593055725  ,      4,     0,     1,    21,    1,     0,     1,      0,       1,        1,        0,         0,        0,         0,  121258.8828125
2238,   6,   1, 1.165061593055725  ,     10,     0,     1,    36,    2,     0,     1,      0,       1,        0,        0,         0,        0,         0,   28907.931640625
2239,   2,   1, 1.165061593055725  ,      6,     1,     1,    29,    2,     0,     2,      0,       1,        2,        0,         0,        0,         0,   38132.859375
2240,   2,   1, 1.165061593055725  ,      5,     0,     1,    43,    0,     0,     1,      0,       0,        0,        0,         0,        0,         0,  153006.21875
2241,   2,   1, 1.165061593055725  ,      2,     0,     1,    42,    1,     0,     1,      1,       0,        0,        0,         0,        0,         1,   87805.3828125
2242,   3,   1, 1.165061593055725  ,      4,     0,     1,    34,    3,     0,     0,      0,       1,        0,        0,         0,        0,         0,   88333.984375
2243,   5,   1, 1.165061593055725  ,      6,     0,     2,    39,    2,     1,     2,      2,       1,        1,        0,         1,        1,         2,   67257.2734375
2244,   2,   1, 1.165061593055725  ,      4,     0,     1,    27,    2,     0,     0,      0,       2,        0,        0,         0,        0,         0,   75243.203125
2245,   1,   1, 1.165061593055725  ,      7,     0,     1,    35,    2,     0,     2,      0,       1,        2,        0,         0,        0,         0,   36712.5234375
2246,   2,   1, 1.165061593055725  ,      9,     0,     1,    38,    3,     1,     3,      0,       1,        2,        0,         0,        1,         0,   24529.125
2247,   2,   1, 1.165061593055725  ,      5,     0,     1,    46,    0,     0,     2,      1,       0,        1,        0,         1,        0,         1,   64464.9921875
2248,   2,   1, 1.165061593055725  ,      4,     0,     1,    24,    1,     0,     1,      0,       1,        1,        0,         0,        0,         0,   50716.140625
2249,   2,   1, 1.165061593055725  ,      4,     0,     1,    20,    2,     0,     0,      0,       2,        0,        0,         0,        0,         0,   42813.58203125
2250,   5,   1, 1.165061593055725  ,      8,     0,     1,    48,    0,     0,     1,      0,       0,        0,        0,         0,        0,         0,   36913.4375
2251,   2,   0, 0.9770834445953369 ,      5,     1,     1,    29,    1,     0,     2,      0,       1,        1,        0,         0,        0,         0,  175784.125
2252,   2,   0, 0.9770834445953369 ,      6,     1,     1,    32,    2,     0,     0,      0,       0,        0,        0,         0,        0,         0,  204444.515625
2253,   2,   0, 0.9770834445953369 ,      4,     1,     1,    34,    0,     0,     1,      0,       0,        1,        0,         0,        0,         0,  680134.9375
2254,   4,   0, 0.9770834445953369 ,     10,     0,     3,    35,    5,     0,     0,      0,       2,        0,        0,         0,        0,         0,  246770.03125
2255,   1,   0, 0.9770834445953369 ,      1,     0,     1,    34,    1,     0,     0,      0,       0,        0,        0,         0,        0,         0,  662889.3125
2256,   2,   0, 0.9770834445953369 ,      5,     0,     1,    24,    2,     0,     2,      0,       1,        1,        0,         0,        0,         0,  293302.375
2257,   2,   0, 0.9770834445953369 ,      2,     0,     1,    32,    2,     0,     0,      0,       1,        0,        0,         0,        0,         0,  397847.875
2258,   6,   0, 0.9770834445953369 ,      8,     1,     2,    21,    1,     0,     0,      0,       1,        0,        0,         0,        0,         0,  210075.4375
2259,   2,   0, 0.9770834445953369 ,      7,     1,     2,    31,    2,     0,     0,      0,       0,        0,        0,         0,        0,         0,  338453.0625
2260,   5,   0, 0.9770834445953369 ,      7,     1,     2,    25,    1,     1,     1,      1,       0,        1,        0,         1,        1,         1,  361662.84375
2261,   2,   0, 0.9770834445953369 ,      7,     0,     1,    40,    2,     0,     0,      0,       0,        0,        0,         0,        0,         0,  362535.71875
2262,   2,   0, 0.9770834445953369 ,      9,     0,     2,    41,    0,     0,     2,      0,       0,        1,        0,         0,        0,         0,  208995.8125
2263,   3,   0, 0.9770834445953369 ,      8,     0,     2,    32,    1,     0,     0,      0,       0,        0,        0,         0,        0,         0,  217023.25
2264,   2,   0, 0.9770834445953369 ,      2,     1,     1,    30,    1,     0,     0,      0,       0,        0,        0,         0,        0,         0, 2238497.75
2265,   6,   0, 0.9770834445953369 ,     11,     1,     3,    20,    0,     0,     1,      0,       0,        1,        0,         0,        0,         0,  197254.296875
2266,   1,   0, 0.9770834445953369 ,      1,     0,     1,    41,    0,     0,     1,      1,       0,        0,        0,         0,        0,         0, 1050315.375
2267,   2,   0, 0.9770834445953369 ,     10,     1,     1,    37,    2,     0,     1,      0,       1,        0,        0,         0,        0,         0,  202561.21875
2268,   2,   0, 0.9770834445953369 ,      3,     1,     1,    25,    2,     0,     1,      0,       0,        1,        0,         0,        0,         0,  505017.5
2269,   7,   0, 0.9770834445953369 ,     11,     0,     5,    18,    0,     0,     1,      0,       0,        1,        0,         0,        0,         0,  107612.84375
2270,   2,   0, 0.9770834445953369 ,      3,     0,     1,    28,    1,     0,     1,      0,       0,        1,        0,         0,        0,         0,  199419.953125
2271,   2,   0, 0.9770834445953369 ,     13,     1,     1,    39,    3,     0,     2,      0,       1,        1,        0,         0,        0,         0,  272160.875
2272,   2,   0, 0.9770834445953369 ,      4,     1,     1,    28,    1,     0,     0,      0,       1,        0,        0,         0,        0,         0,  559466.5
2273,   2,   0, 0.9770834445953369 ,      3,     0,     1,    23,    1,     0,     0,      0,       1,        0,        0,         0,        0,         0,  219826.078125
2274,   1,   0, 0.9770834445953369 ,      5,     1,     1,    36,    0,     0,     2,      0,       0,        2,        0,         0,        0,         0,  547654.1875
2275,   2,   0, 0.9770834445953369 ,      5,     1,     1,    46,    1,     0,     0,      0,       0,        0,        0,         0,        0,         0, 1689470.75
2276,   2,   0, 0.9770834445953369 ,      5,     1,     1,    30,    0,     0,     1,      0,       0,        1,        0,         0,        0,         0,  478321.40625
2277,   1,   0, 0.9770834445953369 ,      8,     1,     2,    34,    0,     0,     1,      0,       0,        0,        0,         0,        0,         0,  500050.0625
2278,   2,   0, 0.9770834445953369 ,      4,     0,     1,    19,    2,     0,     0,      0,       2,        0,        0,         0,        0,         0,  179592.53125
2279,   1,   0, 0.9770834445953369 ,      7,     1,     2,    36,    0,     0,     3,      0,       0,        2,        0,         0,        0,         0,  119794.9609375
2280,   2,   0, 0.9770834445953369 ,      4,     0,     1,    34,    0,     0,     3,      0,       0,        1,        0,         0,        0,         0,  438974.90625
2281,   2,   0, 0.9770834445953369 ,      4,     1,     1,    39,    1,     0,     0,      0,       1,        0,        0,         0,        0,         0, 1515162.75
2282,   2,   0, 0.9770834445953369 ,      8,     1,     1,    29,    1,     0,     2,      0,       0,        1,        0,         0,        0,         0,  224044.21875
2283,   2,   0, 0.9770834445953369 ,      5,     1,     2,    33,    1,     0,     0,      0,       0,        0,        0,         0,        0,         0,  254243.25
2284,   2,   0, 0.9770834445953369 ,      5,     1,     1,    30,    2,     0,     1,      0,       1,        0,        0,         0,        0,         0, 1142970.625
2285,   9,   0, 0.9770834445953369 ,      9,     1,     3,    18,    0,     0,     1,      0,       0,        1,        0,         0,        0,         0,  222616.84375
2286,   2,   0, 0.9770834445953369 ,      8,     1,     1,    34,    1,     0,     1,      0,       0,        1,        0,         0,        0,         0,  100318.125
2287,   7,   0, 0.9770834445953369 ,      9,     0,     2,    25,    1,     0,     1,      0,       1,        1,        0,         0,        0,         0,  133287.359375
2288,   2,   0, 0.9770834445953369 ,      5,     0,     1,    29,    1,     0,     2,      0,       1,        1,        0,         0,        0,         0,  288069.5625
2289,   2,   0, 0.9770834445953369 ,      5,     1,     1,    27,    1,     0,     1,      0,       0,        0,        0,         0,        0,         0,  309120.15625
2290,   2,   0, 0.9770834445953369 ,      5,     0,     2,    29,    1,     0,     0,      0,       1,        0,        0,         0,        0,         0,  240464.90625
2291,   2,   0, 0.9770834445953369 ,      9,     1,     3,    49,    1,     0,     0,      0,       0,        0,        0,         0,        0,         0,  251548.328125
2292,  17,   0, 0.9770834445953369 ,     16,     1,     4,    24,    1,     0,     0,      0,       1,        0,        0,         0,        0,         0,   91057.109375
2293,   7,   0, 0.9770834445953369 ,     10,     0,     2,    18,    1,     0,     0,      0,       1,        0,        0,         0,        0,         0,  122495.296875
2294,   7,   0, 0.9770834445953369 ,     10,     1,     2,    25,    1,     0,     0,      0,       1,        0,        0,         0,        0,         0,  113402.421875
2295,   2,   0, 0.9770834445953369 ,      5,     1,     1,    30,    4,     1,     0,      0,       2,        0,        0,         0,        1,         0,  205780.734375
2296,   1,   0, 0.9770834445953369 ,      2,     0,     1,    39,    0,     0,     1,      0,       0,        0,        0,         0,        0,         0,  256627.59375
2297,   1,   0, 0.9770834445953369 ,      5,     1,     4,    32,    1,     0,     0,      0,       0,        0,        0,         0,        0,         0,  607325.75
2298,   2,   0, 0.9770834445953369 ,      8,     1,     3,    19,    0,     0,     1,      0,       0,        1,        0,         0,        0,         0,  216570.875
2299,   2,   0, 0.9770834445953369 ,      6,     1,     1,    28,    2,     0,     1,      0,       1,        0,        0,         0,        0,         0,  403616.125
2300,   2,   0, 0.9770834445953369 ,      5,     1,     1,    22,    1,     0,     3,      2,       1,        2,        0,         1,        0,         2,  178690.953125
2301,   2,   0, 0.9770834445953369 ,      6,     0,     1,    25,    1,     0,     2,      0,       1,        1,        0,         0,        0,         0,  207137.125
2302,   2,   0, 0.9770834445953369 ,      7,     1,     1,    26,    2,     1,     2,      0,       2,        0,        1,         0,        1,         0,  145898.25
2303,   2,   0, 0.9770834445953369 ,      4,     0,     1,    37,    3,     1,     1,      0,       1,        1,        0,         0,        1,         0,  238109.8125
2304,   2,   0, 0.9770834445953369 ,      4,     0,     1,    26,    1,     1,     2,      0,       1,        1,        1,         0,        1,         0,  151212.265625
2305,   1,   0, 0.9770834445953369 ,      3,     0,     2,    44,    0,     0,     1,      0,       0,        0,        0,         0,        0,         0,  256069.578125
2306,   1,   0, 0.9770834445953369 ,      1,     0,     1,    44,    1,     0,     0,      0,       0,        0,        0,         0,        0,         0,  599021.25
2307,   2,   0, 0.9770834445953369 ,      4,     0,     1,    20,    1,     0,     0,      0,       1,        0,        0,         0,        0,         0,  122099.0859375
2308,   2,   0, 0.9770834445953369 ,      5,     0,     1,    35,    0,     0,     3,      0,       0,        2,        0,         0,        0,         0,  164536.9375
2309,   2,   0, 0.9770834445953369 ,      7,     1,     1,    35,    1,     0,     3,      0,       1,        2,        0,         0,        0,         0,  108920.015625
2310,   2,   0, 0.9770834445953369 ,      7,     1,     1,    26,    3,     0,     2,      2,       1,        0,        0,         0,        0,         2,  112667.7734375
2311,   2,   0, 0.9770834445953369 ,      5,     0,     1,    28,    2,     0,     1,      0,       2,        0,        0,         0,        0,         0,  133375.625
2312,   2,   0, 0.9770834445953369 ,      7,     0,     2,    43,    1,     0,     0,      0,       0,        0,        0,         0,        0,         0,  183014.90625
2313,   2,   0, 0.9770834445953369 ,      4,     1,     1,    36,    0,     0,     2,      0,       0,        2,        0,         0,        0,         0,  159805.671875
2314,   2,   0, 0.9770834445953369 ,     12,     0,     2,    40,    4,     0,     0,      0,       2,        0,        0,         0,        0,         0,  132057.671875
2315,   2,   0, 0.9770834445953369 ,      7,     1,     1,    37,    1,     0,     1,      0,       0,        1,        0,         0,        0,         0,  458547
2316,   2,   0, 0.9770834445953369 ,      3,     0,     1,    43,    0,     0,     1,      0,       0,        0,        0,         0,        0,         0,  459859.125
2317,   3,   0, 0.9770834445953369 ,     10,     0,     2,    22,    1,     0,     0,      0,       0,        0,        0,         0,        0,         0,  143314.703125
2318,   2,   0, 0.9770834445953369 ,      6,     0,     1,    42,    1,     0,     0,      0,       0,        0,        0,         0,        0,         0,  128520.6015625
2319,   1,   0, 0.9770834445953369 ,      2,     0,     1,    30,    0,     0,     2,      0,       0,        0,        0,         0,        0,         0,  203030.125
2320,   2,   0, 0.9770834445953369 ,      5,     0,     1,    29,    1,     0,     0,      0,       0,        0,        0,         0,        0,         0,  178623.9375
2321,   2,   0, 0.9770834445953369 ,      4,     0,     1,    18,    1,     0,     1,      0,       1,        1,        0,         0,        0,         0,  268298.59375
2322,   3,   0, 0.9770834445953369 ,      4,     0,     1,    21,    1,     0,     0,      0,       1,        0,        0,         0,        0,         0,  152890.75
2323,   2,   0, 0.8021734952926636 ,      6,     0,     1,    30,    2,     1,     2,      0,       1,        1,        0,         0,        1,         0,  138517.640625
2324,   2,   0, 0.8021734952926636 ,     17,     1,     3,    29,    2,     0,     1,      0,       1,        1,        0,         0,        0,         0,  326935.59375
2325,   2,   0, 0.8021734952926636 ,      8,     1,     3,    25,    0,     0,     2,      0,       0,        2,        0,         0,        0,         0,  281361.03125
2326,   2,   0, 0.8021734952926636 ,      3,     0,     1,    22,    0,     0,     1,      0,       0,        1,        0,         0,        0,         0,  136890.234375
2327,   2,   0, 0.8021734952926636 ,     20,     0,     3,    41,    3,     1,     3,      0,       1,        2,        0,         0,        1,         0,   64131.98046875
2328,   5,   0, 0.8021734952926636 ,     15,     1,     4,    29,    2,     1,     1,      0,       0,        0,        0,         0,        1,         0,  171250.40625
2329,   2,   0, 0.8021734952926636 ,     10,     0,     1,    37,    4,     0,     1,      0,       1,        1,        0,         0,        0,         0,   41852.26953125
2330,   2,   0, 0.8021734952926636 ,      9,     1,     2,    31,    1,     0,     2,      0,       0,        1,        0,         0,        0,         0,  111910.25
2331,   2,   0, 0.8021734952926636 ,      6,     0,     1,    30,    3,     0,     1,      0,       1,        1,        0,         0,        0,         0,   69223.3359375
2332,   2,   0, 0.8021734952926636 ,      3,     0,     1,    38,    0,     0,     1,      0,       0,        0,        0,         0,        0,         0,  182847.484375
2333,   2,   0, 0.8021734952926636 ,     15,     1,     2,    31,    0,     0,     2,      1,       0,        1,        0,         1,        0,         1,  243791.25
2334,   2,   0, 0.8021734952926636 ,      6,     1,     1,    23,    1,     0,     2,      0,       1,        1,        0,         0,        0,         0,  353412.34375
2335,   2,   0, 0.8021734952926636 ,     13,     1,     2,    27,    1,     0,     2,      0,       0,        1,        0,         0,        0,         0,  242319.21875
2336,   2,   0, 0.8021734952926636 ,      6,     1,     1,    25,    1,     0,     0,      0,       1,        0,        0,         0,        0,         0,  238448.203125
2337,   2,   0, 0.8021734952926636 ,      6,     1,     1,    32,    1,     0,     3,      0,       0,        2,        0,         0,        0,         0,  271472.0625
2338,   2,   0, 0.8021734952926636 ,     10,     1,     2,    36,    2,     1,     3,      0,       2,        1,        1,         0,        1,         0,   82764.8125
2339,   2,   0, 0.8021734952926636 ,      8,     1,     2,    43,    2,     0,     1,      0,       2,        0,        0,         0,        0,         0,  128204.2734375
2340,   2,   0, 0.8021734952926636 ,      5,     0,     1,    22,    1,     0,     2,      0,       1,        1,        0,         0,        0,         0,  115942.9375
2341,   2,   0, 0.8021734952926636 ,     10,     1,     1,    41,    4,     0,     0,      0,       2,        0,        0,         0,        0,         0,  312636.90625
2342,   3,   0, 0.8021734952926636 ,      6,     1,     2,    18,    0,     0,     1,      0,       0,        1,        0,         0,        0,         0,  307798.15625
2343,   3,   0, 0.8021734952926636 ,      4,     1,     1,    26,    2,     0,     0,      0,       1,        0,        0,         0,        0,         0,  182893.28125
2344,   2,   0, 0.8021734952926636 ,      5,     1,     1,    24,    0,     0,     3,      0,       0,        2,        0,         0,        0,         0,  107188.359375
2345,   2,   0, 0.8021734952926636 ,      5,     1,     1,    30,    1,     0,     0,      0,       1,        0,        0,         0,        0,         0,  224728.40625
2346,   2,   0, 0.8021734952926636 ,      8,     1,     1,    43,    1,     0,     1,      0,       0,        1,        0,         0,        0,         0,   95399.640625
2347,   2,   0, 0.8021734952926636 ,     12,     1,     2,    36,    0,     0,     2,      0,       0,        0,        0,         0,        0,         0,   99630.7890625
2348,   2,   0, 0.8021734952926636 ,     10,     1,     2,    39,    0,     0,     2,      0,       0,        1,        0,         0,        0,         0,  170588.265625
2349,   2,   0, 0.8021734952926636 ,      6,     1,     1,    26,    2,     0,     2,      0,       1,        1,        0,         0,        0,         0,  157985.84375
2350,   2,   0, 0.8021734952926636 ,      6,     1,     1,    25,    3,     0,     1,      0,       3,        0,        0,         0,        0,         0,  152373.40625
2351,   2,   0, 0.8021734952926636 ,      3,     1,     1,    20,    0,     0,     1,      0,       0,        1,        0,         0,        0,         0,  206023.703125
2352,   1,   0, 0.8021734952926636 ,      3,     1,     1,    36,    1,     0,     1,      0,       0,        0,        0,         0,        0,         0,  279394.46875
2353,   8,   0, 0.8021734952926636 ,      9,     0,     2,    40,    0,     0,     2,      0,       0,        0,        0,         0,        0,         0,  141523.421875
2354,   2,   0, 0.8021734952926636 ,      7,     0,     1,    31,    2,     0,     2,      0,       1,        1,        0,         0,        0,         0,  210237.78125
2355,   2,   0, 0.8021734952926636 ,      2,     0,     1,    45,    2,     0,     0,      0,       0,        0,        0,         0,        0,         0,  223987.375
2356,   5,   0, 0.8021734952926636 ,      7,     0,     1,    21,    1,     0,     1,      0,       1,        1,        0,         0,        0,         0,  108549.671875
2357,   3,   0, 0.8021734952926636 ,      8,     0,     3,    19,    1,     0,     0,      0,       1,        0,        0,         0,        0,         0,  170335.03125
2358,   2,   0, 0.8021734952926636 ,      4,     0,     1,    18,    1,     0,     0,      0,       1,        0,        0,         0,        0,         0,  166655.28125
2359,   7,   0, 0.8021734952926636 ,     11,     0,     2,    33,    1,     0,     2,      0,       0,        2,        0,         0,        0,         0,  122340.71875
2360,   2,   0, 0.8021734952926636 ,      4,     0,     1,    23,    0,     0,     2,      0,       0,        1,        0,         0,        0,         0,  112284.40625
2361,   5,   0, 0.8021734952926636 ,     16,     1,     3,    33,    0,     0,     2,      0,       0,        1,        0,         0,        0,         0,  222956.984375
2362,   1,   0, 0.8021734952926636 ,      1,     0,     1,    48,    1,     0,     0,      0,       0,        0,        0,         0,        0,         0,  259532.65625
2363,   4,   0, 0.8021734952926636 ,      6,     0,     1,    18,    1,     0,     1,      0,       1,        1,        0,         0,        0,         0,   81828.6953125
2364,   2,   0, 0.8021734952926636 ,      6,     1,     1,    18,    1,     0,     0,      0,       1,        0,        0,         0,        0,         0,  283715.96875
2365,   2,   0, 0.8021734952926636 ,      5,     1,     1,    33,    0,     0,     3,      1,       0,        1,        0,         1,        0,         1,  214298.75
2366,   2,   0, 0.8021734952926636 ,      7,     0,     1,    29,    2,     0,     1,      0,       1,        0,        0,         0,        0,         0,   96307.6640625
2367,   1,   0, 0.8021734952926636 ,      8,     1,     5,    35,    2,     0,     1,      0,       1,        0,        0,         0,        0,         0,  199645.515625
2368,   2,   0, 0.8021734952926636 ,     11,     1,     1,    38,    4,     0,     1,      0,       2,        1,        0,         0,        0,         0,  299553.5625
2369,   3,   0, 0.8021734952926636 ,     15,     0,     2,    46,    2,     0,     1,      0,       1,        0,        0,         0,        0,         0,  110498.515625
2370,   2,   0, 0.8021734952926636 ,      3,     1,     1,    18,    1,     0,     0,      0,       1,        0,        0,         0,        0,         0,  147383.4375
2371,   1,   0, 0.8021734952926636 ,      5,     0,     1,    26,    2,     0,     2,      0,       1,        1,        0,         0,        0,         0,   81711.6328125
2372,   6,   0, 0.8021734952926636 ,      8,     1,     2,    28,    1,     0,     1,      0,       0,        1,        0,         0,        0,         0,  190050.09375
2373,   3,   0, 0.8021734952926636 ,      8,     0,     4,    22,    1,     0,     0,      0,       1,        0,        0,         0,        0,         0,  118640.46875
2374,   1,   0, 0.8021734952926636 ,      6,     0,     1,    43,    1,     0,     1,      0,       0,        1,        0,         0,        0,         0,   88028.8203125
2375,   2,   0, 0.8021734952926636 ,      5,     1,     1,    32,    3,     0,     1,      0,       2,        0,        0,         0,        0,         0,  142094.890625
2376,   1,   0, 0.8021734952926636 ,      9,     1,     2,    38,    0,     0,     2,      0,       0,        1,        0,         0,        0,         0,   64851.27734375
2377,   4,   0, 0.8021734952926636 ,     16,     0,     5,    27,    1,     0,     2,      0,       1,        1,        0,         0,        0,         0,   75823.328125
2378,   2,   0, 0.8021734952926636 ,      8,     0,     3,    27,    0,     0,     3,      0,       0,        2,        0,         0,        0,         0,   63214.07421875
2379,   2,   0, 0.8021734952926636 ,      4,     0,     1,    24,    1,     0,     1,      0,       1,        1,        0,         0,        0,         0,  131017.953125
2380,   2,   0, 0.8021734952926636 ,      4,     0,     2,    22,    0,     0,     1,      0,       0,        1,        0,         0,        0,         0,  143907.359375
2381,   2,   0, 0.8021734952926636 ,      3,     0,     1,    32,    0,     0,     1,      0,       0,        1,        0,         0,        0,         0,  247468.171875
2382,   1,   0, 0.8021734952926636 ,      2,     0,     1,    28,    0,     0,     3,      0,       0,        2,        0,         0,        0,         0,  161320.515625
2383,   2,   0, 0.8021734952926636 ,      5,     0,     1,    27,    2,     0,     1,      0,       0,        1,        0,         0,        0,         0,  133187.3125
2384,   2,   0, 0.8021734952926636 ,      5,     0,     1,    24,    1,     0,     1,      0,       1,        1,        0,         0,        0,         0,   76704.6015625
2385,   1,   0, 0.8021734952926636 ,      1,     0,     1,    30,    1,     0,     0,      0,       0,        0,        0,         0,        0,         0,  568456.3125
2386,   2,   0, 0.8021734952926636 ,     10,     1,     3,    27,    4,     0,     0,      0,       2,        0,        0,         0,        0,         0,  112693.015625
2387,   2,   0, 0.8021734952926636 ,      7,     1,     1,    31,    1,     0,     1,      0,       1,        1,        0,         0,        0,         0,  106823.1171875
2388,   2,   0, 0.8021734952926636 ,      5,     0,     1,    29,    3,     0,     0,      0,       2,        0,        0,         0,        0,         0,  162655.140625
2389,   2,   0, 0.8021734952926636 ,      3,     1,     1,    25,    1,     0,     1,      1,       1,        0,        0,         0,        0,         1,  233288.0625
2390,   5,   0, 0.8021734952926636 ,      9,     0,     1,    46,    1,     0,     3,      0,       0,        1,        0,         0,        0,         0,  126542.6953125
2391,   9,   0, 0.8021734952926636 ,      8,     0,     3,    45,    1,     0,     0,      0,       0,        0,        0,         0,        0,         0,  123595.9609375
2392,   3,   0, 0.8021734952926636 ,      5,     0,     3,    21,    0,     0,     2,      1,       0,        2,        0,         1,        0,         1,  248900.703125
2393,   9,   0, 0.8021734952926636 ,     12,     1,     3,    19,    0,     0,     1,      0,       0,        1,        0,         0,        0,         0,  140595.625
2394,   2,   0, 0.8021734952926636 ,      7,     1,     1,    33,    1,     0,     1,      0,       0,        0,        0,         0,        0,         0,  330872.3125
2395,   2,   0, 0.8021734952926636 ,      6,     1,     1,    21,    0,     0,     4,      0,       0,        2,        0,         0,        0,         0,  126005.65625
2396,   2,   0, 0.8021734952926636 ,      4,     0,     1,    28,    0,     0,     2,      0,       0,        1,        0,         0,        0,         0,  146483.96875
2397,   2,   0, 0.8021734952926636 ,     12,     0,     2,    26,    2,     0,     2,      0,       2,        1,        0,         0,        0,         0,   64300.59765625
2398,   2,   0, 0.8021734952926636 ,      5,     0,     1,    22,    2,     0,     1,      0,       2,        0,        0,         0,        0,         0,  343322.78125
2399,   2,   0, 0.8021734952926636 ,      5,     1,     1,    29,    2,     0,     1,      0,       2,        0,        0,         0,        0,         0,  114806.8984375
2400,   2,   0, 0.8021734952926636 ,      7,     1,     1,    18,    2,     0,     0,      0,       2,        0,        0,         0,        0,         0,  365034.71875
2401,   2,   0, 0.8021734952926636 ,     11,     1,     1,    25,    4,     0,     2,      0,       1,        2,        0,         0,        0,         0,  194579.609375
2402,   6,   0, 0.8021734952926636 ,      9,     1,     2,    21,    0,     0,     1,      0,       0,        1,        0,         0,        0,         0,  282176.1875
2403,   2,   0, 0.8021734952926636 ,      5,     1,     1,    20,    1,     0,     0,      0,       1,        0,        0,         0,        0,         0,  374133.9375
2404,   2,   0, 0.8021734952926636 ,      7,     1,     1,    27,    2,     1,     2,      0,       1,        0,        0,         0,        1,         0,  191098.609375
2405,   2,   0, 0.8021734952926636 ,     12,     0,     2,    38,    2,     0,     2,      0,       2,        0,        0,         0,        0,         0,  116206.71875
2406,   2,   0, 0.8021734952926636 ,      6,     1,     2,    21,    0,     0,     2,      0,       0,        2,        0,         0,        0,         0,  262793.3125
2407,   2,   0, 0.8021734952926636 ,      6,     1,     1,    29,    0,     0,     2,      0,       0,        1,        0,         0,        0,         0,  149456.9375
2408,   2,   0, 0.8021734952926636 ,      4,     0,     1,    24,    2,     0,     0,      0,       2,        0,        0,         0,        0,         0,  106741.875
2409,   2,   0, 0.8021734952926636 ,      5,     1,     1,    26,    3,     0,     1,      0,       1,        0,        0,         0,        0,         0,  282340.875
2410,   1,   0, 0.8021734952926636 ,      4,     1,     1,    28,    2,     0,     1,      0,       0,        1,        0,         0,        0,         0,  151373.109375
2411,   1,   0, 0.8021734952926636 ,      5,     0,     1,    44,    0,     0,     3,      0,       0,        1,        0,         0,        0,         0,   60697.1328125
2412,   5,   0, 0.8021734952926636 ,      6,     1,     2,    22,    1,     0,     0,      0,       1,        0,        0,         0,        0,         0,  124456.96875
2413,   2,   0, 0.8021734952926636 ,     12,     0,     3,    40,    2,     0,     1,      0,       1,        1,        0,         0,        0,         0,   89970.5234375
2414,   2,   0, 0.8021734952926636 ,      8,     0,     3,    32,    0,     0,     3,      0,       0,        1,        0,         0,        0,         0,  222833.71875
2415,   2,   0, 0.8021734952926636 ,      4,     0,     1,    37,    1,     0,     1,      1,       0,        1,        0,         1,        0,         1,  162852.078125
2416,   1,   0, 0.8021734952926636 ,      1,     0,     1,    35,    0,     0,     1,      0,       0,        1,        0,         0,        0,         0,  497125.1875
2417,   8,   0, 0.8021734952926636 ,      8,     1,     2,    22,    0,     0,     1,      1,       0,        0,        0,         0,        0,         1,   88960.75
2418,   1,   0, 0.8021734952926636 ,      1,     0,     1,    28,    0,     0,     1,      0,       0,        0,        0,         0,        0,         0,  330325.71875
2419,   1,   0, 0.8021734952926636 ,      6,     0,     2,    43,    2,     0,     0,      0,       1,        0,        0,         0,        0,         0,  142489.203125
2420,   1,   0, 0.8021734952926636 ,      8,     1,     1,    36,    0,     0,     4,      0,       0,        1,        0,         0,        0,         0,   97575.9765625
2421,   2,   1, 1.165061593055725  ,     11,     0,     2,    42,    2,     0,     0,      0,       0,        0,        0,         0,        0,         0,   74870.6484375
2422,   2,   1, 1.165061593055725  ,      8,     1,     1,    28,    2,     0,     3,      0,       1,        2,        0,         0,        0,         0,  131740.890625
2423,   5,   1, 1.165061593055725  ,     14,     1,     3,    38,    2,     0,     1,      0,       0,        0,        0,         0,        0,         0,   49854.69921875
2424,   2,   1, 1.165061593055725  ,      7,     1,     1,    29,    2,     0,     2,      0,       1,        1,        0,         0,        0,         0,   89643.5390625
2425,   2,   1, 1.165061593055725  ,      4,     1,     1,    19,    0,     0,     2,      0,       0,        2,        0,         0,        0,         0,  281227.71875
2426,   2,   1, 1.165061593055725  ,     10,     1,     1,    38,    2,     0,     1,      0,       1,        0,        0,         0,        0,         0,  230364.078125
2427,   2,   1, 1.165061593055725  ,      9,     0,     2,    40,    1,     0,     2,      0,       1,        1,        0,         0,        0,         0,  148362.09375
2428,   2,   1, 1.165061593055725  ,      7,     1,     1,    28,    1,     0,     3,      0,       1,        2,        0,         0,        0,         0,  113962.8671875
2429,   9,   1, 1.165061593055725  ,     10,     0,     1,    18,    1,     0,     0,      0,       1,        0,        0,         0,        0,         0,  137920.984375
2430,   2,   1, 1.165061593055725  ,      7,     1,     1,    25,    2,     0,     3,      0,       1,        1,        0,         0,        0,         0,   83574.953125
2431,   3,   1, 1.165061593055725  ,      5,     0,     2,    35,    0,     0,     1,      0,       0,        1,        0,         0,        0,         0,  129524.9609375
2432,   2,   1, 1.165061593055725  ,      7,     1,     1,    46,    0,     0,     1,      0,       0,        0,        0,         0,        0,         0,  262246
2433,   2,   1, 1.165061593055725  ,      8,     0,     1,    48,    0,     0,     2,      0,       0,        1,        0,         0,        0,         0,   91756.4375
2434,   2,   1, 1.165061593055725  ,     11,     0,     3,    30,    3,     1,     0,      0,       2,        0,        1,         0,        1,         0,  232928.109375
2435,   2,   1, 1.165061593055725  ,      6,     0,     1,    48,    1,     0,     1,      0,       0,        0,        0,         0,        0,         0,  150316.6875
2436,   2,   1, 1.165061593055725  ,      9,     1,     1,    24,    2,     0,     0,      0,       1,        0,        0,         0,        0,         0,  149802.46875
2437,   2,   1, 1.165061593055725  ,      5,     1,     1,    25,    2,     0,     0,      0,       1,        0,        0,         0,        0,         0,  126182.109375
2438,   2,   1, 1.165061593055725  ,      7,     1,     1,    34,    3,     0,     2,      1,       1,        0,        0,         0,        0,         1,  118509.8046875
2439,   2,   1, 1.165061593055725  ,      6,     0,     1,    31,    2,     0,     2,      0,       2,        0,        0,         0,        0,         0,   72559.828125
2440,   4,   1, 1.165061593055725  ,      8,     0,     2,    31,    0,     0,     1,      0,       0,        0,        0,         0,        0,         0,  100714.8828125
2441,   2,   1, 1.165061593055725  ,      4,     1,     1,    48,    1,     0,     0,      0,       0,        0,        0,         0,        0,         0,  329402.59375
2442,   2,   1, 1.165061593055725  ,      7,     0,     1,    34,    1,     0,     2,      0,       0,        1,        0,         0,        0,         0,   71596.515625
2443,   2,   1, 1.165061593055725  ,      8,     0,     1,    36,    1,     0,     3,      0,       0,        2,        0,         0,        0,         0,   66089.875
2444,   2,   1, 1.165061593055725  ,      4,     1,     1,    26,    3,     2,     1,      0,       0,        1,        0,         0,        2,         0,  392307.65625
2445,   2,   1, 1.165061593055725  ,      8,     0,     2,    21,    1,     0,     2,      1,       1,        2,        0,         1,        0,         1,   81887.90625
2446,   2,   1, 1.165061593055725  ,      4,     1,     1,    21,    1,     1,     0,      0,       1,        0,        1,         0,        1,         0,  283963.375
2447,   7,   1, 1.165061593055725  ,      9,     0,     3,    23,    1,     0,     1,      0,       1,        1,        0,         0,        0,         0,   56456.9921875
2448,   3,   1, 1.165061593055725  ,      6,     0,     1,    32,    1,     0,     1,      0,       1,        0,        0,         0,        0,         0,  226384.015625
2449,   2,   1, 1.165061593055725  ,      9,     1,     1,    26,    2,     0,     4,      2,       2,        1,        0,         1,        0,         2,  108326.015625
2450,   2,   1, 1.165061593055725  ,     10,     1,     1,    28,    0,     0,     2,      0,       0,        1,        0,         0,        0,         0,  235218.46875
2451,   1,   1, 1.165061593055725  ,      4,     1,     1,    24,    2,     0,     1,      0,       1,        1,        0,         0,        0,         0,   94348.84375
2452,   2,   1, 1.165061593055725  ,      5,     1,     1,    35,    2,     0,     1,      0,       0,        1,        0,         0,        0,         0,  126932.9765625
2453,   2,   1, 1.165061593055725  ,      8,     1,     1,    29,    2,     0,     3,      1,       1,        2,        0,         0,        0,         1,   61002.48046875
2454,   4,   1, 1.165061593055725  ,      8,     0,     1,    30,    3,     0,     2,      0,       0,        2,        0,         0,        0,         0,   75757.59375
2455,   3,   1, 1.165061593055725  ,      9,     0,     1,    25,    1,     0,     2,      0,       1,        2,        0,         0,        0,         0,  135750.421875
2456,   4,   1, 1.165061593055725  ,     13,     0,     2,    20,    1,     0,     1,      0,       1,        1,        0,         0,        0,         0,   52344.796875
2457,   2,   1, 1.165061593055725  ,      6,     1,     1,    26,    0,     0,     3,      0,       0,        2,        0,         0,        0,         0,   91978.5859375
2458,   2,   1, 1.165061593055725  ,      5,     1,     1,    37,    0,     0,     1,      0,       0,        1,        0,         0,        0,         0,  119359.640625
2459,   2,   1, 1.165061593055725  ,      5,     1,     1,    35,    1,     0,     2,      0,       1,        1,        0,         0,        0,         0,  102541.21875
2460,   2,   1, 1.165061593055725  ,      6,     0,     1,    44,    6,     0,     2,      2,       0,        2,        0,         2,        0,         2,   75433.0625
2461,   6,   1, 1.165061593055725  ,     15,     0,     6,    45,    4,     0,     6,      0,       0,        2,        0,         0,        0,         0,   65292.21484375
2462,   4,   1, 1.165061593055725  ,     11,     0,     2,    20,    0,     0,     1,      0,       0,        1,        0,         0,        0,         0,   65023.07421875
2463,   2,   1, 1.165061593055725  ,      8,     0,     2,    32,    2,     2,     2,      0,       0,        0,        0,         0,        2,         0,   80818.4765625
2464,   4,   1, 1.165061593055725  ,     10,     0,     2,    28,    0,     0,     1,      0,       0,        1,        0,         0,        0,         0,   55819.54296875
2465,   2,   1, 1.165061593055725  ,      3,     0,     1,    21,    1,     0,     0,      0,       1,        0,        0,         0,        0,         0,  165137.546875
2466,   3,   1, 1.165061593055725  ,      6,     0,     1,    18,    0,     0,     2,      0,       0,        2,        0,         0,        0,         0,  126999.3984375
2467,   2,   1, 1.165061593055725  ,      5,     0,     1,    36,    3,     1,     0,      0,       0,        0,        0,         0,        1,         0,  128914.5625
2468,   2,   1, 1.165061593055725  ,      4,     0,     2,    33,    1,     0,     2,      0,       0,        1,        0,         0,        0,         0,  202089.796875
2469,   2,   1, 1.165061593055725  ,      8,     1,     2,    35,    1,     0,     2,      0,       1,        1,        0,         0,        0,         0,   91396.6328125
2470,   5,   1, 1.165061593055725  ,     10,     0,     2,    22,    0,     0,     2,      0,       0,        2,        0,         0,        0,         0,   96220.9375
2471,   2,   1, 1.165061593055725  ,      7,     0,     1,    40,    1,     0,     0,      0,       0,        0,        0,         0,        0,         0,  134207.0625
2472,   2,   1, 1.165061593055725  ,      6,     0,     1,    38,    4,     0,     1,      0,       1,        1,        0,         0,        0,         0,  159461.546875
2473,   2,   1, 1.165061593055725  ,      6,     0,     1,    25,    1,     0,     2,      0,       1,        1,        0,         0,        0,         0,  169133.140625
2474,   2,   1, 1.165061593055725  ,      9,     0,     2,    38,    2,     0,     2,      0,       0,        1,        0,         0,        0,         0,  126082.3046875
2475,   4,   1, 1.165061593055725  ,      8,     0,     1,    17,    1,     0,     0,      0,       1,        0,        0,         0,        0,         0,  107611.2265625
2476,   3,   1, 1.165061593055725  ,      4,     0,     1,    18,    0,     0,     1,      0,       0,        1,        0,         0,        0,         0,  262533.8125
2477,   2,   1, 1.165061593055725  ,      7,     0,     1,    34,    4,     0,     0,      0,       1,        0,        0,         0,        0,         0,  163993.09375
2478,   4,   1, 1.165061593055725  ,      6,     0,     1,    24,    2,     0,     0,      0,       2,        0,        0,         0,        0,         0,  183171.078125
2479,   2,   1, 1.165061593055725  ,      8,     1,     2,    26,    2,     0,     0,      0,       1,        0,        0,         0,        0,         0,  100811.3515625
2480,   2,   1, 1.165061593055725  ,      7,     0,     1,    43,    3,     1,     1,      0,       2,        0,        0,         0,        1,         0,  222658.21875
2481,   2,   1, 1.165061593055725  ,      8,     0,     1,    46,    3,     1,     1,      0,       1,        1,        0,         0,        1,         0,  119043.1328125
2482,   2,   1, 1.165061593055725  ,      4,     0,     1,    46,    0,     0,     1,      0,       0,        0,        0,         0,        0,         0,  259481.828125
2483,   3,   1, 1.165061593055725  ,      9,     0,     1,    31,    2,     0,     2,      0,       1,        1,        0,         0,        0,         0,   78600.390625
2484,   2,   1, 1.165061593055725  ,      5,     1,     1,    21,    2,     0,     1,      0,       1,        1,        0,         0,        0,         0,  151774.15625
2485,   4,   1, 1.165061593055725  ,      6,     0,     1,    19,    0,     0,     1,      0,       0,        1,        0,         0,        0,         0,   84866.1171875
2486,   2,   1, 1.165061593055725  ,      5,     0,     1,    25,    3,     1,     2,      1,       3,        0,        1,         0,        1,         1,   88099.4375
2487,   2,   1, 1.165061593055725  ,      3,     0,     1,    19,    1,     0,     0,      0,       1,        0,        0,         0,        0,         0,   96182.5546875
2488,   2,   1, 1.165061593055725  ,      7,     0,     1,    34,    5,     3,     1,      0,       2,        1,        1,         0,        3,         0,   44990.7734375
2489,   1,   1, 1.165061593055725  ,      4,     0,     1,    21,    2,     0,     1,      0,       1,        1,        0,         0,        0,         0,   81010.859375
2490,   1,   1, 1.165061593055725  ,      3,     0,     1,    23,    2,     0,     1,      0,       0,        1,        0,         0,        0,         0,  110753.3359375
2491,   6,   1, 1.165061593055725  ,      8,     1,     2,    28,    1,     0,     1,      0,       1,        1,        0,         0,        0,         0,   38904.33203125
2492,   2,   1, 1.165061593055725  ,      6,     0,     2,    21,    2,     0,     1,      0,       1,        1,        0,         0,        0,         0,  209325.453125
2493,   2,   1, 1.165061593055725  ,      3,     0,     1,    35,    0,     0,     1,      0,       0,        0,        0,         0,        0,         0,  102188.5
2494,   2,   1, 1.165061593055725  ,      6,     0,     1,    20,    0,     0,     2,      0,       0,        2,        0,         0,        0,         0,   82456.3828125
2495,   2,   1, 1.165061593055725  ,      8,     0,     1,    39,    2,     0,     3,      0,       1,        1,        0,         0,        0,         0,   47434.3046875
2496,   2,   1, 1.165061593055725  ,     10,     0,     2,    40,    1,     0,     0,      0,       0,        0,        0,         0,        0,         0,   71750.4375
2497,   9,   1, 1.165061593055725  ,     10,     0,     2,    45,    0,     0,     1,      0,       0,        1,        0,         0,        0,         0,   56377.2734375
2498,   6,   1, 1.165061593055725  ,     11,     0,     4,    23,    1,     0,     1,      1,       1,        0,        0,         0,        0,         1,   65235.28515625
2499,   2,   1, 1.165061593055725  ,      9,     0,     1,    43,    2,     1,     1,      0,       1,        1,        1,         0,        1,         0,   63395.46484375
2500,   7,   1, 1.165061593055725  ,      8,     1,     2,    37,    0,     0,     2,      1,       0,        0,        0,         0,        0,         1,  126130.265625
2501,   2,   1, 1.165061593055725  ,      6,     0,     1,    28,    4,     1,     2,      2,       2,        1,        0,         1,        1,         2,   69506.1953125
2502,   5,   1, 1.165061593055725  ,      8,     0,     1,    40,    1,     0,     3,      0,       1,        1,        0,         0,        0,         0,   65647.5625
2503,   8,   1, 1.165061593055725  ,     20,     0,     4,    28,    3,     2,     1,      0,       1,        1,        0,         0,        2,         0,  153099.140625
2504,   3,   1, 1.165061593055725  ,     11,     0,     3,    23,    0,     0,     4,      0,       0,        2,        0,         0,        0,         0,   92714.5703125
2505,   3,   1, 1.165061593055725  ,     13,     0,     2,    31,    2,     0,     2,      0,       1,        0,        0,         0,        0,         0,   78164.1640625
2506,   2,   1, 1.165061593055725  ,      3,     0,     1,    48,    0,     0,     1,      0,       0,        0,        0,         0,        0,         0,  201745.140625
2507,   2,   1, 1.165061593055725  ,     13,     0,     2,    27,    4,     1,     0,      0,       3,        0,        0,         0,        1,         0,   89449.40625
2508,   9,   1, 1.165061593055725  ,     11,     0,     5,    18,    1,     0,     0,      0,       1,        0,        0,         0,        0,         0,  177197.421875
2509,   2,   1, 1.165061593055725  ,      3,     0,     1,    16,    1,     0,     0,      0,       1,        0,        0,         0,        0,         0,  244206.640625
2510,   2,   1, 1.165061593055725  ,     18,     0,     5,    31,    1,     0,     2,      1,       0,        1,        0,         0,        0,         1,  152901.546875
2511,   9,   1, 1.165061593055725  ,     11,     0,     5,    35,    1,     1,     0,      0,       0,        0,        0,         0,        0,         0,  257797.9375
2512,   3,   1, 1.165061593055725  ,      5,     0,     1,    26,    0,     0,     1,      0,       0,        0,        0,         0,        0,         0,   97457.7109375
2513,  10,   1, 1.165061593055725  ,     11,     0,     3,    27,    1,     0,     1,      1,       0,        0,        0,         0,        0,         1,  234244.4375
2514,   2,   1, 1.165061593055725  ,      7,     0,     1,    36,    1,     0,     3,      1,       1,        1,        0,         0,        0,         1,  237393.703125
2515,  13,   1, 1.165061593055725  ,     17,     0,     3,    26,    3,     1,     0,      0,       1,        0,        0,         0,        1,         0,  174478.578125
2516,   2,   1, 1.165061593055725  ,      4,     1,     1,    20,    2,     0,     0,      0,       2,        0,        0,         0,        0,         0,  129659.953125
2517,   8,   1, 1.165061593055725  ,     14,     1,     2,    24,    4,     2,     0,      0,       3,        0,        1,         0,        2,         0,  150348.015625
2518,   2,   1, 1.165061593055725  ,      7,     0,     1,    49,    1,     0,     2,      0,       1,        1,        0,         0,        0,         0,  137821.125
2519,   7,   1, 1.165061593055725  ,      8,     0,     3,    40,    3,     0,     1,      0,       2,        0,        0,         0,        0,         0,  168239.515625
2520,   2,   1, 1.165061593055725  ,      8,     0,     1,    26,    1,     0,     4,      1,       1,        2,        0,         0,        0,         1,  109538.59375
2521,   1,   1, 1.165061593055725  ,      6,     0,     1,    33,    3,     0,     2,      0,       1,        1,        0,         0,        0,         0,   67245.8046875
2522,   2,   1, 1.165061593055725  ,      3,     0,     1,    18,    1,     0,     0,      0,       1,        0,        0,         0,        0,         0,  205185.6875
2523,   2,   1, 1.165061593055725  ,     13,     0,     2,    40,    0,     0,     1,      0,       0,        1,        0,         0,        0,         0,   70139.3984375
2524,   9,   1, 1.165061593055725  ,     12,     0,     3,    16,    1,     0,     0,      0,       1,        0,        0,         0,        0,         0,  133247.21875
2525,   2,   1, 1.165061593055725  ,      9,     0,     2,    45,    2,     0,     2,      0,       0,        2,        0,         0,        0,         0,  111113.8203125
2526,   3,   1, 1.165061593055725  ,      9,     0,     2,    48,    0,     0,     2,      0,       0,        1,        0,         0,        0,         0,  176014.265625
2527,   3,   1, 1.165061593055725  ,      8,     0,     2,    29,    1,     0,     3,      0,       1,        1,        0,         0,        0,         0,   97136.6484375
2528,   8,   1, 1.165061593055725  ,      8,     1,     2,    26,    2,     2,     0,      0,       1,        0,        1,         0,        2,         0,  260627.46875
2529,   5,   1, 1.165061593055725  ,      6,     1,     1,    21,    0,     0,     1,      0,       0,        1,        0,         0,        0,         0,  138274.171875
2530,   1,   1, 1.165061593055725  ,      2,     1,     1,    34,    2,     0,     0,      0,       1,        0,        0,         0,        0,         0, 2599964.75
2531,   2,   1, 1.165061593055725  ,      8,     0,     1,    44,    1,     0,     0,      0,       0,        0,        0,         0,        0,         0,  156154.703125
2532,   2,   1, 1.165061593055725  ,      5,     1,     1,    30,    1,     0,     2,      0,       1,        0,        0,         0,        0,         0,  118741.734375
2533,   2,   1, 1.165061593055725  ,      5,     0,     1,    43,    3,     0,     1,      0,       1,        0,        0,         0,        0,         0,  256590.453125
2534,   4,   1, 1.165061593055725  ,     10,     0,     2,    33,    1,     0,     1,      0,       1,        1,        0,         0,        0,         0,  109212.3515625
2535,   6,   1, 1.165061593055725  ,      6,     0,     2,    20,    0,     0,     1,      0,       0,        1,        0,         0,        0,         0,   98516.40625
2536,   3,   1, 1.165061593055725  ,      9,     0,     2,    30,    0,     0,     1,      0,       0,        0,        0,         0,        0,         0,  106412.828125
2537,   2,   1, 1.165061593055725  ,      5,     1,     1,    25,    1,     0,     1,      0,       1,        0,        0,         0,        0,         0,  114467.8515625
2538,   2,   1, 1.165061593055725  ,     10,     0,     1,    29,    4,     1,     1,      0,       3,        0,        1,         0,        1,         0,  143743.625
2539,   2,   1, 1.165061593055725  ,      8,     0,     2,    35,    0,     0,     3,      0,       0,        2,        0,         0,        0,         0,   47258.8515625
2540,   2,   1, 1.165061593055725  ,      9,     1,     1,    27,    3,     0,     1,      0,       2,        0,        0,         0,        0,         0,   88163.3203125
2541,   6,   1, 1.165061593055725  ,      7,     1,     2,    45,    1,     0,     0,      0,       0,        0,        0,         0,        0,         0,  121833.015625
2542,   2,   1, 1.165061593055725  ,     11,     1,     2,    38,    2,     0,     0,      0,       1,        0,        0,         0,        0,         0,  174380.3125
2543,  14,   1, 1.165061593055725  ,     14,     0,     6,    25,    0,     0,     1,      0,       0,        1,        0,         0,        0,         0,  154254.21875
2544,   5,   1, 1.165061593055725  ,      6,     0,     3,    31,    2,     0,     0,      0,       1,        0,        0,         0,        0,         0,  168731.4375
2545,   4,   1, 1.165061593055725  ,      8,     1,     2,    49,    3,     0,     0,      0,       1,        0,        0,         0,        0,         0,  117787.8984375
2546,   2,   1, 1.165061593055725  ,      5,     0,     1,    47,    0,     0,     1,      0,       0,        0,        0,         0,        0,         0,   76371.4921875
2547,   2,   1, 1.165061593055725  ,      6,     0,     1,    27,    1,     0,     3,      0,       0,        2,        0,         0,        0,         0,   80718.6953125
2548,   2,   1, 1.165061593055725  ,      7,     0,     2,    18,    1,     1,     0,      0,       1,        0,        1,         0,        1,         0,   43061.26953125
2549,   2,   1, 1.165061593055725  ,     10,     0,     2,    39,    3,     0,     2,      0,       2,        1,        0,         0,        0,         0,  183175.3125
2550,   4,   1, 1.165061593055725  ,      7,     0,     1,    31,    3,     0,     1,      0,       2,        0,        0,         0,        0,         0,   51168.41796875
2551,   3,   1, 1.165061593055725  ,      6,     0,     2,    42,    1,     1,     0,      0,       0,        0,        0,         0,        1,         0,   66724.265625
2552,   2,   1, 1.165061593055725  ,      5,     0,     1,    38,    2,     0,     2,      0,       0,        1,        0,         0,        0,         0,   88455.6875
2553,   2,   1, 1.165061593055725  ,      5,     0,     1,    36,    2,     0,     2,      0,       1,        1,        0,         0,        0,         0,  100326.4765625
2554,   4,   1, 1.165061593055725  ,      6,     0,     1,    21,    2,     1,     2,      1,       1,        1,        0,         0,        1,         1,   48550.39453125
2555,   2,   1, 1.165061593055725  ,      8,     0,     1,    26,    2,     0,     2,      0,       2,        0,        0,         0,        0,         0,   40107.9375
2556,   5,   1, 1.165061593055725  ,     10,     0,     2,    40,    1,     0,     2,      0,       1,        0,        0,         0,        0,         0,   94849.71875
2557,   2,   1, 1.165061593055725  ,      4,     0,     1,    23,    1,     0,     1,      0,       1,        1,        0,         0,        0,         0,   62604.62890625
2558,   2,   1, 1.165061593055725  ,     15,     0,     3,    31,    1,     0,     2,      0,       0,        1,        0,         0,        0,         0,   90073.609375
2559,   2,   1, 1.165061593055725  ,      5,     0,     1,    41,    2,     0,     0,      0,       2,        0,        0,         0,        0,         0,   64040.40625
2560,   6,   1, 1.165061593055725  ,     11,     0,     1,    37,    2,     1,     3,      1,       0,        1,        0,         0,        1,         1,   61715.16015625
2561,  15,   1, 1.165061593055725  ,     19,     0,     5,    18,    1,     1,     1,      0,       1,        1,        1,         0,        1,         0,  138904.015625
2562,   2,   1, 1.165061593055725  ,      8,     0,     1,    32,    1,     0,     3,      0,       1,        1,        0,         0,        0,         0,   55071.4296875
2563,   2,   1, 1.165061593055725  ,      5,     0,     3,    38,    2,     2,     2,      2,       1,        1,        1,         1,        2,         2,  114813.8515625
2564,   6,   1, 1.165061593055725  ,      7,     0,     1,    19,    1,     0,     1,      1,       1,        1,        0,         1,        0,         1,   68305.7421875
2565,  11,   1, 1.165061593055725  ,     15,     0,     4,    24,    0,     0,     2,      0,       0,        2,        0,         0,        0,         0,   45921.171875
2566,   2,   1, 1.165061593055725  ,     12,     0,     3,    40,    3,     0,     2,      0,       2,        1,        0,         0,        0,         0,   56078.37109375
2567,   8,   1, 1.165061593055725  ,     11,     0,     2,    19,    0,     0,     1,      0,       0,        1,        0,         0,        0,         0,   60258.21484375
2568,   2,   1, 1.165061593055725  ,      6,     0,     1,    46,    1,     0,     0,      0,       0,        0,        0,         0,        0,         0,   47058.51171875
2569,   2,   1, 1.165061593055725  ,      7,     0,     2,    42,    1,     0,     3,      1,       0,        2,        0,         1,        0,         1,   30943.48046875
2570,   6,   1, 1.165061593055725  ,     10,     0,     2,    31,    1,     0,     2,      1,       0,        2,        0,         1,        0,         1,   78378.0859375
2571,   4,   1, 1.165061593055725  ,      9,     0,     1,    31,    0,     0,     3,      0,       0,        1,        0,         0,        0,         0,   82748.1796875
2572,   2,   1, 1.165061593055725  ,      7,     0,     1,    25,    3,     0,     1,      0,       2,        0,        0,         0,        0,         0,   55290.01953125
2573,   4,   1, 1.165061593055725  ,      8,     0,     1,    41,    0,     0,     2,      0,       0,        0,        0,         0,        0,         0,   60773.84765625
2574,   6,   1, 1.165061593055725  ,      9,     0,     2,    18,    0,     0,     1,      0,       0,        1,        0,         0,        0,         0,   41269.9140625
2575,   8,   1, 1.165061593055725  ,     14,     0,     2,    30,    1,     0,     3,      1,       1,        1,        0,         0,        0,         1,   70228.9609375
2576,   2,   1, 1.165061593055725  ,      4,     1,     1,    21,    0,     0,     1,      0,       0,        1,        0,         0,        0,         0,  260261.953125
2577,   2,   1, 1.165061593055725  ,     12,     0,     2,    35,    1,     0,     3,      1,       1,        2,        0,         1,        0,         1,   37072.50390625
2578,   5,   1, 1.165061593055725  ,      6,     0,     2,    49,    1,     1,     1,      0,       0,        0,        0,         0,        1,         0,  241270.5
2579,   2,   1, 1.165061593055725  ,      5,     0,     1,    24,    1,     0,     3,      1,       1,        2,        0,         0,        0,         1,  307288.4375
2580,   2,   1, 1.165061593055725  ,      9,     0,     2,    34,    2,     0,     2,      0,       1,        1,        0,         0,        0,         0,  163182.796875
2581,   2,   1, 1.165061593055725  ,      4,     0,     1,    26,    4,     0,     1,      0,       2,        0,        0,         0,        0,         0,  188697.21875
2582,   3,   1, 1.165061593055725  ,      7,     0,     1,    31,    1,     0,     4,      1,       1,        1,        0,         0,        0,         1,  107698.6640625
2583,   2,   1, 1.165061593055725  ,     11,     1,     4,    40,    1,     0,     3,      1,       0,        2,        0,         0,        0,         1,  192672.515625
2584,   2,   1, 1.165061593055725  ,      4,     0,     1,    21,    2,     0,     0,      0,       2,        0,        0,         0,        0,         0,  142611.5
2585,   2,   1, 1.165061593055725  ,      5,     0,     1,    26,    1,     0,     2,      0,       1,        2,        0,         0,        0,         0,  115540.703125
2586,   2,   1, 1.165061593055725  ,      4,     0,     1,    20,    1,     1,     2,      0,       1,        2,        1,         0,        1,         0,  114330.546875
2587,   2,   1, 1.165061593055725  ,      7,     1,     1,    29,    2,     0,     3,      1,       1,        2,        0,         1,        0,         1,  187989.59375
2588,   2,   1, 1.165061593055725  ,      7,     1,     1,    34,    1,     0,     0,      0,       0,        0,        0,         0,        0,         0,  115978.8984375
2589,   2,   1, 1.165061593055725  ,      8,     0,     2,    35,    2,     0,     1,      0,       1,        1,        0,         0,        0,         0,   79437.375
2590,   2,   1, 1.165061593055725  ,     10,     0,     1,    32,    2,     0,     3,      0,       1,        1,        0,         0,        0,         0,   68226.9296875
2591,   2,   1, 1.165061593055725  ,      6,     0,     1,    23,    3,     0,     1,      0,       1,        1,        0,         0,        0,         0,   91666.03125
2592,   2,   1, 1.165061593055725  ,      8,     0,     1,    49,    0,     0,     1,      0,       0,        0,        0,         0,        0,         0,  135875.28125
2593,   3,   1, 1.165061593055725  ,      5,     0,     1,    25,    0,     0,     3,      2,       0,        1,        0,         0,        0,         2,  195286
2594,   9,   1, 1.165061593055725  ,     17,     1,     6,    34,    0,     0,     3,      0,       0,        1,        0,         0,        0,         0,   75342.0625
2595,   2,   1, 1.165061593055725  ,      9,     1,     2,    23,    1,     0,     1,      0,       1,        0,        0,         0,        0,         0,   88509.5078125
2596,   2,   1, 1.165061593055725  ,      2,     0,     1,    26,    1,     0,     0,      0,       0,        0,        0,         0,        0,         0,  215613.890625
2597,   2,   1, 1.165061593055725  ,      4,     0,     2,    45,    1,     0,     0,      0,       0,        0,        0,         0,        0,         0,  125958.5
2598,   2,   1, 1.165061593055725  ,      8,     0,     1,    31,    2,     0,     2,      0,       1,        1,        0,         0,        0,         0,  105746.5
2599,   5,   1, 1.165061593055725  ,     12,     0,     2,    21,    1,     0,     0,      0,       1,        0,        0,         0,        0,         0,  162164.75
2600,   2,   1, 1.165061593055725  ,     11,     1,     2,    37,    0,     0,     1,      0,       0,        1,        0,         0,        0,         0,  119917.546875
2601,   2,   1, 1.165061593055725  ,      5,     0,     2,    20,    1,     0,     0,      0,       1,        0,        0,         0,        0,         0,  116533.078125
2602,   5,   1, 1.165061593055725  ,     10,     1,     3,    30,    0,     0,     1,      0,       0,        0,        0,         0,        0,         0,  259266.546875
2603,   4,   1, 1.165061593055725  ,      6,     0,     3,    19,    1,     0,     0,      0,       1,        0,        0,         0,        0,         0,  139919.921875
2604,   2,   1, 1.165061593055725  ,      4,     0,     1,    34,    0,     0,     2,      0,       0,        1,        0,         0,        0,         0,  304557.0625
2605,   7,   1, 1.165061593055725  ,      5,     0,     1,    20,    0,     0,     1,      0,       0,        1,        0,         0,        0,         0,  150258.15625
2606,   7,   1, 1.165061593055725  ,     12,     1,     1,    22,    2,     0,     0,      0,       2,        0,        0,         0,        0,         0,  125614.9453125
2607,   2,   1, 1.165061593055725  ,     10,     1,     1,    41,    1,     0,     3,      0,       0,        1,        0,         0,        0,         0,   82904.0703125
2608,   4,   1, 1.165061593055725  ,     11,     1,     2,    20,    0,     0,     1,      0,       0,        1,        0,         0,        0,         0,   85474.7578125
2609,   2,   1, 1.165061593055725  ,      5,     0,     1,    43,    3,     0,     0,      0,       1,        0,        0,         0,        0,         0,  139714.0625
2610,   2,   1, 1.165061593055725  ,      3,     1,     1,    45,    0,     0,     1,      0,       0,        0,        0,         0,        0,         0,  223805.046875
2611,   5,   1, 1.165061593055725  ,      8,     1,     2,    37,    2,     0,     0,      0,       1,        0,        0,         0,        0,         0,  133096.265625
2612,   2,   1, 1.165061593055725  ,      5,     1,     1,    29,    2,     0,     0,      0,       1,        0,        0,         0,        0,         0,  314103.875
2613,   5,   1, 1.165061593055725  ,     19,     1,     5,    45,    1,     0,     0,      0,       0,        0,        0,         0,        0,         0,  165447.640625
2614,   2,   1, 1.165061593055725  ,      3,     1,     1,    23,    2,     0,     0,      0,       2,        0,        0,         0,        0,         0,   98976.8125
2615,   2,   1, 1.165061593055725  ,      6,     1,     1,    41,    3,     0,     0,      0,       0,        0,        0,         0,        0,         0,   79669.75
2616,   2,   1, 1.165061593055725  ,      5,     0,     1,    25,    4,     0,     0,      0,       2,        0,        0,         0,        0,         0,   53280.625
2617,   4,   1, 1.165061593055725  ,      7,     0,     1,    23,    1,     0,     0,      0,       1,        0,        0,         0,        0,         0,   92410.3125
2618,   3,   1, 1.165061593055725  ,      8,     0,     1,    49,    1,     0,     1,      0,       1,        0,        0,         0,        0,         0,   92189.0546875
2619,  10,   1, 1.165061593055725  ,     17,     1,     3,    26,    1,     0,     2,      0,       1,        1,        0,         0,        0,         0,   90991.8828125
2620,   2,   1, 1.165061593055725  ,      4,     0,     1,    28,    2,     2,     1,      0,       1,        1,        1,         0,        2,         0,   86002.09375
2621,   2,   1, 1.165061593055725  ,      6,     0,     1,    48,    1,     0,     0,      0,       0,        0,        0,         0,        0,         0,   95012.6484375
2622,   3,   1, 1.165061593055725  ,      6,     0,     1,    22,    0,     0,     1,      0,       0,        1,        0,         0,        0,         0,  114136.9140625
2623,   3,   1, 1.165061593055725  ,      5,     0,     1,    49,    1,     0,     1,      0,       0,        0,        0,         0,        0,         0,  171829.375
2624,   2,   1, 1.165061593055725  ,      9,     1,     2,    28,    1,     0,     3,      1,       1,        1,        0,         1,        0,         1,  146403.09375
2625,   2,   1, 1.165061593055725  ,      6,     0,     1,    30,    1,     0,     2,      0,       0,        1,        0,         0,        0,         0,  115426.75
2626,   2,   1, 1.165061593055725  ,      5,     1,     2,    22,    2,     0,     0,      0,       2,        0,        0,         0,        0,         0,  137230.765625
2627,   2,   1, 1.165061593055725  ,      4,     1,     1,    22,    0,     0,     3,      0,       0,        2,        0,         0,        0,         0,  264511.71875
2628,   1,   1, 1.165061593055725  ,      1,     0,     1,    38,    0,     0,     2,      0,       0,        0,        0,         0,        0,         0,  304091.125
2629,   2,   1, 1.165061593055725  ,      8,     1,     1,    22,    3,     1,     1,      0,       3,        0,        1,         0,        1,         0,   69690.171875
2630,   2,   1, 1.165061593055725  ,      6,     0,     1,    30,    3,     1,     2,      0,       2,        1,        0,         0,        1,         0,   56284.59375
2631,   2,   1, 1.165061593055725  ,      6,     0,     1,    16,    0,     0,     1,      0,       0,        1,        0,         0,        0,         0,   48309.59375
2632,   2,   1, 1.165061593055725  ,      5,     0,     1,    34,    3,     1,     2,      0,       2,        2,        1,         0,        1,         0,   48706.57421875
2633,   2,   1, 1.165061593055725  ,      4,     1,     1,    24,    1,     0,     1,      0,       1,        1,        0,         0,        0,         0,   80251.9296875
2634,   2,   1, 1.165061593055725  ,      6,     1,     1,    30,    1,     1,     5,      1,       0,        3,        0,         1,        1,         1,   88542.5
2635,   2,   1, 1.165061593055725  ,      6,     1,     1,    33,    0,     0,     1,      0,       0,        1,        0,         0,        0,         0,   78763.578125
2636,   7,   1, 1.165061593055725  ,     11,     1,     3,    34,    3,     0,     1,      0,       1,        1,        0,         0,        0,         0,  125165.28125
2637,   2,   1, 1.165061593055725  ,      5,     0,     1,    42,    1,     1,     0,      0,       0,        0,        0,         0,        1,         0,  159783.359375
2638,   2,   1, 1.165061593055725  ,      6,     0,     1,    24,    0,     0,     2,      0,       0,        1,        0,         0,        0,         0,   80927.9453125
2639,   2,   1, 1.165061593055725  ,      8,     0,     2,    21,    4,     2,     0,      0,       3,        0,        2,         0,        2,         0,   52145.8984375
2640,   2,   1, 1.165061593055725  ,     13,     1,     1,    31,    2,     0,     3,      0,       0,        3,        0,         0,        0,         0,   52163.3203125
2641,   2,   1, 1.165061593055725  ,      7,     0,     1,    30,    3,     1,     2,      0,       0,        2,        0,         0,        1,         0,   50915.84375
2642,   2,   1, 1.165061593055725  ,      5,     0,     2,    19,    0,     0,     1,      0,       0,        1,        0,         0,        0,         0,   75466.578125
2643,   8,   1, 1.165061593055725  ,     10,     0,     2,    24,    1,     0,     3,      2,       0,        1,        0,         0,        0,         2,  151103.53125
2644,   2,   1, 1.165061593055725  ,      5,     1,     1,    26,    3,     2,     2,      0,       2,        1,        1,         0,        2,         0,  110813.75
2645,   2,   1, 1.165061593055725  ,     13,     0,     3,    22,    2,     0,     0,      0,       2,        0,        0,         0,        0,         0,   62551.83984375
2646,   2,   1, 1.165061593055725  ,      5,     0,     1,    21,    2,     0,     1,      0,       2,        0,        0,         0,        0,         0,   43676.4453125
2647,   5,   1, 1.165061593055725  ,     11,     0,     3,    30,    1,     0,     0,      0,       0,        0,        0,         0,        0,         0,  111584.5
2648,   2,   1, 1.165061593055725  ,     11,     1,     1,    32,    3,     1,     2,      0,       1,        2,        0,         0,        1,         0,  114090.0078125
2649,   2,   1, 1.165061593055725  ,      9,     0,     2,    32,    3,     1,     1,      0,       1,        1,        0,         0,        1,         0,   52672.9609375
2650,   8,   1, 1.165061593055725  ,     10,     0,     2,    21,    3,     0,     0,      0,       3,        0,        0,         0,        0,         0,  101991.2421875
2651,   2,   1, 1.165061593055725  ,      7,     1,     1,    32,    1,     0,     2,      0,       1,        1,        0,         0,        0,         0,   67679.15625
2652,   2,   1, 1.165061593055725  ,      4,     0,     1,    49,    1,     1,     1,      0,       0,        0,        0,         0,        1,         0,  176370.0625
2653,   2,   1, 1.165061593055725  ,     12,     1,     2,    33,    1,     0,     1,      0,       1,        0,        0,         0,        0,         0,   55447.37109375
2654,   2,   1, 1.165061593055725  ,      6,     1,     1,    26,    2,     0,     1,      0,       1,        1,        0,         0,        0,         0,   99328.3515625
2655,   2,   1, 1.165061593055725  ,      7,     1,     1,    25,    2,     0,     3,      0,       1,        1,        0,         0,        0,         0,   38119.69921875
2656,   2,   1, 1.165061593055725  ,      4,     1,     1,    25,    1,     0,     1,      0,       1,        1,        0,         0,        0,         0,  160940.0625
2657,   2,   1, 1.165061593055725  ,      2,     0,     1,    22,    2,     0,     0,      0,       2,        0,        0,         0,        0,         0,  347786.6875
2658,   2,   1, 1.165061593055725  ,      5,     0,     1,    27,    3,     0,     2,      0,       1,        1,        0,         0,        0,         0,   86205.359375
2659,   2,   1, 1.165061593055725  ,      4,     1,     1,    23,    1,     0,     2,      1,       1,        1,        0,         1,        0,         1,   75098.765625
2660,   2,   1, 1.165061593055725  ,     10,     0,     2,    35,    2,     0,     2,      0,       2,        0,        0,         0,        0,         0,   56088.6015625
2661,   2,   1, 1.165061593055725  ,      5,     0,     1,    23,    3,     0,     0,      0,       2,        0,        0,         0,        0,         0,   91927
2662,   7,   1, 1.165061593055725  ,     12,     0,     2,    36,    4,     1,     1,      0,       2,        1,        1,         0,        1,         0,   82724.125
2663,   2,   1, 1.165061593055725  ,      3,     0,     1,    17,    1,     0,     0,      0,       1,        0,        0,         0,        0,         0,  172328.890625
2664,   2,   1, 1.165061593055725  ,      6,     0,     2,    45,    0,     0,     1,      0,       0,        1,        0,         0,        0,         0,  234227.546875
2665,   2,   1, 1.165061593055725  ,      6,     0,     1,    36,    1,     0,     3,      0,       0,        2,        0,         0,        0,         0,  101212.7421875
2666,   9,   1, 1.165061593055725  ,     13,     0,     3,    28,    2,     0,     2,      0,       1,        1,        0,         0,        0,         0,  116638.90625
2667,   2,   1, 1.165061593055725  ,      3,     1,     1,    24,    1,     0,     0,      0,       1,        0,        0,         0,        0,         0,   95561.9375
2668,   2,   1, 1.165061593055725  ,     11,     1,     2,    48,    1,     0,     0,      0,       0,        0,        0,         0,        0,         0,   83248.515625
2669,   2,   1, 1.165061593055725  ,      4,     1,     1,    25,    1,     0,     4,      0,       0,        2,        0,         0,        0,         0,  154867.1875
2670,   2,   1, 1.165061593055725  ,     15,     1,     3,    27,    2,     0,     0,      0,       2,        0,        0,         0,        0,         0,  107194.4921875
2671,   2,   1, 1.165061593055725  ,      6,     0,     1,    26,    4,     1,     1,      0,       2,        0,        1,         0,        1,         0,   66185.0859375
2672,   2,   1, 1.165061593055725  ,      9,     0,     1,    28,    2,     0,     4,      0,       0,        3,        0,         0,        0,         0,   62386.35546875
2673,   3,   1, 1.165061593055725  ,      9,     0,     2,    21,    1,     0,     1,      0,       0,        1,        0,         0,        0,         0,  100971.921875
2674,   2,   1, 1.165061593055725  ,      3,     1,     1,    21,    3,     1,     2,      0,       3,        1,        1,         0,        1,         0,  114227.875
2675,   6,   1, 1.165061593055725  ,     13,     0,     3,    44,    2,     0,     1,      0,       0,        0,        0,         0,        0,         0,   45186.03515625
2676,   2,   1, 1.165061593055725  ,      4,     0,     2,    38,    0,     0,     1,      0,       0,        0,        0,         0,        0,         0,   81297.4609375
2677,   2,   1, 1.165061593055725  ,      6,     0,     1,    21,    1,     0,     2,      0,       0,        2,        0,         0,        0,         0,  106563.0859375
2678,   2,   1, 1.165061593055725  ,      3,     0,     1,    27,    0,     0,     1,      0,       0,        1,        0,         0,        0,         0,   37034.16015625
2679,   2,   1, 1.165061593055725  ,      3,     0,     1,    23,    0,     0,     1,      1,       0,        0,        0,         0,        0,         1,  153449.03125
2680,   2,   1, 1.165061593055725  ,      7,     0,     1,    31,    3,     1,     1,      0,       1,        1,        0,         0,        1,         0,   93826.3828125
2681,   2,   1, 1.165061593055725  ,      3,     0,     1,    20,    0,     0,     2,      0,       0,        2,        0,         0,        0,         0,   74576.9765625
2682,   2,   1, 1.165061593055725  ,      4,     0,     1,    40,    3,     1,     1,      1,       1,        1,        0,         1,        1,         1,   50582.46875
2683,   3,   1, 1.165061593055725  ,      9,     0,     3,    20,    1,     0,     0,      0,       1,        0,        0,         0,        0,         0,   91181.828125
2684,   2,   1, 1.165061593055725  ,      5,     0,     1,    40,    2,     1,     1,      1,       1,        0,        0,         0,        1,         1,   48950.2734375
2685,   5,   1, 1.165061593055725  ,      6,     0,     2,    26,    0,     0,     1,      0,       0,        0,        0,         0,        0,         0,  150520.390625
2686,   2,   1, 1.165061593055725  ,      7,     0,     2,    19,    1,     0,     0,      0,       1,        0,        0,         0,        0,         0,   27697.25390625
2687,   5,   1, 1.165061593055725  ,      6,     1,     2,    26,    2,     0,     0,      0,       0,        0,        0,         0,        0,         0,   66728.359375
2688,   2,   1, 1.165061593055725  ,      4,     0,     1,    23,    2,     1,     2,      0,       0,        2,        0,         0,        1,         0,  114557.3828125
2689,   2,   1, 1.165061593055725  ,      6,     0,     1,    40,    1,     0,     3,      0,       0,        2,        0,         0,        0,         0,   76077.8125
2690,   2,   1, 1.165061593055725  ,      9,     1,     1,    24,    4,     0,     0,      0,       1,        0,        0,         0,        0,         0,  108615.6796875
2691,   3,   1, 1.165061593055725  ,      5,     0,     2,    33,    0,     0,     2,      0,       0,        0,        0,         0,        0,         0,  119880.0234375
2692,   2,   1, 1.165061593055725  ,      9,     1,     2,    26,    3,     0,     2,      0,       2,        0,        0,         0,        0,         0,   83051.8515625
2693,   3,   1, 1.165061593055725  ,      5,     0,     2,    22,    0,     0,     2,      0,       0,        1,        0,         0,        0,         0,   81762.4140625
2694,   2,   1, 1.165061593055725  ,      7,     1,     1,    33,    1,     0,     3,      0,       0,        2,        0,         0,        0,         0,  210584.84375
2695,   2,   1, 1.165061593055725  ,      8,     0,     1,    39,    3,     0,     0,      0,       1,        0,        0,         0,        0,         0,  188987.75
2696,   2,   1, 1.165061593055725  ,      6,     0,     1,    30,    2,     0,     2,      0,       1,        1,        0,         0,        0,         0,   60631.23046875
2697,   2,   1, 1.165061593055725  ,      4,     1,     1,    27,    0,     0,     1,      0,       0,        1,        0,         0,        0,         0,  466966.5625
2698,   2,   1, 1.165061593055725  ,      6,     0,     1,    22,    0,     0,     2,      0,       0,        1,        0,         0,        0,         0,   82246.765625
2699,   2,   1, 1.165061593055725  ,      5,     0,     1,    26,    3,     0,     0,      0,       2,        0,        0,         0,        0,         0,   83352.390625
2700,   2,   1, 1.165061593055725  ,      7,     0,     2,    45,    0,     0,     1,      0,       0,        0,        0,         0,        0,         0,  163938.46875
2701,   2,   1, 1.165061593055725  ,      6,     0,     1,    44,    0,     0,     2,      0,       0,        1,        0,         0,        0,         0,   98879.7890625
2702,   3,   1, 1.165061593055725  ,      4,     0,     2,    16,    0,     0,     1,      0,       0,        1,        0,         0,        0,         0,  103030.5625
2703,   2,   1, 1.165061593055725  ,      3,     0,     1,    29,    1,     0,     0,      0,       1,        0,        0,         0,        0,         0,   79673.21875
2704,   2,   1, 1.165061593055725  ,      6,     1,     1,    31,    0,     0,     2,      0,       0,        2,        0,         0,        0,         0,  212365.421875
2705,   2,   1, 1.165061593055725  ,      4,     1,     1,    28,    2,     0,     1,      0,       2,        0,        0,         0,        0,         0,   71237.5078125
2706,   2,   1, 1.165061593055725  ,      4,     0,     1,    38,    1,     0,     1,      1,       1,        0,        0,         0,        0,         1,  219413.328125
2707,   2,   1, 1.165061593055725  ,      5,     0,     1,    18,    1,     0,     0,      0,       1,        0,        0,         0,        0,         0,   70336.25
